,Unnamed: 0,act_symbol,sector
0,0,A,LABORATORY ANALYTICAL INSTRUMENTS
1,1,AACG,SERVICES-EDUCATIONAL SERVICES
2,2,AAIC,REAL ESTATE INVESTMENT TRUSTS
3,3,AAME,LIFE INSURANCE
4,4,AAON,AIR COND &amp; WARM AIR HEATING EQUIP &amp; COMM &amp; INDL REFRIG EQUIP
5,5,AAP,RETAIL-AUTO &amp; HOME SUPPLY STORES
6,6,AAPL,ELECTRONIC COMPUTERS
7,7,AAU,METAL MINING
8,8,AAWW,"AIR TRANSPORTATION, NONSCHEDULED"
9,9,AB,INVESTMENT ADVICE
10,10,ABB,SWITCHGEAR &amp; SWITCHBOARD APPARATUS
11,11,ABC,WHOLESALE-DRUGS PROPRIETARIES &amp; DRUGGISTS&#39; SUNDRIES
12,12,ABCB,STATE COMMERCIAL BANKS
13,13,ABEO,PHARMACEUTICAL PREPARATIONS
14,14,ABG,RETAIL-AUTO DEALERS &amp; GASOLINE STATIONS
15,15,ABIO,PHARMACEUTICAL PREPARATIONS
16,16,ABM,SERVICES-TO DWELLINGS &amp; OTHER BUILDINGS
17,17,ABMD,SURGICAL &amp; MEDICAL INSTRUMENTS &amp; APPARATUS
18,18,ABR,REAL ESTATE INVESTMENT TRUSTS
19,19,ABT,PHARMACEUTICAL PREPARATIONS
20,20,ABUS,PHARMACEUTICAL PREPARATIONS
21,21,ACAD,PHARMACEUTICAL PREPARATIONS
22,22,ACC,Real Estate Investment Trusts
23,23,ACCO,"BLANKBOOKS, LOOSELEAF BINDERS &amp; BOOKBINDING &amp; RELATED WORK"
24,24,ACER,PHARMACEUTICAL PREPARATIONS
25,25,ACGL,"FIRE, MARINE &amp; CASUALTY INSURANCE"
26,26,ACH,PRIMARY PRODUCTION OF ALUMINUM
27,27,ACHV,IN VITRO &amp; IN VIVO DIAGNOSTIC SUBSTANCES
28,28,ACIW,SERVICES-PREPACKAGED SOFTWARE
29,29,ACLS,"SPECIAL INDUSTRY MACHINERY, NEC"
30,30,ACM,SERVICES-ENGINEERING SERVICES
31,31,ACN,"SERVICES-BUSINESS SERVICES, NEC"
32,32,ACNB,STATE COMMERCIAL BANKS
33,33,ACOR,BIOLOGICAL PRODUCTS (NO DIAGNOSTIC SUBSTANCES)
34,34,ACR,REAL ESTATE INVESTMENT TRUSTS
35,35,ACTG,PATENT OWNERS &amp; LESSORS
36,36,ACU,"CUTLERY, HANDTOOLS &amp; GENERAL HARDWARE"
37,37,ACY,Services-Motion Picture & Video Tape Production
38,38,ADBE,SERVICES-PREPACKAGED SOFTWARE
39,39,ADC,REAL ESTATE INVESTMENT TRUSTS
40,40,ADES,MISCELLANEOUS CHEMICAL PRODUCTS
41,41,ADI,SEMICONDUCTORS &amp; RELATED DEVICES
42,42,ADM,FATS &amp; OILS
43,43,ADMP,PHARMACEUTICAL PREPARATIONS
44,44,ADP,SERVICES-COMPUTER PROCESSING &amp; DATA PREPARATION
45,45,ADS,Personal Credit Institutions
46,46,ADSK,SERVICES-PREPACKAGED SOFTWARE
47,47,ADTN,TELEPHONE &amp; TELEGRAPH APPARATUS
48,48,ADUS,SERVICES-HOME HEALTH CARE SERVICES
49,49,ADX,Financial Services
50,50,ADXS,PHARMACEUTICAL PREPARATIONS
51,51,AE,WHOLESALE-PETROLEUM &amp; PETROLEUM PRODUCTS (NO BULK STATIONS)
52,52,AEB,Life Insurance
53,53,AEE,ELECTRIC &amp; OTHER SERVICES COMBINED
54,54,AEF,Financial Services
55,55,AEG,LIFE INSURANCE
56,56,AEGN,"Water, Sewer, Pipeline, Comm & Power Line Construction"
57,57,AEHL,"COMMUNICATION SERVICES, NEC"
58,58,AEHR,INSTRUMENTS FOR MEAS &amp; TESTING OF ELECTRICITY &amp; ELEC SIGNALS
59,59,AEIS,"ELECTRONIC COMPONENTS, NEC"
60,60,AEL,LIFE INSURANCE
61,61,AEM,GOLD &amp; SILVER ORES
62,62,AEMD,SURGICAL &amp; MEDICAL INSTRUMENTS &amp; APPARATUS
63,63,AEO,RETAIL-FAMILY CLOTHING STORES
64,64,AEP,ELECTRIC SERVICES
65,65,AER,"SERVICES-EQUIPMENT RENTAL &amp; LEASING, NEC"
66,66,AES,COGENERATION SERVICES &amp; SMALL POWER PRODUCERS
67,67,AEY,WHOLESALE-DURABLE GOODS
68,68,AEZS,"PERFUMES, COSMETICS &amp; OTHER TOILET PREPARATIONS"
69,69,AFB,Financial Services
70,70,AFG,"FIRE, MARINE &amp; CASUALTY INSURANCE"
71,71,AFL,ACCIDENT &amp; HEALTH INSURANCE
72,72,AG,GOLD &amp; SILVER ORES
73,73,AGCO,FARM MACHINERY &amp; EQUIPMENT
74,74,AGD,Financial Services
75,75,AGEN,BIOLOGICAL PRODUCTS (NO DIAGNOSTIC SUBSTANCES)
76,76,AGM,FEDERAL &amp; FEDERALLY-SPONSORED CREDIT AGENCIES
77,77,AGNC,REAL ESTATE INVESTMENT TRUSTS
78,78,AGO,SURETY INSURANCE
79,79,AGX,CONSTRUCTION SPECIAL TRADE CONTRACTORS
80,80,AGYS,SERVICES-COMPUTER INTEGRATED SYSTEMS DESIGN
81,81,AHC,Newspapers: Publishing or  Publishing & Printing
82,82,AHPI,"ORTHOPEDIC, PROSTHETIC &amp; SURGICAL APPLIANCES &amp; SUPPLIES"
83,83,AHT,REAL ESTATE INVESTMENT TRUSTS
84,84,AIG,"FIRE, MARINE &amp; CASUALTY INSURANCE"
85,85,AIKI,"SECURITY BROKERS, DEALERS &amp; FLOTATION COMPANIES"
86,86,AIM,BIOLOGICAL PRODUCTS (NO DIAGNOSTIC SUBSTANCES)
87,87,AIMC,"GENERAL INDUSTRIAL MACHINERY &amp; EQUIPMENT, NEC"
88,88,AIN,"BROADWOVEN FABRIC MILS, MAN MADE FIBER &amp; SILK"
89,89,AINV,Hotels & Motels
90,90,AIR,AIRCRAFT &amp; PARTS
91,91,AIRI,"AIRCRAFT PART &amp; AUXILIARY EQUIPMENT, NEC"
92,92,AIRT,AIR COURIER SERVICES
93,93,AIT,"WHOLESALE-MACHINERY, EQUIPMENT &amp; SUPPLIES"
94,94,AIV,REAL ESTATE INVESTMENT TRUSTS
95,95,AIZ,"INSURANCE CARRIERS, NEC"
96,96,AJG,INSURANCE AGENTS BROKERS &amp; SERVICES
97,97,AJRD,GUIDED MISSILES &amp; SPACE VEHICLES &amp; PARTS
98,98,AKAM,"SERVICES-BUSINESS SERVICES, NEC"
99,99,AKO.A,Bottled & Canned Soft Drinks & Carbonated Waters
100,100,AKO.B,Bottled & Canned Soft Drinks & Carbonated Waters
101,101,AKR,REAL ESTATE INVESTMENT TRUSTS
102,102,ALB,"PLASTICS, MATERIALS, SYNTH RESINS &amp; NONVULCAN ELASTOMERS"
103,103,ALBO,PHARMACEUTICAL PREPARATIONS
104,104,ALCO,AGRICULTURE PRODUCTION - CROPS
105,105,ALE,ELECTRIC &amp; OTHER SERVICES COMBINED
106,106,ALG,FARM MACHINERY &amp; EQUIPMENT
107,107,ALGN,"ORTHOPEDIC, PROSTHETIC &amp; SURGICAL APPLIANCES &amp; SUPPLIES"
108,108,ALGT,"AIR TRANSPORTATION, SCHEDULED"
109,109,ALIM,PHARMACEUTICAL PREPARATIONS
110,110,ALJJ,"SERVICES-BUSINESS SERVICES, NEC"
111,111,ALK,"AIR TRANSPORTATION, SCHEDULED"
112,112,ALKS,PHARMACEUTICAL PREPARATIONS
113,113,ALL,"FIRE, MARINE &amp; CASUALTY INSURANCE"
114,114,ALLT,COMPUTER COMMUNICATIONS EQUIPMENT
115,115,ALNY,PHARMACEUTICAL PREPARATIONS
116,116,ALOT,"COMPUTER PERIPHERAL EQUIPMENT, NEC"
117,117,ALRS,NATIONAL COMMERCIAL BANKS
118,118,ALSK,Telephone Communications (No Radiotelephone)
119,119,ALT,PHARMACEUTICAL PREPARATIONS
120,120,ALV,MOTOR VEHICLE PARTS &amp; ACCESSORIES
121,121,ALX,REAL ESTATE INVESTMENT TRUSTS
122,122,ALXN,Pharmaceutical Preparations
123,123,AMAT,SEMICONDUCTORS &amp; RELATED DEVICES
124,124,AMBC,SURETY INSURANCE
125,125,AMBO,SERVICES-EDUCATIONAL SERVICES
126,126,AMD,SEMICONDUCTORS &amp; RELATED DEVICES
127,127,AME,"INDUSTRIAL INSTRUMENTS FOR MEASUREMENT, DISPLAY, AND CONTROL"
128,128,AMED,SERVICES-HOME HEALTH CARE SERVICES
129,129,AMEH,SERVICES-MANAGEMENT CONSULTING SERVICES
130,130,AMG,INVESTMENT ADVICE
131,131,AMGN,BIOLOGICAL PRODUCTS (NO DIAGNOSTIC SUBSTANCES)
132,132,AMJ,NATIONAL COMMERCIAL BANKS
133,133,AMKR,SEMICONDUCTORS &amp; RELATED DEVICES
134,134,AMN,SERVICES-HELP SUPPLY SERVICES
135,135,AMNB,NATIONAL COMMERCIAL BANKS
136,136,AMOT,INSTRUMENTS FOR MEAS &amp; TESTING OF ELECTRICITY &amp; ELEC SIGNALS
137,137,AMOV,TELEPHONE COMMUNICATIONS (NO RADIO TELEPHONE)
138,138,AMP,INVESTMENT ADVICE
139,139,AMPE,PHARMACEUTICAL PREPARATIONS
140,140,AMRB,State Commercial Banks
141,141,AMRC,CONSTRUCTION SPECIAL TRADE CONTRACTORS
142,142,AMRH,Pharmaceutical Preparations
143,143,AMRN,PHARMACEUTICAL PREPARATIONS
144,144,AMRS,INDUSTRIAL ORGANIC CHEMICALS
145,145,AMS,SERVICES-MEDICAL LABORATORIES
146,146,AMSC,MOTORS &amp; GENERATORS
147,147,AMSF,"FIRE, MARINE &amp; CASUALTY INSURANCE"
148,148,AMSWA,SERVICES-PREPACKAGED SOFTWARE
149,149,AMTX,INDUSTRIAL ORGANIC CHEMICALS
150,150,AMWD,"MILLWOOD, VENEER, PLYWOOD &amp; STRUCTURAL WOOD MEMBERS"
151,151,AMX,TELEPHONE COMMUNICATIONS (NO RADIO TELEPHONE)
152,152,AMZN,RETAIL-CATALOG &amp; MAIL-ORDER HOUSES
153,153,AN,RETAIL-AUTO DEALERS &amp; GASOLINE STATIONS
154,154,ANDE,WHOLESALE-FARM PRODUCT RAW MATERIALS
155,155,ANF,RETAIL-FAMILY CLOTHING STORES
156,156,ANGO,SURGICAL &amp; MEDICAL INSTRUMENTS &amp; APPARATUS
157,157,ANH,Real Estate Investment Trusts
158,158,ANIK,SURGICAL &amp; MEDICAL INSTRUMENTS &amp; APPARATUS
159,159,ANIP,PHARMACEUTICAL PREPARATIONS
160,160,ANIX,PHARMACEUTICAL PREPARATIONS
161,161,ANSS,SERVICES-PREPACKAGED SOFTWARE
162,162,ANTE,SERVICES-ADVERTISING AGENCIES
163,163,ANTM,Hospital & Medical Service Plans
164,164,AOD,Financial Services
165,165,AOS,HOUSEHOLD APPLIANCES
166,166,AOSL,SEMICONDUCTORS &amp; RELATED DEVICES
167,167,AP,PUMPS &amp; PUMPING EQUIPMENT
168,168,APA,CRUDE PETROLEUM &amp; NATURAL GAS
169,169,APCX,SERVICES-PREPACKAGED SOFTWARE
170,170,APD,INDUSTRIAL INORGANIC CHEMICALS
171,171,APDN,SERVICES-TESTING LABORATORIES
172,172,APEI,SERVICES-EDUCATIONAL SERVICES
173,173,APEN,SURGICAL &amp; MEDICAL INSTRUMENTS &amp; APPARATUS
174,174,APH,ELECTRONIC CONNECTORS
175,175,APOG,"GLASS PRODUCTS, MADE OF PURCHASED GLASS"
176,176,APPS,PATENT OWNERS &amp; LESSORS
177,177,APT,"ORTHOPEDIC, PROSTHETIC &amp; SURGICAL APPLIANCES &amp; SUPPLIES"
178,178,APWC,DRAWING AND INSULATING NONFERROUS WIRE
179,179,APYX,SURGICAL &amp; MEDICAL INSTRUMENTS &amp; APPARATUS
180,180,AQN,ELECTRIC SERVICES
181,181,ARAY,SURGICAL &amp; MEDICAL INSTRUMENTS &amp; APPARATUS
182,182,ARC,"SERVICES-MAILING, REPRODUCTION, COMMERCIAL ART &amp; PHOTOGRAPHY"
183,183,ARCB,TRUCKING (NO LOCAL)
184,184,ARCC,Financial Services
185,185,ARE,REAL ESTATE INVESTMENT TRUSTS
186,186,ARGO,TITLE INSURANCE
187,187,ARI,REAL ESTATE INVESTMENT TRUSTS
188,188,ARKR,RETAIL-EATING PLACES
189,189,ARL,REAL ESTATE OPERATORS (NO DEVELOPERS) &amp; LESSORS
190,190,ARLP,BITUMINOUS COAL &amp; LIGNITE SURFACE MINING
191,191,ARMP,BIOLOGICAL PRODUCTS (NO DIAGNOSTIC SUBSTANCES)
192,192,ARNA,Pharmaceutical Preparations
193,193,AROC,NATURAL GAS TRANSMISSION
194,194,AROW,NATIONAL COMMERCIAL BANKS
195,195,ARR,REAL ESTATE INVESTMENT TRUSTS
196,196,ARTNA,WATER SUPPLY
197,197,ARTW,FARM MACHINERY &amp; EQUIPMENT
198,198,ARW,"WHOLESALE-ELECTRONIC PARTS &amp; EQUIPMENT, NEC"
199,199,ARWR,PHARMACEUTICAL PREPARATIONS
200,200,ASA,Gold and Silver Ores
201,201,ASB,STATE COMMERCIAL BANKS
202,202,ASG,Crude Petroleum & Natural Gas
203,203,ASGN,SERVICES-HELP SUPPLY SERVICES
204,204,ASM,METAL MINING
205,205,ASMB,PHARMACEUTICAL PREPARATIONS
206,206,ASML,"SPECIAL INDUSTRY MACHINERY, NEC"
207,207,ASPS,SERVICES-MISCELLANEOUS BUSINESS SERVICES
208,208,ASR,"AIRPORTS, FLYING FIELDS &amp; AIRPORT TERMINAL SERVICES"
209,209,ASRV,NATIONAL COMMERCIAL BANKS
210,210,ASRVP,National Commercial Banks
211,211,ASTC,LABORATORY ANALYTICAL INSTRUMENTS
212,212,ASTE,CONSTRUCTION MACHINERY &amp; EQUIP
213,213,ASUR,SERVICES-COMPUTER INTEGRATED SYSTEMS DESIGN
214,214,ASYS,"SPECIAL INDUSTRY MACHINERY, NEC"
215,215,AT,"Electric, Gas & Sanitary Services"
216,216,ATAX,FINANCE SERVICES
217,217,ATEC,SURGICAL &amp; MEDICAL INSTRUMENTS &amp; APPARATUS
218,218,ATGE,SERVICES-EDUCATIONAL SERVICES
219,219,ATHE,PHARMACEUTICAL PREPARATIONS
220,220,ATHX,PHARMACEUTICAL PREPARATIONS
221,221,ATI,STEEL PIPE &amp; TUBES
222,222,ATLC,PERSONAL CREDIT INSTITUTIONS
223,223,ATLO,NATIONAL COMMERCIAL BANKS
224,224,ATNI,TELEPHONE COMMUNICATIONS (NO RADIO TELEPHONE)
225,225,ATO,NATURAL GAS DISTRIBUTION
226,226,ATR,"PLASTICS PRODUCTS, NEC"
227,227,ATRC,SURGICAL &amp; MEDICAL INSTRUMENTS &amp; APPARATUS
228,228,ATRI,SURGICAL &amp; MEDICAL INSTRUMENTS &amp; APPARATUS
229,229,ATRO,"AIRCRAFT PART &amp; AUXILIARY EQUIPMENT, NEC"
230,230,ATRS,Surgical & Medical Instruments & Apparatus
231,231,ATSG,AIR COURIER SERVICES
232,232,ATV,Retail-Miscellaneous Retail
233,233,ATVI,SERVICES-PREPACKAGED SOFTWARE
234,234,AU,GOLD &amp; SILVER ORES
235,235,AUB,STATE COMMERCIAL BANKS
236,236,AUBN,STATE COMMERCIAL BANKS
237,237,AUDC,TELEPHONE &amp; TELEGRAPH APPARATUS
238,238,AUMN,GOLD &amp; SILVER ORES
239,239,AUTO,"SERVICES-COMPUTER PROGRAMMING, DATA PROCESSING, ETC."
240,240,AUY,GOLD &amp; SILVER ORES
241,241,AVA,ELECTRIC &amp; OTHER SERVICES COMBINED
242,242,AVAV,AIRCRAFT
243,243,AVB,REAL ESTATE INVESTMENT TRUSTS
244,244,AVD,AGRICULTURE CHEMICALS
245,245,AVDL,PHARMACEUTICAL PREPARATIONS
246,246,AVEO,PHARMACEUTICAL PREPARATIONS
247,247,AVGO,SEMICONDUCTORS &amp; RELATED DEVICES
248,248,AVID,SERVICES-PREPACKAGED SOFTWARE
249,249,AVK,Radio Broadcasting Stations
250,250,AVNT,"PLASTICS, MATERIALS, SYNTH RESINS &amp; NONVULCAN ELASTOMERS"
251,251,AVNW,RADIO &amp; TV BROADCASTING &amp; COMMUNICATIONS EQUIPMENT
252,252,AVT,"WHOLESALE-ELECTRONIC PARTS &amp; EQUIPMENT, NEC"
253,253,AVXL,BIOLOGICAL PRODUCTS (NO DIAGNOSTIC SUBSTANCES)
254,254,AVY,CONVERTED PAPER &amp; PAPERBOARD PRODS (NO CONTAINERS/BOXES)
255,255,AWF,Financial Services
256,256,AWH,IN VITRO &amp; IN VIVO DIAGNOSTIC SUBSTANCES
257,257,AWI,"PLASTICS PRODUCTS, NEC"
258,258,AWK,WATER SUPPLY
259,259,AWP,Financial Services
260,260,AWR,WATER SUPPLY
261,261,AWRE,SERVICES-PREPACKAGED SOFTWARE
262,262,AWX,REFUSE SYSTEMS
263,263,AX,"SAVINGS INSTITUTION, FEDERALLY CHARTERED"
264,264,AXAS,CRUDE PETROLEUM &amp; NATURAL GAS
265,265,AXDX,LABORATORY ANALYTICAL INSTRUMENTS
266,266,AXGN,ELECTROMEDICAL &amp; ELECTROTHERAPEUTIC APPARATUS
267,267,AXL,MOTOR VEHICLE PARTS &amp; ACCESSORIES
268,268,AXON,"ORDNANCE &amp; ACCESSORIES, (NO VEHICLES/GUIDED MISSILES)"
269,269,AXP,FINANCE SERVICES
270,270,AXR,LAND SUBDIVIDERS &amp; DEVELOPERS (NO CEMETERIES)
271,271,AXS,"FIRE, MARINE &amp; CASUALTY INSURANCE"
272,272,AXTI,SEMICONDUCTORS &amp; RELATED DEVICES
273,273,AXU,GOLD &amp; SILVER ORES
274,274,AYI,ELECTRIC LIGHTING &amp; WIRING EQUIPMENT
275,275,AYRO,"COMMUNICATION SERVICES, NEC"
276,276,AYTU,PHARMACEUTICAL PREPARATIONS
277,277,AZN,PHARMACEUTICAL PREPARATIONS
278,278,AZO,RETAIL-AUTO &amp; HOME SUPPLY STORES
279,279,AZPN,SERVICES-COMPUTER PROGRAMMING SERVICES
280,280,AZTA,"SPECIAL INDUSTRY MACHINERY, NEC"
281,281,AZZ,"COATING, ENGRAVING &amp; ALLIED SERVICES"
282,282,B,MISCELLANEOUS FABRICATED METAL PRODUCTS
283,283,BA,AIRCRAFT
284,284,BAC,NATIONAL COMMERCIAL BANKS
285,285,BAF,Investment Offices / Funds
286,286,BAH,SERVICES-MANAGEMENT CONSULTING SERVICES
287,287,BAK,INDUSTRIAL ORGANIC CHEMICALS
288,288,BAM,OPERATORS OF NONRESIDENTIAL BUILDINGS
289,289,BANC,NATIONAL COMMERCIAL BANKS
290,290,BANF,NATIONAL COMMERCIAL BANKS
291,291,BANR,STATE COMMERCIAL BANKS
292,292,BAP,"COMMERCIAL BANKS, NEC"
293,293,BASI,"SERVICES-COMPUTER PROGRAMMING, DATA PROCESSING, ETC."
294,294,BAX,SURGICAL &amp; MEDICAL INSTRUMENTS &amp; APPARATUS
295,295,BB,SERVICES-PREPACKAGED SOFTWARE
296,296,BBAR,"COMMERCIAL BANKS, NEC"
297,297,BBBY,"RETAIL-HOME FURNITURE, FURNISHINGS &amp; EQUIPMENT STORES"
298,298,BBD,STATE COMMERCIAL BANKS
299,299,BBDC,Financial Services
300,300,BBF,Investment Offices / Funds
301,301,BBGI,RADIO BROADCASTING STATIONS
302,302,BBI,BIOLOGICAL PRODUCTS (NO DIAGNOSTIC SUBSTANCES)
303,303,BBK,Investment Offices / Funds
304,304,BBL,Metal Mining
305,305,BBN,Financial Services
306,306,BBSI,SERVICES-HELP SUPPLY SERVICES
307,307,BBVA,"COMMERCIAL BANKS, NEC"
308,308,BBW,"RETAIL-HOBBY, TOY &amp; GAME SHOPS"
309,309,BBWI,"RETAIL-RETAIL STORES, NEC"
310,310,BBY,RETAIL-RADIO TV &amp; CONSUMER ELECTRONICS STORES
311,311,BC,ENGINES &amp; TURBINES
312,312,BCBP,"SAVINGS INSTITUTION, FEDERALLY CHARTERED"
313,313,BCE,TELEPHONE COMMUNICATIONS (NO RADIO TELEPHONE)
314,314,BCH,"COMMERCIAL BANKS, NEC"
315,315,BCLI,BIOLOGICAL PRODUCTS (NO DIAGNOSTIC SUBSTANCES)
316,316,BCO,ARRANGEMENT OF TRANSPORTATION OF FREIGHT &amp; CARGO
317,317,BCPC,CHEMICALS &amp; ALLIED PRODUCTS
318,318,BCRX,BIOLOGICAL PRODUCTS (NO DIAGNOSTIC SUBSTANCES)
319,319,BCS,"COMMERCIAL BANKS, NEC"
320,320,BCV,Financial Services
321,321,BDC,DRAWING AND INSULATING NONFERROUS WIRE
322,322,BDGE,National Commercial Banks
323,323,BDJ,Financial Services
324,324,BDN,REAL ESTATE INVESTMENT TRUSTS
325,325,BDR,Radio & Tv Broadcasting & Communications Equipment
326,326,BDSI,PHARMACEUTICAL PREPARATIONS
327,327,BDX,SURGICAL &amp; MEDICAL INSTRUMENTS &amp; APPARATUS
328,328,BEAT,SURGICAL &amp; MEDICAL INSTRUMENTS &amp; APPARATUS
329,329,BECN,WHOLESALE-LUMBER &amp; OTHER CONSTRUCTION MATERIALS
330,330,BEEM,SEMICONDUCTORS &amp; RELATED DEVICES
331,331,BELFA,"ELECTRONIC COILS, TRANSFORMERS &amp; OTHER INDUCTORS"
332,332,BELFB,"ELECTRONIC COILS, TRANSFORMERS &amp; OTHER INDUCTORS"
333,333,BEN,INVESTMENT ADVICE
334,334,BF.A,Beverages
335,335,BF.B,Beverages
336,336,BFIN,"SAVINGS INSTITUTION, FEDERALLY CHARTERED"
337,337,BFK,Financial Services
338,338,BFO,Investment Offices / Funds
339,339,BFS,REAL ESTATE INVESTMENT TRUSTS
340,340,BFY,Investment Offices / Funds
341,341,BFZ,Financial Services
342,342,BG,FATS &amp; OILS
343,343,BGCP,"SECURITY &amp; COMMODITY BROKERS, DEALERS, EXCHANGES &amp; SERVICES"
344,344,BGFV,RETAIL-MISCELLANEOUS SHOPPING GOODS STORES
345,345,BGI,RETAIL-JEWELRY STORES
346,346,BGR,Financial Services
347,347,BGS,FOOD &amp; KINDRED PRODUCTS
348,348,BGT,"Services-Business Services, NEC"
349,349,BGY,Financial Services
350,350,BHB,STATE COMMERCIAL BANKS
351,351,BHC,PHARMACEUTICAL PREPARATIONS
352,352,BHE,PRINTED CIRCUIT BOARDS
353,353,BHK,Financial Services
354,354,BHLB,"SAVINGS INSTITUTIONS, NOT FEDERALLY CHARTERED"
355,355,BHP,METAL MINING
356,356,BHV,Financial Services
357,357,BIDU,"SERVICES-COMPUTER PROGRAMMING, DATA PROCESSING, ETC."
358,358,BIF,Investment Offices / Funds
359,359,BIG,RETAIL-VARIETY STORES
360,360,BIIB,BIOLOGICAL PRODUCTS (NO DIAGNOSTIC SUBSTANCES)
361,361,BIMI,WHOLESALE-DRUGS PROPRIETARIES &amp; DRUGGISTS&#39; SUNDRIES
362,362,BIO,LABORATORY ANALYTICAL INSTRUMENTS
363,363,BIO.B,Laboratory Analytical Instruments
364,364,BIOL,DENTAL EQUIPMENT &amp; SUPPLIES
365,365,BIP,WATER TRANSPORTATION
366,366,BJRI,RETAIL-EATING PLACES
367,367,BK,STATE COMMERCIAL BANKS
368,368,BKCC,"Security Brokers, Dealers & Flotation Companies"
369,369,BKD,SERVICES-NURSING &amp; PERSONAL CARE FACILITIES
370,370,BKE,RETAIL-FAMILY CLOTHING STORES
371,371,BKEP,PIPE LINES (NO NATURAL GAS)
372,372,BKH,ELECTRIC SERVICES
373,373,BKK,Investment Offices / Funds
374,374,BKN,"Concrete Products, Except Block & Brick"
375,375,BKNG,TRANSPORTATION SERVICES
376,376,BKSC,STATE COMMERCIAL BANKS
377,377,BKT,Financial Services
378,378,BKYI,SERVICES-PREPACKAGED SOFTWARE
379,379,BLDP,ELECTRICAL INDUSTRIAL APPARATUS
380,380,BLDR,RETAIL-LUMBER &amp; OTHER BUILDING MATERIALS DEALERS
381,381,BLE,Financial Services
382,382,BLFS,ELECTROMEDICAL &amp; ELECTROTHERAPEUTIC APPARATUS
383,383,BLIN,SERVICES-PREPACKAGED SOFTWARE
384,384,BLK,"SECURITY BROKERS, DEALERS &amp; FLOTATION COMPANIES"
385,385,BLKB,SERVICES-PREPACKAGED SOFTWARE
386,386,BLL,Metal Cans
387,387,BLNK,MISCELLANEOUS TRANSPORTATION EQUIPMENT
388,388,BLU,PHARMACEUTICAL PREPARATIONS
389,389,BLW,Financial Services
390,390,BLX,"COMMERCIAL BANKS, NEC"
391,391,BMA,"COMMERCIAL BANKS, NEC"
392,392,BME,Financial Services
393,393,BMI,TOTALIZING FLUID METERS &amp; COUNTING DEVICES
394,394,BMO,"COMMERCIAL BANKS, NEC"
395,395,BMRA,IN VITRO &amp; IN VIVO DIAGNOSTIC SUBSTANCES
396,396,BMRC,STATE COMMERCIAL BANKS
397,397,BMRN,PHARMACEUTICAL PREPARATIONS
398,398,BMTC,State Commercial Banks
399,399,BMY,PHARMACEUTICAL PREPARATIONS
400,400,BNS,STATE COMMERCIAL BANKS
401,401,BNSO,"ELECTRONIC COMPONENTS, NEC"
402,402,BNY,Financial Services
403,403,BOCH,State Commercial Banks
404,404,BOE,Financial Services
405,405,BOH,STATE COMMERCIAL BANKS
406,406,BOKF,NATIONAL COMMERCIAL BANKS
407,407,BOOM,MISCELLANEOUS PRIMARY METAL PRODUCTS
408,408,BOSC,COMPUTER COMMUNICATIONS EQUIPMENT
409,409,BOTJ,STATE COMMERCIAL BANKS
410,410,BP,PETROLEUM REFINING
411,411,BPFH,State Commercial Banks
412,412,BPOP,STATE COMMERCIAL BANKS
413,413,BPT,PETROLEUM REFINING
414,414,BR,"SERVICES-BUSINESS SERVICES, NEC"
415,415,BRC,MISCELLANEOUS MANUFACTURING INDUSTRIES
416,416,BRFS,MEAT PACKING PLANTS
417,417,BRID,"SAUSAGE, OTHER PREPARED MEAT PRODUCTS"
418,418,BRK.A,"Electric, Gas & Sanitary Services"
419,419,BRK.B,"Fire, Marine & Casualty Insurance"
420,420,BRKL,"SAVINGS INSTITUTION, FEDERALLY CHARTERED"
421,421,BRKR,LABORATORY ANALYTICAL INSTRUMENTS
422,422,BRN,CRUDE PETROLEUM &amp; NATURAL GAS
423,423,BRO,INSURANCE AGENTS BROKERS &amp; SERVICES
424,424,BRTX,"SERVICES-MISC HEALTH &amp; ALLIED SERVICES, NEC"
425,425,BRW,Newspapers: Publishing or  Publishing & Printing
426,426,BSAC,"COMMERCIAL BANKS, NEC"
427,427,BSBR,"COMMERCIAL BANKS, NEC"
428,428,BSD,Investment Offices / Funds
429,429,BSE,Investment Offices / Funds
430,430,BSET,"WOOD HOUSEHOLD FURNITURE, (NO UPHOLSTERED)"
431,431,BSL,Investment Advice
432,432,BSQR,"SERVICES-BUSINESS SERVICES, NEC"
433,433,BSRR,STATE COMMERCIAL BANKS
434,434,BSTC,Pharmaceutical Preparations
435,435,BSX,SURGICAL &amp; MEDICAL INSTRUMENTS &amp; APPARATUS
436,436,BTA,Financial Services
437,437,BTE,Drilling Oil & Gas Wells
438,438,BTG,GOLD &amp; SILVER ORES
439,439,BTI,CIGARETTES
440,440,BTN,PHOTOGRAPHIC EQUIPMENT &amp; SUPPLIES
441,441,BTO,Financial Services
442,442,BTX,PHARMACEUTICAL PREPARATIONS
443,443,BTZ,Financial Services
444,444,BUD,MALT BEVERAGES
445,445,BUSE,STATE COMMERCIAL BANKS
446,446,BVH,REAL ESTATE
447,447,BVN,METAL MINING
448,448,BWA,MOTOR VEHICLE PARTS &amp; ACCESSORIES
449,449,BWEN,NONFERROUS FOUNDRIES (CASTINGS)
450,450,BWL.A,Services-Amusement & Recreation Services
451,451,BWXT,ENGINES &amp; TURBINES
452,452,BXC,"WHOLESALE-LUMBER, PLYWOOD, MILLWORK &amp; WOOD PANELS"
453,453,BXMT,REAL ESTATE INVESTMENT TRUSTS
454,454,BXMX,Financial Services
455,455,BXP,REAL ESTATE INVESTMENT TRUSTS
456,456,BYD,HOTELS &amp; MOTELS
457,457,BYFC,"SAVINGS INSTITUTION, FEDERALLY CHARTERED"
458,458,BYM,Financial Services
459,459,BYRN,"MISCELLANEOUS ELECTRICAL MACHINERY, EQUIPMENT &amp; SUPPLIES"
460,460,BZH,OPERATIVE BUILDERS
461,461,BZM,Investment Offices / Funds
462,462,C,NATIONAL COMMERCIAL BANKS
463,463,CAAS,MOTOR VEHICLE PARTS &amp; ACCESSORIES
464,464,CAC,NATIONAL COMMERCIAL BANKS
465,465,CACC,PERSONAL CREDIT INSTITUTIONS
466,466,CACI,SERVICES-COMPUTER INTEGRATED SYSTEMS DESIGN
467,467,CAE,"MISCELLANEOUS ELECTRICAL MACHINERY, EQUIPMENT &amp; SUPPLIES"
468,468,CAF,"Security Brokers, Dealers & Flotation Companies"
469,469,CAG,FOOD &amp; KINDRED PRODUCTS
470,470,CAH,WHOLESALE-DRUGS PROPRIETARIES &amp; DRUGGISTS&#39; SUNDRIES
471,471,CAI,Services-Medical Laboratories
472,472,CAJ,PHOTOGRAPHIC EQUIPMENT &amp; SUPPLIES
473,473,CAKE,RETAIL-EATING PLACES
474,474,CAL,"FOOTWEAR, (NO RUBBER)"
475,475,CALM,AGRICULTURE PRODUCTION - LIVESTOCK &amp; ANIMAL SPECIALTIES
476,476,CALX,"COMMUNICATION SERVICES, NEC"
477,477,CAMP,RADIO &amp; TV BROADCASTING &amp; COMMUNICATIONS EQUIPMENT
478,478,CAMT,OPTICAL INSTRUMENTS &amp; LENSES
479,479,CAPR,PHARMACEUTICAL PREPARATIONS
480,480,CAR,SERVICES-AUTO RENTAL &amp; LEASING (NO DRIVERS)
481,481,CARV,"SAVINGS INSTITUTION, FEDERALLY CHARTERED"
482,482,CASH,NATIONAL COMMERCIAL BANKS
483,483,CASI,BIOLOGICAL PRODUCTS (NO DIAGNOSTIC SUBSTANCES)
484,484,CASS,"SERVICES-BUSINESS SERVICES, NEC"
485,485,CASY,RETAIL-AUTO DEALERS &amp; GASOLINE STATIONS
486,486,CAT,CONSTRUCTION MACHINERY &amp; EQUIP
487,487,CATM,"Services-Business Services, NEC"
488,488,CATO,RETAIL-WOMEN&#39;S CLOTHING STORES
489,489,CATY,STATE COMMERCIAL BANKS
490,490,CB,"FIRE, MARINE &amp; CASUALTY INSURANCE"
491,491,CBAN,STATE COMMERCIAL BANKS
492,492,CBAT,"MISCELLANEOUS ELECTRICAL MACHINERY, EQUIPMENT &amp; SUPPLIES"
493,493,CBB,Asset-Backed Securities
494,494,CBFV,STATE COMMERCIAL BANKS
495,495,CBIO,PHARMACEUTICAL PREPARATIONS
496,496,CBMG,"Biological Products, (No Diagnostic Substances)"
497,497,CBOE,"SECURITY &amp; COMMODITY BROKERS, DEALERS, EXCHANGES &amp; SERVICES"
498,498,CBPO,"Biological Products, (No Diagnostic Substances)"
499,499,CBRE,REAL ESTATE
500,500,CBRL,RETAIL-EATING PLACES
501,501,CBSH,STATE COMMERCIAL BANKS
502,502,CBT,MISCELLANEOUS CHEMICAL PRODUCTS
503,503,CBU,NATIONAL COMMERCIAL BANKS
504,504,CBZ,"SERVICES-BUSINESS SERVICES, NEC"
505,505,CCBG,STATE COMMERCIAL BANKS
506,506,CCF,ELECTRIC LIGHTING &amp; WIRING EQUIPMENT
507,507,CCJ,MISCELLANEOUS METAL ORES
508,508,CCK,METAL CANS
509,509,CCL,WATER TRANSPORTATION
510,510,CCM,SERVICES-OFFICES &amp; CLINICS OF DOCTORS OF MEDICINE
511,511,CCMP,Semiconductors & Related Devices
512,512,CCNE,STATE COMMERCIAL BANKS
513,513,CCRN,SERVICES-HELP SUPPLY SERVICES
514,514,CCU,MALT BEVERAGES
515,515,CDE,GOLD &amp; SILVER ORES
516,516,CDMO,PHARMACEUTICAL PREPARATIONS
517,517,CDNS,SERVICES-PREPACKAGED SOFTWARE
518,518,CDOR,Real Estate Investment Trusts
519,519,CDR,Real Estate Investment Trusts
520,520,CDXC,MEDICINAL CHEMICALS &amp; BOTANICAL PRODUCTS
521,521,CDXS,INDUSTRIAL ORGANIC CHEMICALS
522,522,CDZI,WATER SUPPLY
523,523,CE,"PLASTIC MATERIAL, SYNTH RESIN/RUBBER, CELLULOS (NO GLASS)"
524,524,CEA,"AIR TRANSPORTATION, SCHEDULED"
525,525,CECE,INDUSTRIAL &amp; COMMERCIAL FANS &amp; BLOWERS &amp; AIR PURIFYING EQUIP
526,526,CEE,Federal & Federally-Sponsored Credit Agencies
527,527,CEI,CRUDE PETROLEUM &amp; NATURAL GAS
528,528,CEL,Radiotelephone Communications
529,529,CELH,BOTTLED &amp; CANNED SOFT DRINKS CARBONATED WATERS
530,530,CEM,Investment Offices / Funds
531,531,CEMI,PHARMACEUTICAL PREPARATIONS
532,532,CENT,WHOLESALE-MISCELLANEOUS NONDURABLE GOODS
533,533,CENTA,WHOLESALE-MISCELLANEOUS NONDURABLE GOODS
534,534,CENX,PRIMARY PRODUCTION OF ALUMINUM
535,535,CEO,Crude Petroleum & Natural Gas
536,536,CEQP,NATURAL GAS TRANSMISSION &amp; DISTRIBUTION
537,537,CERN,Services-Computer Integrated Systems Design
538,538,CERS,SURGICAL &amp; MEDICAL INSTRUMENTS &amp; APPARATUS
539,539,CET,Gold and Silver Ores
540,540,CETX,ELECTRONIC COMPONENTS &amp; ACCESSORIES
541,541,CEV,Financial Services
542,542,CEVA,"SERVICES-COMPUTER PROGRAMMING, DATA PROCESSING, ETC."
543,543,CF,AGRICULTURE CHEMICALS
544,544,CFBK,NATIONAL COMMERCIAL BANKS
545,545,CFFI,STATE COMMERCIAL BANKS
546,546,CFFN,"SAVINGS INSTITUTION, FEDERALLY CHARTERED"
547,547,CFR,NATIONAL COMMERCIAL BANKS
548,548,CFX,"Orthopedic, Prosthetic & Surgical Appliances & Supplies"
549,549,CGA,AGRICULTURE CHEMICALS
550,550,CGEN,BIOLOGICAL PRODUCTS (NO DIAGNOSTIC SUBSTANCES)
551,551,CGNX,"INDUSTRIAL INSTRUMENTS FOR MEASUREMENT, DISPLAY, AND CONTROL"
552,552,CGO,Financial Services
553,553,CGRN,ENGINES &amp; TURBINES
554,554,CHA,Retail-Eating & Drinking Places
555,555,CHCI,REAL ESTATE
556,556,CHCO,NATIONAL COMMERCIAL BANKS
557,557,CHD,"SOAP, DETERGENT, CLEANING PREPARATIONS, PERFUMES, COSMETICS"
558,558,CHDN,"SERVICES-RACING, INCLUDING TRACK OPERATION"
559,559,CHE,SERVICES-HOME HEALTH CARE SERVICES
560,560,CHH,HOTELS &amp; MOTELS
561,561,CHI,Financial Services
562,562,CHKP,SERVICES-PREPACKAGED SOFTWARE
563,563,CHL,Services-Prepackaged Software
564,564,CHMG,STATE COMMERCIAL BANKS
565,565,CHN,Converted Paper & Paperboard Prods (No Contaners/Boxes)
566,566,CHNR,GOLD &amp; SILVER ORES
567,567,CHRW,ARRANGEMENT OF TRANSPORTATION OF FREIGHT &amp; CARGO
568,568,CHS,RETAIL-WOMEN&#39;S CLOTHING STORES
569,569,CHT,RADIO TELEPHONE COMMUNICATIONS
570,570,CHU,Radiotelephone Communications
571,571,CHW,Financial Services
572,572,CHY,Financial Services
573,573,CI,HOSPITAL &amp; MEDICAL SERVICE PLANS
574,574,CIA,LIFE INSURANCE
575,575,CIB,"COMMERCIAL BANKS, NEC"
576,576,CIDM,SERVICES-VIDEO TAPE RENTAL
577,577,CIEN,TELEPHONE &amp; TELEGRAPH APPARATUS
578,578,CIF,Financial Services
579,579,CIG,ELECTRIC SERVICES
580,580,CIG.C,Fabricated Plate Work (Boiler Shops)
581,581,CIGI,REAL ESTATE
582,582,CII,Financial Services
583,583,CIK,Asset-Backed Securities
584,584,CIM,REAL ESTATE INVESTMENT TRUSTS
585,585,CINF,"FIRE, MARINE &amp; CASUALTY INSURANCE"
586,586,CIR,MISCELLANEOUS FABRICATED METAL PRODUCTS
587,587,CIT,Finance Lessors
588,588,CIVB,STATE COMMERCIAL BANKS
589,589,CIX,"CUTLERY, HANDTOOLS &amp; GENERAL HARDWARE"
590,590,CIZN,STATE COMMERCIAL BANKS
591,591,CJJD,RETAIL-DRUG STORES AND PROPRIETARY STORES
592,592,CKH,Deep Sea Foreign Transportation of  Freight
593,593,CL,"PERFUMES, COSMETICS &amp; OTHER TOILET PREPARATIONS"
594,594,CLAR,"Sporting & Athletic Goods, NEC"
595,595,CLB,"OIL, GAS FIELD SERVICES, NBC"
596,596,CLBS,PHARMACEUTICAL PREPARATIONS
597,597,CLCT,"Services-Business Services, NEC"
598,598,CLDT,REAL ESTATE INVESTMENT TRUSTS
599,599,CLDX,IN VITRO &amp; IN VIVO DIAGNOSTIC SUBSTANCES
600,600,CLF,METAL MINING
601,601,CLFD,TELEPHONE &amp; TELEGRAPH APPARATUS
602,602,CLGX,Services-Computer Processing & Data Preparation
603,603,CLH,HAZARDOUS WASTE MANAGEMENT
604,604,CLM,Financial Services
605,605,CLMT,PETROLEUM REFINING
606,606,CLNE,GAS &amp; OTHER SERVICES COMBINED
607,607,CLR,CRUDE PETROLEUM &amp; NATURAL GAS
608,608,CLRB,PHARMACEUTICAL PREPARATIONS
609,609,CLRO,TELEPHONE &amp; TELEGRAPH APPARATUS
610,610,CLS,PRINTED CIRCUIT BOARDS
611,611,CLSN,PHARMACEUTICAL PREPARATIONS
612,612,CLW,PAPERBOARD MILLS
613,613,CLWT,WHOLESALE-PROFESSIONAL &amp; COMMERCIAL EQUIPMENT &amp; SUPPLIES
614,614,CLX,"SPECIALTY CLEANING, POLISHING AND SANITATION PREPARATIONS"
615,615,CM,"COMMERCIAL BANKS, NEC"
616,616,CMA,NATIONAL COMMERCIAL BANKS
617,617,CMC,"STEEL WORKS, BLAST FURNACES  ROLLING MILLS (COKE OVENS)"
618,618,CMCL,GOLD &amp; SILVER ORES
619,619,CMCO,CONSTRUCTION MACHINERY &amp; EQUIP
620,620,CMCSA,CABLE &amp; OTHER PAY TELEVISION SERVICES
621,621,CMCT,REAL ESTATE INVESTMENT TRUSTS
622,622,CMD,Surgical & Medical Instruments & Apparatus
623,623,CME,"SECURITY &amp; COMMODITY BROKERS, DEALERS, EXCHANGES &amp; SERVICES"
624,624,CMG,RETAIL-EATING PLACES
625,625,CMI,ENGINES &amp; TURBINES
626,626,CMO,Real Estate Investment Trusts
627,627,CMP,"MINING, QUARRYING OF NONMETALLIC MINERALS (NO FUELS)"
628,628,CMPR,COMMERCIAL PRINTING
629,629,CMRE,DEEP SEA FOREIGN TRANSPORTATION OF FREIGHT
630,630,CMS,ELECTRIC &amp; OTHER SERVICES COMBINED
631,631,CMT,"PLASTICS PRODUCTS, NEC"
632,632,CMTL,RADIO &amp; TV BROADCASTING &amp; COMMUNICATIONS EQUIPMENT
633,633,CMU,Financial Services
634,634,CNA,"FIRE, MARINE &amp; CASUALTY INSURANCE"
635,635,CNBKA,National Commercial Banks
636,636,CNC,HOSPITAL &amp; MEDICAL SERVICE PLANS
637,637,CNET,"SERVICES-COMPUTER PROGRAMMING, DATA PROCESSING, ETC."
638,638,CNI,"RAILROADS, LINE-HAUL OPERATING"
639,639,CNK,SERVICES-MOTION PICTURE THEATERS
640,640,CNMD,ELECTROMEDICAL &amp; ELECTROTHERAPEUTIC APPARATUS
641,641,CNO,ACCIDENT &amp; HEALTH INSURANCE
642,642,CNOB,STATE COMMERCIAL BANKS
643,643,CNP,ELECTRIC SERVICES
644,644,CNQ,CRUDE PETROLEUM &amp; NATURAL GAS
645,645,CNR,Silver Ores
646,646,CNS,INVESTMENT ADVICE
647,647,CNSL,TELEPHONE COMMUNICATIONS (NO RADIO TELEPHONE)
648,648,CNTY,HOTELS &amp; MOTELS
649,649,CNX,CRUDE PETROLEUM &amp; NATURAL GAS
650,650,CNXN,WHOLESALE-COMPUTER &amp; PERIPHERAL EQUIPMENT &amp; SOFTWARE
651,651,CO,"SERVICES-MISC HEALTH &amp; ALLIED SERVICES, NEC"
652,652,CODI,HOUSEHOLD FURNITURE
653,653,COF,NATIONAL COMMERCIAL BANKS
654,654,COFS,STATE COMMERCIAL BANKS
655,655,COG,Crude Petroleum & Natural Gas
656,656,COHN,"SECURITY BROKERS, DEALERS &amp; FLOTATION COMPANIES"
657,657,COHR,OPTICAL INSTRUMENTS &amp; LENSES
658,658,COHU,INSTRUMENTS FOR MEAS &amp; TESTING OF ELECTRICITY &amp; ELEC SIGNALS
659,659,COKE,BOTTLED &amp; CANNED SOFT DRINKS CARBONATED WATERS
660,660,COLB,STATE COMMERCIAL BANKS
661,661,COLM,APPAREL &amp; OTHER FINISHED PRODS OF FABRICS &amp; SIMILAR MATERIAL
662,662,CONN,RETAIL-RADIO TV &amp; CONSUMER ELECTRONICS STORES
663,663,COO,OPHTHALMIC GOODS
664,664,COP,PETROLEUM REFINING
665,665,COR,"Wholesale-Drugs, Proprietaries & Druggists' Sundries"
666,666,CORE,"Wholesale-Groceries, General Line"
667,667,CORR,REAL ESTATE INVESTMENT TRUSTS
668,668,CORT,PHARMACEUTICAL PREPARATIONS
669,669,COST,RETAIL-VARIETY STORES
670,670,COWN,"SECURITY BROKERS, DEALERS &amp; FLOTATION COMPANIES"
671,671,CP,"RAILROADS, LINE-HAUL OPERATING"
672,672,CPA,"AIR TRANSPORTATION, SCHEDULED"
673,673,CPAH,Services-Prepackaged Software
674,674,CPB,FOOD &amp; KINDRED PRODUCTS
675,675,CPE,CRUDE PETROLEUM &amp; NATURAL GAS
676,676,CPF,STATE COMMERCIAL BANKS
677,677,CPG,CRUDE PETROLEUM &amp; NATURAL GAS
678,678,CPHI,PHARMACEUTICAL PREPARATIONS
679,679,CPIX,PHARMACEUTICAL PREPARATIONS
680,680,CPK,NATURAL GAS TRANSMISSION &amp; DISTRIBUTION
681,681,CPLP,DEEP SEA FOREIGN TRANSPORTATION OF FREIGHT
682,682,CPRT,RETAIL-AUTO DEALERS &amp; GASOLINE STATIONS
683,683,CPRX,PHARMACEUTICAL PREPARATIONS
684,684,CPS,MOTOR VEHICLE PARTS &amp; ACCESSORIES
685,685,CPSH,POTTERY &amp; RELATED PRODUCTS
686,686,CPSI,SERVICES-COMPUTER PROGRAMMING SERVICES
687,687,CPSS,FINANCE SERVICES
688,688,CPT,REAL ESTATE INVESTMENT TRUSTS
689,689,CQP,NATURAL GAS DISTRIBUTION
690,690,CR,MISCELLANEOUS FABRICATED METAL PRODUCTS
691,691,CRAI,SERVICES-LEGAL SERVICES
692,692,CRD.A,"Insurance Agents, Brokers & Service"
693,693,CRD.B,"Insurance Agents, Brokers & Service"
694,694,CRDF,BIOLOGICAL PRODUCTS (NO DIAGNOSTIC SUBSTANCES)
695,695,CREE,Semiconductors & Related Devices
696,696,CREG,"SERVICES-BUSINESS SERVICES, NEC"
697,697,CRESY,REAL ESTATE
698,698,CREX,SERVICES-COMPUTER INTEGRATED SYSTEMS DESIGN
699,699,CRF,Financial Services
700,700,CRH,"CEMENT, HYDRAULIC"
701,701,CRHM,Services-Health Services
702,702,CRI,APPAREL &amp; OTHER FINISHED PRODS OF FABRICS &amp; SIMILAR MATERIAL
703,703,CRIS,BIOLOGICAL PRODUCTS (NO DIAGNOSTIC SUBSTANCES)
704,704,CRK,CRUDE PETROLEUM &amp; NATURAL GAS
705,705,CRL,SERVICES-COMMERCIAL PHYSICAL &amp; BIOLOGICAL RESEARCH
706,706,CRM,SERVICES-PREPACKAGED SOFTWARE
707,707,CRMD,PHARMACEUTICAL PREPARATIONS
708,708,CRMT,RETAIL-AUTO DEALERS &amp; GASOLINE STATIONS
709,709,CRNT,RADIO &amp; TV BROADCASTING &amp; COMMUNICATIONS EQUIPMENT
710,710,CROX,RUBBER &amp; PLASTICS FOOTWEAR
711,711,CRS,"STEEL WORKS, BLAST FURNACES  ROLLING MILLS (COKE OVENS)"
712,712,CRT,OIL ROYALTY TRADERS
713,713,CRUS,SEMICONDUCTORS &amp; RELATED DEVICES
714,714,CRVL,INSURANCE AGENTS BROKERS &amp; SERVICES
715,715,CRWS,"BROADWOVEN FABRIC MILLS, COTTON"
716,716,CS,"SECURITY BROKERS, DEALERS &amp; FLOTATION COMPANIES"
717,717,CSCO,COMPUTER COMMUNICATIONS EQUIPMENT
718,718,CSCW,SERVICES-EDUCATIONAL SERVICES
719,719,CSGP,"SERVICES-BUSINESS SERVICES, NEC"
720,720,CSGS,SERVICES-COMPUTER PROCESSING &amp; DATA PREPARATION
721,721,CSII,SURGICAL &amp; MEDICAL INSTRUMENTS &amp; APPARATUS
722,722,CSIQ,SEMICONDUCTORS &amp; RELATED DEVICES
723,723,CSL,"FABRICATED RUBBER PRODUCTS, NEC"
724,724,CSPI,SERVICES-COMPUTER INTEGRATED SYSTEMS DESIGN
725,725,CSQ,Financial Services
726,726,CSR,REAL ESTATE INVESTMENT TRUSTS
727,727,CSV,SERVICES-PERSONAL SERVICES
728,728,CSWC,Adhesives & Sealants
729,729,CSX,"RAILROADS, LINE-HAUL OPERATING"
730,730,CTAS,"MEN&#39;S &amp; BOYS&#39; FURNISHINGS, WORK CLOTHING, AND ALLIED GARMENTS"
731,731,CTB,Tires & Inner Tubes
732,732,CTBI,STATE COMMERCIAL BANKS
733,733,CTEK,"SERVICES-BUSINESS SERVICES, NEC"
734,734,CTG,SERVICES-COMPUTER PROGRAMMING SERVICES
735,735,CTHR,"JEWELRY, SILVERWARE &amp; PLATED WARE"
736,736,CTIB,"FABRICATED RUBBER PRODUCTS, NEC"
737,737,CTIC,PHARMACEUTICAL PREPARATIONS
738,738,CTLP,CALCULATING &amp; ACCOUNTING MACHINES (NO ELECTRONIC COMPUTERS)
739,739,CTO,REAL ESTATE INVESTMENT TRUSTS
740,740,CTRA,CRUDE PETROLEUM &amp; NATURAL GAS
741,741,CTRN,RETAIL-APPAREL &amp; ACCESSORY STORES
742,742,CTS,PRINTED CIRCUIT BOARDS
743,743,CTSH,SERVICES-COMPUTER PROGRAMMING SERVICES
744,744,CTSO,SURGICAL &amp; MEDICAL INSTRUMENTS &amp; APPARATUS
745,745,CTXS,SERVICES-PREPACKAGED SOFTWARE
746,746,CUB,Blank Checks
747,747,CUBA,Investment Offices / Funds
748,748,CUBE,REAL ESTATE INVESTMENT TRUSTS
749,749,CUK,WATER TRANSPORTATION
750,750,CULP,"BROADWOVEN FABRIC MILLS, COTTON"
751,751,CUTR,ELECTROMEDICAL &amp; ELECTROTHERAPEUTIC APPARATUS
752,752,CUZ,REAL ESTATE INVESTMENT TRUSTS
753,753,CVA,Cogeneration Services & Small Power Producers
754,754,CVBF,STATE COMMERCIAL BANKS
755,755,CVCO,MOBILE HOMES
756,756,CVCY,STATE COMMERCIAL BANKS
757,757,CVE,CRUDE PETROLEUM &amp; NATURAL GAS
758,758,CVGI,MOTOR VEHICLE PARTS &amp; ACCESSORIES
759,759,CVGW,AGRICULTURE SERVICES
760,760,CVI,PETROLEUM REFINING
761,761,CVLG,TRUCKING (NO LOCAL)
762,762,CVLT,SERVICES-PREPACKAGED SOFTWARE
763,763,CVLY,"SAVINGS INSTITUTION, FEDERALLY CHARTERED"
764,764,CVM,BIOLOGICAL PRODUCTS (NO DIAGNOSTIC SUBSTANCES)
765,765,CVR,METALWORKING MACHINERY &amp; EQUIPMENT
766,766,CVS,RETAIL-DRUG STORES AND PROPRIETARY STORES
767,767,CVU,"Aircraft Parts & Auxiliary Equipment, NEC"
768,768,CVV,"SPECIAL INDUSTRY MACHINERY, NEC"
769,769,CVX,PETROLEUM REFINING
770,770,CW,MISC INDUSTRIAL &amp; COMMERCIAL MACHINERY &amp; EQUIPMENT
771,771,CWBC,STATE COMMERCIAL BANKS
772,772,CWCO,WATER SUPPLY
773,773,CWST,REFUSE SYSTEMS
774,774,CWT,WATER SUPPLY
775,775,CX,"CEMENT, HYDRAULIC"
776,776,CXDC,PLASTICS FOAM PRODUCTS
777,777,CXE,Financial Services
778,778,CXH,Financial Services
779,779,CXO,Crude Petroleum & Natural Gas
780,780,CXW,REAL ESTATE INVESTMENT TRUSTS
781,781,CYAN,MEDICINAL CHEMICALS &amp; BOTANICAL PRODUCTS
782,782,CYBE,OPTICAL INSTRUMENTS &amp; LENSES
783,783,CYCC,PHARMACEUTICAL PREPARATIONS
784,784,CYD,ENGINES &amp; TURBINES
785,785,CYH,"SERVICES-GENERAL MEDICAL &amp; SURGICAL HOSPITALS, NEC"
786,786,CYRN,SERVICES-PREPACKAGED SOFTWARE
787,787,CYRX,PHARMACEUTICAL PREPARATIONS
788,788,CYTH,BIOLOGICAL PRODUCTS (NO DIAGNOSTIC SUBSTANCES)
789,789,CYTK,PHARMACEUTICAL PREPARATIONS
790,790,CZNC,STATE COMMERCIAL BANKS
791,791,CZWI,"SAVINGS INSTITUTION, FEDERALLY CHARTERED"
792,792,CZZ,Retail-Auto Dealers & Gasoline Stations
793,793,D,ELECTRIC SERVICES
794,794,DAC,DEEP SEA FOREIGN TRANSPORTATION OF FREIGHT
795,795,DAIO,INSTRUMENTS FOR MEAS &amp; TESTING OF ELECTRICITY &amp; ELEC SIGNALS
796,796,DAKT,MISCELLANEOUS MANUFACTURING INDUSTRIES
797,797,DAL,"AIR TRANSPORTATION, SCHEDULED"
798,798,DALN,NEWSPAPERS:  PUBLISHING OR PUBLISHING &amp; PRINTING
799,799,DAN,MOTOR VEHICLE PARTS &amp; ACCESSORIES
800,800,DAR,FATS &amp; OILS
801,801,DB,STATE COMMERCIAL BANKS
802,802,DBD,CALCULATING &amp; ACCOUNTING MACHINES (NO ELECTRONIC COMPUTERS)
803,803,DBI,RETAIL-SHOE STORES
804,804,DCI,INDUSTRIAL &amp; COMMERCIAL FANS &amp; BLOWERS &amp; AIR PURIFYING EQUIP
805,805,DCO,"AIRCRAFT PART &amp; AUXILIARY EQUIPMENT, NEC"
806,806,DCOM,NATIONAL COMMERCIAL BANKS
807,807,DCP,NATURAL GAS TRANSMISSION
808,808,DCTH,SURGICAL &amp; MEDICAL INSTRUMENTS &amp; APPARATUS
809,809,DDF,Investment Offices / Funds
810,810,DDS,RETAIL-DEPARTMENT STORES
811,811,DDT,RETAIL-DEPARTMENT STORES
812,812,DE,FARM MACHINERY &amp; EQUIPMENT
813,813,DECK,RUBBER &amp; PLASTICS FOOTWEAR
814,814,DEI,REAL ESTATE INVESTMENT TRUSTS
815,815,DENN,RETAIL-EATING PLACES
816,816,DEO,BEVERAGES
817,817,DEX,Investment Offices / Funds
818,818,DFFN,PHARMACEUTICAL PREPARATIONS
819,819,DFS,PERSONAL CREDIT INSTITUTIONS
820,820,DG,RETAIL-VARIETY STORES
821,821,DGICA,"FIRE, MARINE &amp; CASUALTY INSURANCE"
822,822,DGII,COMPUTER COMMUNICATIONS EQUIPMENT
823,823,DGLY,RADIO &amp; TV BROADCASTING &amp; COMMUNICATIONS EQUIPMENT
824,824,DGP,STATE COMMERCIAL BANKS
825,825,DGX,SERVICES-MEDICAL LABORATORIES
826,826,DGZ,STATE COMMERCIAL BANKS
827,827,DHC,REAL ESTATE INVESTMENT TRUSTS
828,828,DHF,Commodity Contracts Brokers & Dealers
829,829,DHI,OPERATIVE BUILDERS
830,830,DHIL,INVESTMENT ADVICE
831,831,DHR,"INDUSTRIAL INSTRUMENTS FOR MEASUREMENT, DISPLAY, AND CONTROL"
832,832,DHT,DEEP SEA FOREIGN TRANSPORTATION OF FREIGHT
833,833,DHX,"SERVICES-BUSINESS SERVICES, NEC"
834,834,DHY,Asset-Backed Securities
835,835,DIN,RETAIL-EATING PLACES
836,836,DIOD,SEMICONDUCTORS &amp; RELATED DEVICES
837,837,DIS,SERVICES-MISCELLANEOUS AMUSEMENT &amp; RECREATION
838,838,DISCA,Cable & Other Pay Television Services
839,839,DISCK,Cable & Other Pay Television Services
840,840,DISH,CABLE &amp; OTHER PAY TELEVISION SERVICES
841,841,DIT,WHOLESALE-GROCERIES &amp; GENERAL LINE
842,842,DJCO,NEWSPAPERS:  PUBLISHING OR PUBLISHING &amp; PRINTING
843,843,DJP,"COMMERCIAL BANKS, NEC"
844,844,DK,PETROLEUM REFINING
845,845,DKS,RETAIL-MISCELLANEOUS SHOPPING GOODS STORES
846,846,DL,Services-Educational Services
847,847,DLA,"WHOLESALE-APPAREL, PIECE GOODS &amp; NOTIONS"
848,848,DLB,PATENT OWNERS &amp; LESSORS
849,849,DLR,REAL ESTATE INVESTMENT TRUSTS
850,850,DLTR,RETAIL-VARIETY STORES
851,851,DLX,"BLANKBOOKS, LOOSELEAF BINDERS &amp; BOOKBINDING &amp; RELATED WORK"
852,852,DMF,Commodity Contracts Brokers & Dealers
853,853,DMLP,CRUDE PETROLEUM &amp; NATURAL GAS
854,854,DMO,Financial Services
855,855,DMRC,SERVICES-COMPUTER INTEGRATED SYSTEMS DESIGN
856,856,DNN,MISCELLANEOUS METAL ORES
857,857,DNP,Financial Services
858,858,DOO,Miscellaneous Transportation Equipment
859,859,DORM,MOTOR VEHICLE PARTS &amp; ACCESSORIES
860,860,DOV,"CONSTRUCTION, MINING &amp; MATERIALS HANDLING MACHINERY &amp; EQUIP"
861,861,DOX,SERVICES-COMPUTER PROGRAMMING SERVICES
862,862,DPZ,WHOLESALE-GROCERIES &amp; RELATED PRODUCTS
863,863,DQ,SEMICONDUCTORS &amp; RELATED DEVICES
864,864,DRD,GOLD &amp; SILVER ORES
865,865,DRE,REAL ESTATE INVESTMENT TRUSTS
866,866,DRH,REAL ESTATE INVESTMENT TRUSTS
867,867,DRI,RETAIL-EATING PLACES
868,868,DRQ,OIL &amp; GAS FILED MACHINERY &amp; EQUIPMENT
869,869,DRRX,PHARMACEUTICAL PREPARATIONS
870,870,DS,RETAIL-EATING &amp; DRINKING PLACES
871,871,DSGX,SERVICES-PREPACKAGED SOFTWARE
872,872,DSM,Commodity Contracts Brokers & Dealers
873,873,DSPG,Semiconductors & Related Devices
874,874,DSU,"Plastics Products, NEC"
875,875,DSWL,"PLASTICS PRODUCTS, NEC"
876,876,DSX,DEEP SEA FOREIGN TRANSPORTATION OF FREIGHT
877,877,DTE,ELECTRIC SERVICES
878,878,DTF,Financial Services
879,879,DUC,Investment Advice
880,880,DUK,ELECTRIC &amp; OTHER SERVICES COMBINED
881,881,DVA,"SERVICES-MISC HEALTH &amp; ALLIED SERVICES, NEC"
882,882,DVAX,PHARMACEUTICAL PREPARATIONS
883,883,DVD,Services-Amusement & Recreation Services
884,884,DVN,CRUDE PETROLEUM &amp; NATURAL GAS
885,885,DWSN,OIL AND GAS FIELD EXPLORATION SERVICES
886,886,DX,REAL ESTATE INVESTMENT TRUSTS
887,887,DXC,SERVICES-COMPUTER PROCESSING &amp; DATA PREPARATION
888,888,DXCM,SURGICAL &amp; MEDICAL INSTRUMENTS &amp; APPARATUS
889,889,DXF,FINANCE SERVICES
890,890,DXLG,RETAIL-FAMILY CLOTHING STORES
891,891,DXPE,WHOLESALE-INDUSTRIAL MACHINERY &amp; EQUIPMENT
892,892,DXR,Healthcare
893,893,DXYN,CARPETS AND RUGS
894,894,DY,"WATER, SEWER, PIPELINE, COMM AND POWER LINE CONSTRUCTION"
895,895,DYAI,BIOLOGICAL PRODUCTS (NO DIAGNOSTIC SUBSTANCES)
896,896,DYNT,SURGICAL &amp; MEDICAL INSTRUMENTS &amp; APPARATUS
897,897,DZSI,TELEPHONE &amp; TELEGRAPH APPARATUS
898,898,DZZ,STATE COMMERCIAL BANKS
899,899,E,CRUDE PETROLEUM &amp; NATURAL GAS
900,900,EA,SERVICES-PREPACKAGED SOFTWARE
901,901,EAD,Financial Services
902,902,EAT,RETAIL-EATING PLACES
903,903,EBAY,"SERVICES-BUSINESS SERVICES, NEC"
904,904,EBF,MANIFOLD BUSINESS FORMS
905,905,EBIX,SERVICES-COMPUTER INTEGRATED SYSTEMS DESIGN
906,906,EBMT,STATE COMMERCIAL BANKS
907,907,EBR,ELECTRIC SERVICES
908,908,EBR.B,American Depositary Receipts
909,909,EBS,PHARMACEUTICAL PREPARATIONS
910,910,EBTC,STATE COMMERCIAL BANKS
911,911,EC,CRUDE PETROLEUM &amp; NATURAL GAS
912,912,ECF,Financial Services
913,913,ECHO,Arrangement of  Transportation of  Freight & Cargo
914,914,ECL,"SOAP, DETERGENT, CLEANING PREPARATIONS, PERFUMES, COSMETICS"
915,915,ECPG,SHORT-TERM BUSINESS CREDIT INSTITUTIONS
916,916,ED,ELECTRIC &amp; OTHER SERVICES COMBINED
917,917,EDAP,ELECTROMEDICAL &amp; ELECTROTHERAPEUTIC APPARATUS
918,918,EDD,"Security Brokers, Dealers & Flotation Companies"
919,919,EDF,Financial Services
920,920,EDN,ELECTRIC SERVICES
921,921,EDU,SERVICES-EDUCATIONAL SERVICES
922,922,EDUC,WHOLESALE-MISCELLANEOUS NONDURABLE GOODS
923,923,EEA,Wholesale-Paper & Paper Products
924,924,EEFT,"FUNCTIONS RELATED TO DEPOSITORY BANKING, NEC"
925,925,EFOI,ELECTRIC LIGHTING &amp; WIRING EQUIPMENT
926,926,EFR,Financial Services
927,927,EFSC,STATE COMMERCIAL BANKS
928,928,EFT,Financial Services
929,929,EFX,"SERVICES-CONSUMER CREDIT REPORTING, COLLECTION AGENCIES"
930,930,EGAN,SERVICES-PREPACKAGED SOFTWARE
931,931,EGBN,STATE COMMERCIAL BANKS
932,932,EGF,Investment Offices / Funds
933,933,EGHT,SERVICES-COMPUTER PROCESSING &amp; DATA PREPARATION
934,934,EGO,GOLD &amp; SILVER ORES
935,935,EGOV,"Services-Business Services, NEC"
936,936,EGP,REAL ESTATE INVESTMENT TRUSTS
937,937,EGY,CRUDE PETROLEUM &amp; NATURAL GAS
938,938,EHC,SERVICES-HOSPITALS
939,939,EHI,Financial Services
940,940,EHTH,INSURANCE AGENTS BROKERS &amp; SERVICES
941,941,EIG,"FIRE, MARINE &amp; CASUALTY INSURANCE"
942,942,EIM,Financial Services
943,943,EIX,ELECTRIC SERVICES
944,944,EL,"PERFUMES, COSMETICS &amp; OTHER TOILET PREPARATIONS"
945,945,ELA,RETAIL-JEWELRY STORES
946,946,ELLO,ELECTRIC SERVICES
947,947,ELMD,ELECTROMEDICAL &amp; ELECTROTHERAPEUTIC APPARATUS
948,948,ELOX,BIOLOGICAL PRODUCTS (NO DIAGNOSTIC SUBSTANCES)
949,949,ELP,ELECTRIC SERVICES
950,950,ELS,REAL ESTATE INVESTMENT TRUSTS
951,951,ELSE,"INDUSTRIAL INSTRUMENTS FOR MEASUREMENT, DISPLAY, AND CONTROL"
952,952,ELTK,PRINTED CIRCUIT BOARDS
953,953,ELY,"Sporting & Athletic Goods, NEC"
954,954,EMAN,SEMICONDUCTORS &amp; RELATED DEVICES
955,955,EMCF,NATIONAL COMMERCIAL BANKS
956,956,EMD,Financial Services
957,957,EME,ELECTRICAL WORK
958,958,EMF,Financial Services
959,959,EMKR,SEMICONDUCTORS &amp; RELATED DEVICES
960,960,EML,"CUTLERY, HANDTOOLS &amp; GENERAL HARDWARE"
961,961,EMN,"PLASTICS, MATERIALS, SYNTH RESINS &amp; NONVULCAN ELASTOMERS"
962,962,EMR,ELECTRONIC &amp; OTHER ELECTRICAL EQUIPMENT (NO COMPUTER EQUIP)
963,963,ENB,PIPE LINES (NO NATURAL GAS)
964,964,ENDP,Pharmaceutical Preparations
965,965,ENG,SERVICES-ENGINEERING SERVICES
966,966,ENIA,Electric Services
967,967,ENS,"MISCELLANEOUS ELECTRICAL MACHINERY, EQUIPMENT &amp; SUPPLIES"
968,968,ENSG,SERVICES-SKILLED NURSING CARE FACILITIES
969,969,ENSV,"OIL, GAS FIELD SERVICES, NBC"
970,970,ENTG,"PLASTICS PRODUCTS, NEC"
971,971,ENV,"SERVICES-BUSINESS SERVICES, NEC"
972,972,ENVB,PHARMACEUTICAL PREPARATIONS
973,973,ENX,Investment Offices / Funds
974,974,ENZ,BIOLOGICAL PRODUCTS (NO DIAGNOSTIC SUBSTANCES)
975,975,EOD,Financial Services
976,976,EOG,CRUDE PETROLEUM &amp; NATURAL GAS
977,977,EOI,Financial Services
978,978,EOS,Financial Services
979,979,EOT,Financial Services
980,980,EPAC,MISC INDUSTRIAL &amp; COMMERCIAL MACHINERY &amp; EQUIPMENT
981,981,EPAY,Services-Prepackaged Software
982,982,EPC,"PERFUMES, COSMETICS &amp; OTHER TOILET PREPARATIONS"
983,983,EPD,NATURAL GAS TRANSMISSION
984,984,EPM,CRUDE PETROLEUM &amp; NATURAL GAS
985,985,EPR,REAL ESTATE INVESTMENT TRUSTS
986,986,EPSN,CRUDE PETROLEUM &amp; NATURAL GAS
987,987,EQC,REAL ESTATE INVESTMENT TRUSTS
988,988,EQNR,PETROLEUM REFINING
989,989,EQR,REAL ESTATE INVESTMENT TRUSTS
990,990,EQS,Financial Services
991,991,EQT,CRUDE PETROLEUM &amp; NATURAL GAS
992,992,ERC,Financial Services
993,993,ERH,Financial Services
994,994,ERIC,RADIO &amp; TV BROADCASTING &amp; COMMUNICATIONS EQUIPMENT
995,995,ERIE,INSURANCE AGENTS BROKERS &amp; SERVICES
996,996,ERII,"SPECIAL INDUSTRY MACHINERY, NEC"
997,997,ERJ,AIRCRAFT
998,998,ES,ELECTRIC SERVICES
999,999,ESCA,"Sporting & Athletic Goods, NEC"
1000,1000,ESE,"COMMUNICATIONS EQUIPMENT, NEC"
1001,1001,ESEA,DEEP SEA FOREIGN TRANSPORTATION OF FREIGHT
1002,1002,ESGR,"FIRE, MARINE &amp; CASUALTY INSURANCE"
1003,1003,ESLT,"AIRCRAFT PART &amp; AUXILIARY EQUIPMENT, NEC"
1004,1004,ESP,"ELECTRONIC COMPONENTS, NEC"
1005,1005,ESS,REAL ESTATE INVESTMENT TRUSTS
1006,1006,ESSA,"SAVINGS INSTITUTIONS, NOT FEDERALLY CHARTERED"
1007,1007,ESTE,CRUDE PETROLEUM &amp; NATURAL GAS
1008,1008,ESXB,State Commercial Banks
1009,1009,ET,NATURAL GAS TRANSMISSION
1010,1010,ETB,Financial Services
1011,1011,ETD,"WOOD HOUSEHOLD FURNITURE, (NO UPHOLSTERED)"
1012,1012,ETG,Financial Services
1013,1013,ETJ,Financial Services
1014,1014,ETN,MISC INDUSTRIAL &amp; COMMERCIAL MACHINERY &amp; EQUIPMENT
1015,1015,ETO,Financial Services
1016,1016,ETR,ELECTRIC SERVICES
1017,1017,ETV,Financial Services
1018,1018,ETW,Financial Services
1019,1019,ETY,Financial Services
1020,1020,EVBN,NATIONAL COMMERCIAL BANKS
1021,1021,EVC,TELEVISION BROADCASTING STATIONS
1022,1022,EVF,Financial Services
1023,1023,EVG,Financial Services
1024,1024,EVI,SERVICES-PERSONAL SERVICES
1025,1025,EVK,APPAREL &amp; OTHER FINISHED PRODS OF FABRICS &amp; SIMILAR MATERIAL
1026,1026,EVM,Investment Offices / Funds
1027,1027,EVN,Financial Services
1028,1028,EVOL,SERVICES-COMPUTER PROGRAMMING SERVICES
1029,1029,EVR,INVESTMENT ADVICE
1030,1030,EVRI,SERVICES-MISCELLANEOUS AMUSEMENT &amp; RECREATION
1031,1031,EVT,Financial Services
1032,1032,EVV,Financial Services
1033,1033,EVY,Investment Offices / Funds
1034,1034,EW,"ORTHOPEDIC, PROSTHETIC &amp; SURGICAL APPLIANCES &amp; SUPPLIES"
1035,1035,EWBC,STATE COMMERCIAL BANKS
1036,1036,EXAS,SERVICES-MEDICAL LABORATORIES
1037,1037,EXC,ELECTRIC &amp; OTHER SERVICES COMBINED
1038,1038,EXD,Investment Offices / Funds
1039,1039,EXEL,BIOLOGICAL PRODUCTS (NO DIAGNOSTIC SUBSTANCES)
1040,1040,EXFO,Instruments For Meas & Testing of  Electricity & Elec Signals
1041,1041,EXG,Financial Services
1042,1042,EXK,GOLD &amp; SILVER ORES
1043,1043,EXLS,"SERVICES-BUSINESS SERVICES, NEC"
1044,1044,EXN,GOLD &amp; SILVER ORES
1045,1045,EXP,"CEMENT, HYDRAULIC"
1046,1046,EXPD,ARRANGEMENT OF TRANSPORTATION OF FREIGHT &amp; CARGO
1047,1047,EXPE,TRANSPORTATION SERVICES
1048,1048,EXPO,SERVICES-MANAGEMENT CONSULTING SERVICES
1049,1049,EXPR,RETAIL-APPAREL &amp; ACCESSORY STORES
1050,1050,EXR,REAL ESTATE INVESTMENT TRUSTS
1051,1051,EXTR,COMPUTER COMMUNICATIONS EQUIPMENT
1052,1052,EYPT,LABORATORY ANALYTICAL INSTRUMENTS
1053,1053,EZPW,RETAIL-MISCELLANEOUS RETAIL
1054,1054,F,MOTOR VEHICLES &amp; PASSENGER CAR BODIES
1055,1055,FAF,TITLE INSURANCE
1056,1056,FAM,Investment Offices / Funds
1057,1057,FANH,INSURANCE AGENTS BROKERS &amp; SERVICES
1058,1058,FARM,MISCELLANEOUS FOOD PREPARATIONS &amp; KINDRED PRODUCTS
1059,1059,FARO,"MEASURING &amp; CONTROLLING DEVICES, NEC"
1060,1060,FAST,"RETAIL-BUILDING MATERIALS, HARDWARE, GARDEN SUPPLY"
1061,1061,FAX,Financial Services
1062,1062,FBC,"SAVINGS INSTITUTION, FEDERALLY CHARTERED"
1063,1063,FBIZ,STATE COMMERCIAL BANKS
1064,1064,FBMS,NATIONAL COMMERCIAL BANKS
1065,1065,FBNC,STATE COMMERCIAL BANKS
1066,1066,FBP,STATE COMMERCIAL BANKS
1067,1067,FBSS,State Commercial Banks
1068,1068,FC,SERVICES-MANAGEMENT SERVICES
1069,1069,FCBC,STATE COMMERCIAL BANKS
1070,1070,FCCO,STATE COMMERCIAL BANKS
1071,1071,FCCY,"Savings Institution, Federally Chartered"
1072,1072,FCEL,ELECTRICAL INDUSTRIAL APPARATUS
1073,1073,FCF,NATIONAL COMMERCIAL BANKS
1074,1074,FCFS,RETAIL-MISCELLANEOUS RETAIL
1075,1075,FCN,SERVICES-MANAGEMENT CONSULTING SERVICES
1076,1076,FCNCA,STATE COMMERCIAL BANKS
1077,1077,FCO,Financial Services
1078,1078,FCRD,Unknown
1079,1079,FCT,Financial Services
1080,1080,FCX,METAL MINING
1081,1081,FDP,AGRICULTURE PRODUCTION - CROPS
1082,1082,FDS,"SERVICES-COMPUTER PROGRAMMING, DATA PROCESSING, ETC."
1083,1083,FDX,AIR COURIER SERVICES
1084,1084,FE,ELECTRIC SERVICES
1085,1085,FEIM,INSTRUMENTS FOR MEAS &amp; TESTING OF ELECTRICITY &amp; ELEC SIGNALS
1086,1086,FELE,MOTORS &amp; GENERATORS
1087,1087,FEN,Investment Offices / Funds
1088,1088,FENC,BIOLOGICAL PRODUCTS (NO DIAGNOSTIC SUBSTANCES)
1089,1089,FEO,Investment Offices / Funds
1090,1090,FFA,Financial Services
1091,1091,FFBC,NATIONAL COMMERCIAL BANKS
1092,1092,FFC,Services-Computer Integrated Systems Design
1093,1093,FFG,Life Insurance
1094,1094,FFHL,SERVICES-PREPACKAGED SOFTWARE
1095,1095,FFIC,STATE COMMERCIAL BANKS
1096,1096,FFIN,STATE COMMERCIAL BANKS
1097,1097,FFIV,COMPUTER COMMUNICATIONS EQUIPMENT
1098,1098,FFNW,STATE COMMERCIAL BANKS
1099,1099,FGB,Investment Offices / Funds
1100,1100,FHI,INVESTMENT ADVICE
1101,1101,FHN,NATIONAL COMMERCIAL BANKS
1102,1102,FIBK,STATE COMMERCIAL BANKS
1103,1103,FICO,"SERVICES-BUSINESS SERVICES, NEC"
1104,1104,FIS,"SERVICES-BUSINESS SERVICES, NEC"
1105,1105,FISI,NATIONAL COMMERCIAL BANKS
1106,1106,FISV,"SERVICES-BUSINESS SERVICES, NEC"
1107,1107,FITB,STATE COMMERCIAL BANKS
1108,1108,FIX,ELECTRICAL WORK
1109,1109,FIZZ,BOTTLED &amp; CANNED SOFT DRINKS CARBONATED WATERS
1110,1110,FL,RETAIL-SHOE STORES
1111,1111,FLC,Services-Computer Integrated Systems Design
1112,1112,FLEX,PRINTED CIRCUIT BOARDS
1113,1113,FLIC,NATIONAL COMMERCIAL BANKS
1114,1114,FLIR,"Search, Detection, Navigation, Guidance, Aeronautical Sys"
1115,1115,FLL,HOTELS &amp; MOTELS
1116,1116,FLNT,SERVICES-ADVERTISING
1117,1117,FLO,FOOD &amp; KINDRED PRODUCTS
1118,1118,FLR,HEAVY CONSTRUCTION OTHER THAN BUILDING CONST - CONTRACTORS
1119,1119,FLS,PUMPS &amp; PUMPING EQUIPMENT
1120,1120,FLT,"SERVICES-BUSINESS SERVICES, NEC"
1121,1121,FLWS,"RETAIL-RETAIL STORES, NEC"
1122,1122,FLXS,HOUSEHOLD FURNITURE
1123,1123,FLY,Guided Missiles & Space Vehicles & Parts
1124,1124,FMAO,"SAVINGS INSTITUTION, FEDERALLY CHARTERED"
1125,1125,FMBI,National Commercial Banks
1126,1126,FMC,CHEMICALS &amp; ALLIED PRODUCTS
1127,1127,FMN,Financial Services
1128,1128,FMNB,STATE COMMERCIAL BANKS
1129,1129,FMO,Investment Offices / Funds
1130,1130,FMS,"SERVICES-MISC HEALTH &amp; ALLIED SERVICES, NEC"
1131,1131,FMX,BOTTLED &amp; CANNED SOFT DRINKS CARBONATED WATERS
1132,1132,FMY,Financial Services
1133,1133,FN,TELEPHONE &amp; TELEGRAPH APPARATUS
1134,1134,FNB,NATIONAL COMMERCIAL BANKS
1135,1135,FNCB,NATIONAL COMMERCIAL BANKS
1136,1136,FNHC,"FIRE, MARINE &amp; CASUALTY INSURANCE"
1137,1137,FNLC,NATIONAL COMMERCIAL BANKS
1138,1138,FNV,GOLD &amp; SILVER ORES
1139,1139,FNWD,"SAVINGS INSTITUTION, FEDERALLY CHARTERED"
1140,1140,FOE,"Paints, Varnishes, Lacquers, Enamels & Allied Prods"
1141,1141,FOF,Services-Computer Processing & Data Preparation
1142,1142,FOLD,PHARMACEUTICAL PREPARATIONS
1143,1143,FONR,ELECTROMEDICAL &amp; ELECTROTHERAPEUTIC APPARATUS
1144,1144,FORD,FINANCE SERVICES
1145,1145,FORM,SEMICONDUCTORS &amp; RELATED DEVICES
1146,1146,FORR,"SERVICES-ENGINEERING, ACCOUNTING, RESEARCH, MANAGEMENT"
1147,1147,FORTY,SERVICES-COMPUTER PROGRAMMING SERVICES
1148,1148,FOSL,"WATCHES, CLOCKS, CLOCKWORK OPERATED DEVICES/PARTS"
1149,1149,FR,REAL ESTATE INVESTMENT TRUSTS
1150,1150,FRA,"Services-Business Services, NEC"
1151,1151,FRAF,STATE COMMERCIAL BANKS
1152,1152,FRBA,National Commercial Banks
1153,1153,FRBK,STATE COMMERCIAL BANKS
1154,1154,FRC,"Savings Institutions, Not Federally Chartered"
1155,1155,FRD,"STEEL WORKS, BLAST FURNACES &amp; ROLLING &amp; FINISHING MILLS"
1156,1156,FRHC,"SECURITY BROKERS, DEALERS &amp; FLOTATION COMPANIES"
1157,1157,FRME,NATIONAL COMMERCIAL BANKS
1158,1158,FRO,DEEP SEA FOREIGN TRANSPORTATION OF FREIGHT
1159,1159,FRPH,REAL ESTATE
1160,1160,FRST,STATE COMMERCIAL BANKS
1161,1161,FRT,REAL ESTATE INVESTMENT TRUSTS
1162,1162,FSD,Investment Offices / Funds
1163,1163,FSFG,"SAVINGS INSTITUTION, FEDERALLY CHARTERED"
1164,1164,FSI,MISCELLANEOUS CHEMICAL PRODUCTS
1165,1165,FSLR,SEMICONDUCTORS &amp; RELATED DEVICES
1166,1166,FSM,GOLD &amp; SILVER ORES
1167,1167,FSP,REAL ESTATE INVESTMENT TRUSTS
1168,1168,FSS,MOTOR VEHICLES &amp; PASSENGER CAR BODIES
1169,1169,FSTR,WHOLESALE-METALS SERVICE CENTERS &amp; OFFICES
1170,1170,FT,Financial Services
1171,1171,FTEK,INDUSTRIAL &amp; COMMERCIAL FANS &amp; BLOWERS &amp; AIR PURIFYING EQUIP
1172,1172,FTF,Financial Services
1173,1173,FTFT,"SERVICES-BUSINESS SERVICES, NEC"
1174,1174,FTK,MISCELLANEOUS CHEMICAL PRODUCTS
1175,1175,FTNT,"COMPUTER PERIPHERAL EQUIPMENT, NEC"
1176,1176,FUD,Unknown
1177,1177,FUE,MISCELLANEOUS BUSINESS CREDIT INSTITUTION
1178,1178,FUL,ADHESIVES &amp; SEALANTS
1179,1179,FULT,NATIONAL COMMERCIAL BANKS
1180,1180,FUN,SERVICES-MISCELLANEOUS AMUSEMENT &amp; RECREATION
1181,1181,FUNC,NATIONAL COMMERCIAL BANKS
1182,1182,FUND,Financial Services
1183,1183,FUSB,STATE COMMERCIAL BANKS
1184,1184,FVE,State Commercial Banks
1185,1185,FWRD,ARRANGEMENT OF TRANSPORTATION OF FREIGHT &amp; CARGO
1186,1186,FXNC,STATE COMMERCIAL BANKS
1187,1187,G,SERVICES-MANAGEMENT CONSULTING SERVICES
1188,1188,GAB,Financial Services
1189,1189,GABC,STATE COMMERCIAL BANKS
1190,1190,GAIA,SERVICES-MOTION PICTURE &amp; VIDEO TAPE PRODUCTION
1191,1191,GAIN,Financial Services
1192,1192,GALT,PHARMACEUTICAL PREPARATIONS
1193,1193,GAM,Financial Services
1194,1194,GASS,DEEP SEA FOREIGN TRANSPORTATION OF FREIGHT
1195,1195,GATX,TRANSPORTATION SERVICES
1196,1196,GAU,"MINING, QUARRYING OF NONMETALLIC MINERALS (NO FUELS)"
1197,1197,GBAB,Financial Services
1198,1198,GBCI,STATE COMMERCIAL BANKS
1199,1199,GBDC,"Insurance Agents, Brokers & Service"
1200,1200,GBL,"SECURITY BROKERS, DEALERS &amp; FLOTATION COMPANIES"
1201,1201,GBX,RAILROAD EQUIPMENT
1202,1202,GCBC,"SAVINGS INSTITUTIONS, NOT FEDERALLY CHARTERED"
1203,1203,GCO,RETAIL-SHOE STORES
1204,1204,GCV,Financial Services
1205,1205,GD,SHIP &amp; BOAT BUILDING &amp; REPAIRING
1206,1206,GDEN,SERVICES-MISCELLANEOUS AMUSEMENT &amp; RECREATION
1207,1207,GDL,Financial Services
1208,1208,GDO,Financial Services
1209,1209,GDOT,FINANCE SERVICES
1210,1210,GDV,Financial Services
1211,1211,GE,ELECTRONIC &amp; OTHER ELECTRICAL EQUIPMENT (NO COMPUTER EQUIP)
1212,1212,GEC,Services-Prepackaged Software
1213,1213,GEF,"METAL SHIPPING BARRELS, DRUMS, KEGS &amp; PAILS"
1214,1214,GEF.B,"Metal Shipping Barrels, Drums, Kegs & Pails"
1215,1215,GEL,PIPE LINES (NO NATURAL GAS)
1216,1216,GEN,Services-Prepackaged Software
1217,1217,GENC,CONSTRUCTION MACHINERY &amp; EQUIP
1218,1218,GENE,BIOLOGICAL PRODUCTS (NO DIAGNOSTIC SUBSTANCES)
1219,1219,GEO,GEN BUILDING CONTRACTORS - RESIDENTIAL BUILDINGS
1220,1220,GEOS,"MEASURING &amp; CONTROLLING DEVICES, NEC"
1221,1221,GERN,PHARMACEUTICAL PREPARATIONS
1222,1222,GES,"WOMEN&#39;S, MISSES&#39;, CHILDREN&#39;S &amp; INFANTS&#39; UNDERGARMENTS"
1223,1223,GF,Financial Services
1224,1224,GFED,State Commercial Banks
1225,1225,GFF,"METAL DOORS, SASH, FRAMES, MOLDING &amp; TRIM"
1226,1226,GFI,GOLD &amp; SILVER ORES
1227,1227,GFN,"Wholesale-Medical, Dental & Hospital Equipment & Supplies"
1228,1228,GGAL,"COMMERCIAL BANKS, NEC"
1229,1229,GGB,"STEEL WORKS, BLAST FURNACES &amp; ROLLING &amp; FINISHING MILLS"
1230,1230,GGG,PUMPS &amp; PUMPING EQUIPMENT
1231,1231,GGMC,BLANK CHECKS
1232,1232,GGN,Financial Services
1233,1233,GGT,Financial Services
1234,1234,GHC,SERVICES-EDUCATIONAL SERVICES
1235,1235,GHL,"SECURITY BROKERS, DEALERS &amp; FLOTATION COMPANIES"
1236,1236,GHM,GENERAL INDUSTRIAL MACHINERY &amp; EQUIPMENT
1237,1237,GIB,SERVICES-MANAGEMENT CONSULTING SERVICES
1238,1238,GIC,WHOLESALE-INDUSTRIAL MACHINERY &amp; EQUIPMENT
1239,1239,GIFI,FABRICATED STRUCTURAL METAL PRODUCTS
1240,1240,GIGM,"SERVICES-COMPUTER PROGRAMMING, DATA PROCESSING, ETC."
1241,1241,GIII,APPAREL &amp; OTHER FINISHED PRODS OF FABRICS &amp; SIMILAR MATERIAL
1242,1242,GIL,APPAREL &amp; OTHER FINISHED PRODS OF FABRICS &amp; SIMILAR MATERIAL
1243,1243,GILD,BIOLOGICAL PRODUCTS (NO DIAGNOSTIC SUBSTANCES)
1244,1244,GILT,RADIO &amp; TV BROADCASTING &amp; COMMUNICATIONS EQUIPMENT
1245,1245,GIM,Investment Offices / Funds
1246,1246,GIS,GRAIN MILL PRODUCTS
1247,1247,GJH,ASSET-BACKED SECURITIES
1248,1248,GJO,ASSET-BACKED SECURITIES
1249,1249,GJP,ASSET-BACKED SECURITIES
1250,1250,GJS,ASSET-BACKED SECURITIES
1251,1251,GL,LIFE INSURANCE
1252,1252,GLAD,"Lessors of  Real Property, NEC"
1253,1253,GLBS,DEEP SEA FOREIGN TRANSPORTATION OF FREIGHT
1254,1254,GLBZ,STATE COMMERCIAL BANKS
1255,1255,GLDD,HEAVY CONSTRUCTION OTHER THAN BUILDING CONST - CONTRACTORS
1256,1256,GLNG,WATER TRANSPORTATION
1257,1257,GLO,Financial Services
1258,1258,GLP,WHOLESALE-PETROLEUM BULK STATIONS &amp; TERMINALS
1259,1259,GLQ,Financial Services
1260,1260,GLRE,"FIRE, MARINE &amp; CASUALTY INSURANCE"
1261,1261,GLT,PAPER MILLS
1262,1262,GLU,Financial Services
1263,1263,GLUU,Services-Computer Programming Services
1264,1264,GLV,Financial Services
1265,1265,GLW,DRAWING AND INSULATING NONFERROUS WIRE
1266,1266,GM,MOTOR VEHICLES &amp; PASSENGER CAR BODIES
1267,1267,GMBL,SERVICES-AMUSEMENT &amp; RECREATION SERVICES
1268,1268,GME,RETAIL-COMPUTER &amp; COMPUTER SOFTWARE STORES
1269,1269,GNMK,Surgical & Medical Instruments & Apparatus
1270,1270,GNRC,MOTORS &amp; GENERATORS
1271,1271,GNSS,HOUSEHOLD AUDIO &amp; VIDEO EQUIPMENT
1272,1272,GNTX,MOTOR VEHICLE PARTS &amp; ACCESSORIES
1273,1273,GNW,LIFE INSURANCE
1274,1274,GOF,Financial Services
1275,1275,GOGL,WATER TRANSPORTATION
1276,1276,GOL,"AIR TRANSPORTATION, SCHEDULED"
1277,1277,GOLD,GOLD &amp; SILVER ORES
1278,1278,GOOD,"LESSORS OF REAL PROPERTY, NEC"
1279,1279,GOOGL,"SERVICES-COMPUTER PROGRAMMING, DATA PROCESSING, ETC."
1280,1280,GORO,GOLD &amp; SILVER ORES
1281,1281,GOVX,PHARMACEUTICAL PREPARATIONS
1282,1282,GPC,WHOLESALE-MOTOR VEHICLE SUPPLIES &amp; NEW PARTS
1283,1283,GPI,RETAIL-AUTO DEALERS &amp; GASOLINE STATIONS
1284,1284,GPK,PAPERBOARD CONTAINERS &amp; BOXES
1285,1285,GPL,METAL MINING
1286,1286,GPM,Investment Offices / Funds
1287,1287,GPN,"SERVICES-BUSINESS SERVICES, NEC"
1288,1288,GPRE,INDUSTRIAL ORGANIC CHEMICALS
1289,1289,GPS,RETAIL-FAMILY CLOTHING STORES
1290,1290,GPX,Services-Educational Services
1291,1291,GRA,"Plastic Material, Synth Resin/Rubber, Cellulos (No Glass)"
1292,1292,GRBK,OPERATIVE BUILDERS
1293,1293,GRC,PUMPS &amp; PUMPING EQUIPMENT
1294,1294,GRF,Surgical & Medical Instruments & Apparatus
1295,1295,GRMN,"SEARCH, DETECTION, NAVIGATION, GUIDANCE, AERONAUTICAL SYS"
1296,1296,GROW,INVESTMENT ADVICE
1297,1297,GRU,MISCELLANEOUS BUSINESS CREDIT INSTITUTION
1298,1298,GRVY,SERVICES-COMPUTER PROCESSING &amp; DATA PREPARATION
1299,1299,GRX,Financial Services
1300,1300,GS,"SECURITY BROKERS, DEALERS &amp; FLOTATION COMPANIES"
1301,1301,GSAT,"COMMUNICATION SERVICES, NEC"
1302,1302,GSBC,STATE COMMERCIAL BANKS
1303,1303,GSIT,SEMICONDUCTORS &amp; RELATED DEVICES
1304,1304,GSK,PHARMACEUTICAL PREPARATIONS
1305,1305,GSL,DEEP SEA FOREIGN TRANSPORTATION OF FREIGHT
1306,1306,GSP,"COMMERCIAL BANKS, NEC"
1307,1307,GSS,GOLD &amp; SILVER ORES
1308,1308,GSV,"MINING, QUARRYING OF NONMETALLIC MINERALS (NO FUELS)"
1309,1309,GT,TIRES AND INNER TUBES
1310,1310,GTBP,PHARMACEUTICAL PREPARATIONS
1311,1311,GTE,CRUDE PETROLEUM &amp; NATURAL GAS
1312,1312,GTIM,RETAIL-EATING PLACES
1313,1313,GTLS,FABRICATED PLATE WORK (BOILER SHOPS)
1314,1314,GTN,TELEVISION BROADCASTING STATIONS
1315,1315,GTN.A,"Services-Computer Programming, Data Processing, Etc."
1316,1316,GTS,Accident & Health Insurance
1317,1317,GTY,REAL ESTATE
1318,1318,GURE,CHEMICALS &amp; ALLIED PRODUCTS
1319,1319,GUT,Financial Services
1320,1320,GV,Services-Educational Services
1321,1321,GVA,HEAVY CONSTRUCTION OTHER THAN BUILDING CONST - CONTRACTORS
1322,1322,GVP,SERVICES-PREPACKAGED SOFTWARE
1323,1323,GWW,WHOLESALE-DURABLE GOODS
1324,1324,GYC,Asset-Backed Securities
1325,1325,H,HOTELS &amp; MOTELS
1326,1326,HA,"AIR TRANSPORTATION, SCHEDULED"
1327,1327,HAE,SURGICAL &amp; MEDICAL INSTRUMENTS &amp; APPARATUS
1328,1328,HAFC,NATIONAL COMMERCIAL BANKS
1329,1329,HAIN,FOOD &amp; KINDRED PRODUCTS
1330,1330,HAL,"OIL, GAS FIELD SERVICES, NBC"
1331,1331,HALL,"INSURANCE CARRIERS, NEC"
1332,1332,HALO,BIOLOGICAL PRODUCTS (NO DIAGNOSTIC SUBSTANCES)
1333,1333,HAS,"GAMES, TOYS &amp; CHILDREN&#39;S VEHICLES (NO DOLLS &amp; BICYCLES)"
1334,1334,HAYN,"STEEL WORKS, BLAST FURNACES &amp; ROLLING &amp; FINISHING MILLS"
1335,1335,HBAN,NATIONAL COMMERCIAL BANKS
1336,1336,HBCP,"SAVINGS INSTITUTIONS, NOT FEDERALLY CHARTERED"
1337,1337,HBI,RETAIL-APPAREL &amp; ACCESSORY STORES
1338,1338,HBIO,LABORATORY ANALYTICAL INSTRUMENTS
1339,1339,HBM,METAL MINING
1340,1340,HBNC,STATE COMMERCIAL BANKS
1341,1341,HBP,WHOLESALE-LUMBER &amp; OTHER CONSTRUCTION MATERIALS
1342,1342,HCCI,SANITARY SERVICES
1343,1343,HCHC,Fabricated Structural Metal Products
1344,1344,HCI,"FIRE, MARINE &amp; CASUALTY INSURANCE"
1345,1345,HCKT,SERVICES-MANAGEMENT CONSULTING SERVICES
1346,1346,HCSG,SERVICES-NURSING &amp; PERSONAL CARE FACILITIES
1347,1347,HD,RETAIL-LUMBER &amp; OTHER BUILDING MATERIALS DEALERS
1348,1348,HDB,"COMMERCIAL BANKS, NEC"
1349,1349,HDSN,"WHOLESALE-MACHINERY, EQUIPMENT &amp; SUPPLIES"
1350,1350,HE,ELECTRIC SERVICES
1351,1351,HEAR,"COMMUNICATIONS EQUIPMENT, NEC"
1352,1352,HEES,SERVICES-MISCELLANEOUS EQUIPMENT RENTAL &amp; LEASING
1353,1353,HEI,AIRCRAFT ENGINES &amp; ENGINE PARTS
1354,1354,HEI.A,Aircraft Engines & Engine Parts
1355,1355,HELE,ELECTRIC HOUSEWARES &amp; FANS
1356,1356,HEP,PIPE LINES (NO NATURAL GAS)
1357,1357,HES,PETROLEUM REFINING
1358,1358,HFBL,"SAVINGS INSTITUTION, FEDERALLY CHARTERED"
1359,1359,HFC,Petroleum Refining
1360,1360,HFWA,"SAVINGS INSTITUTIONS, NOT FEDERALLY CHARTERED"
1361,1361,HGSH,Real Estate
1362,1362,HHC,REAL ESTATE INVESTMENT TRUSTS
1363,1363,HI,MISCELLANEOUS MANUFACTURING INDUSTRIES
1364,1364,HIBB,RETAIL-MISCELLANEOUS SHOPPING GOODS STORES
1365,1365,HIFS,National Commercial Banks
1366,1366,HIG,"FIRE, MARINE &amp; CASUALTY INSURANCE"
1367,1367,HIHO,MISCELLANEOUS FABRICATED METAL PRODUCTS
1368,1368,HIL,SERVICES-ENGINEERING SERVICES
1369,1369,HIMX,SEMICONDUCTORS &amp; RELATED DEVICES
1370,1370,HIO,Financial Services
1371,1371,HIW,REAL ESTATE INVESTMENT TRUSTS
1372,1372,HIX,Financial Services
1373,1373,HL,"MINING, QUARRYING OF NONMETALLIC MINERALS (NO FUELS)"
1374,1374,HLF,WHOLESALE-DRUGS PROPRIETARIES &amp; DRUGGISTS&#39; SUNDRIES
1375,1375,HLIO,MISCELLANEOUS FABRICATED METAL PRODUCTS
1376,1376,HLIT,RADIO &amp; TV BROADCASTING &amp; COMMUNICATIONS EQUIPMENT
1377,1377,HLX,"OIL, GAS FIELD SERVICES, NBC"
1378,1378,HMC,MOTOR VEHICLES &amp; PASSENGER CAR BODIES
1379,1379,HMG,Real Estate Investment Trusts
1380,1380,HMN,"FIRE, MARINE &amp; CASUALTY INSURANCE"
1381,1381,HMNF,"SAVINGS INSTITUTION, FEDERALLY CHARTERED"
1382,1382,HMSY,"Services-Business Services, NEC"
1383,1383,HMY,GOLD &amp; SILVER ORES
1384,1384,HNGR,"SERVICES-SPECIALTY OUTPATIENT FACILITIES, NEC"
1385,1385,HNI,OFFICE FURNITURE (NO WOOD)
1386,1386,HNNA,INVESTMENT ADVICE
1387,1387,HNP,Electric Services
1388,1388,HNRG,ELECTRIC SERVICES
1389,1389,HNW,Investment Offices / Funds
1390,1390,HOFT,HOUSEHOLD FURNITURE
1391,1391,HOG,"MOTORCYCLES, BICYCLES &amp; PARTS"
1392,1392,HOLI,ELECTRICAL INDUSTRIAL APPARATUS
1393,1393,HOLX,X-RAY APPARATUS &amp; TUBES &amp; RELATED IRRADIATION APPARATUS
1394,1394,HOMB,STATE COMMERCIAL BANKS
1395,1395,HON,AIRCRAFT ENGINES &amp; ENGINE PARTS
1396,1396,HOPE,NATIONAL COMMERCIAL BANKS
1397,1397,HOV,OPERATIVE BUILDERS
1398,1398,HP,DRILLING OIL &amp; GAS WELLS
1399,1399,HPF,Financial Services
1400,1400,HPI,Financial Services
1401,1401,HPP,REAL ESTATE
1402,1402,HPQ,COMPUTER &amp; OFFICE EQUIPMENT
1403,1403,HPR,Crude Petroleum & Natural Gas
1404,1404,HPS,Financial Services
1405,1405,HQH,Financial Services
1406,1406,HQI,SERVICES-HELP SUPPLY SERVICES
1407,1407,HQL,Financial Services
1408,1408,HR,REAL ESTATE INVESTMENT TRUSTS
1409,1409,HRB,SERVICES-PERSONAL SERVICES
1410,1410,HRC,Surgical & Medical Instruments & Apparatus
1411,1411,HRI,SERVICES-MISCELLANEOUS EQUIPMENT RENTAL &amp; LEASING
1412,1412,HRL,MEAT PACKING PLANTS
1413,1413,HRTX,PHARMACEUTICAL PREPARATIONS
1414,1414,HRZN,"Plastic Materials, Synth Resins & Nonvulcan Elastomers"
1415,1415,HSBC,"SAVINGS INSTITUTION, FEDERALLY CHARTERED"
1416,1416,HSC,"SERVICES-SERVICES, NEC"
1417,1417,HSIC,"WHOLESALE-MEDICAL, DENTAL &amp; HOSPITAL EQUIPMENT &amp; SUPPLIES"
1418,1418,HSII,SERVICES-EMPLOYMENT AGENCIES
1419,1419,HSKA,IN VITRO &amp; IN VIVO DIAGNOSTIC SUBSTANCES
1420,1420,HSON,SERVICES-HELP SUPPLY SERVICES
1421,1421,HST,REAL ESTATE INVESTMENT TRUSTS
1422,1422,HSTM,"SERVICES-COMPUTER PROGRAMMING, DATA PROCESSING, ETC."
1423,1423,HSY,SUGAR &amp; CONFECTIONERY PRODUCTS
1424,1424,HT,REAL ESTATE INVESTMENT TRUSTS
1425,1425,HTBK,STATE COMMERCIAL BANKS
1426,1426,HTD,Financial Services
1427,1427,HTGC,Pharmaceutical Preparations
1428,1428,HTH,STATE COMMERCIAL BANKS
1429,1429,HTHT,HOTELS &amp; MOTELS
1430,1430,HTLD,TRUCKING (NO LOCAL)
1431,1431,HTLF,STATE COMMERCIAL BANKS
1432,1432,HTY,Investment Offices / Funds
1433,1433,HUBG,ARRANGEMENT OF TRANSPORTATION OF FREIGHT &amp; CARGO
1434,1434,HUM,HOSPITAL &amp; MEDICAL SERVICE PLANS
1435,1435,HUN,CHEMICALS &amp; ALLIED PRODUCTS
1436,1436,HURC,"INDUSTRIAL INSTRUMENTS FOR MEASUREMENT, DISPLAY, AND CONTROL"
1437,1437,HURN,SERVICES-MANAGEMENT CONSULTING SERVICES
1438,1438,HUSA,CRUDE PETROLEUM &amp; NATURAL GAS
1439,1439,HVT,RETAIL-FURNITURE STORES
1440,1440,HVT.A,Retail-Furniture Stores
1441,1441,HWBK,NATIONAL COMMERCIAL BANKS
1442,1442,HWC,STATE COMMERCIAL BANKS
1443,1443,HWCC,"Wholesale-Electrical Apparatus & Equipment, Wiring Supplies "
1444,1444,HWKN,WHOLESALE-CHEMICALS &amp; ALLIED PRODUCTS
1445,1445,HWM,ROLLING DRAWING &amp; EXTRUDING OF NONFERROUS METALS
1446,1446,HXL,"PLASTICS, MATERIALS, SYNTH RESINS &amp; NONVULCAN ELASTOMERS"
1447,1447,HYB,Blank Checks
1448,1448,HYI,Financial Services
1449,1449,HYT,Financial Services
1450,1450,HZO,RETAIL-AUTO &amp; HOME SUPPLY STORES
1451,1451,IAE,Life Insurance
1452,1452,IAF,Financial Services
1453,1453,IAG,GOLD &amp; SILVER ORES
1454,1454,IART,SURGICAL &amp; MEDICAL INSTRUMENTS &amp; APPARATUS
1455,1455,IBA,POULTRY SLAUGHTERING AND PROCESSING
1456,1456,IBCP,STATE COMMERCIAL BANKS
1457,1457,IBIO,PHARMACEUTICAL PREPARATIONS
1458,1458,IBKR,"SECURITY BROKERS, DEALERS &amp; FLOTATION COMPANIES"
1459,1459,IBM,COMPUTER &amp; OFFICE EQUIPMENT
1460,1460,IBN,"COMMERCIAL BANKS, NEC"
1461,1461,IBOC,STATE COMMERCIAL BANKS
1462,1462,ICAD,SURGICAL &amp; MEDICAL INSTRUMENTS &amp; APPARATUS
1463,1463,ICCC,IN VITRO &amp; IN VIVO DIAGNOSTIC SUBSTANCES
1464,1464,ICE,"SECURITY &amp; COMMODITY BROKERS, DEALERS, EXCHANGES &amp; SERVICES"
1465,1465,ICFI,SERVICES-MANAGEMENT CONSULTING SERVICES
1466,1466,ICON,Deep Sea Foreign Transportation of  Freight
1467,1467,ICUI,SURGICAL &amp; MEDICAL INSTRUMENTS &amp; APPARATUS
1468,1468,IDA,ELECTRIC SERVICES
1469,1469,IDCC,PATENT OWNERS &amp; LESSORS
1470,1470,IDE,Financial Services
1471,1471,IDEX,MOTOR VEHICLES &amp; PASSENGER CAR BODIES
1472,1472,IDN,SERVICES-PREPACKAGED SOFTWARE
1473,1473,IDRA,BIOLOGICAL PRODUCTS (NO DIAGNOSTIC SUBSTANCES)
1474,1474,IDT,TELEPHONE COMMUNICATIONS (NO RADIO TELEPHONE)
1475,1475,IDXG,SURGICAL &amp; MEDICAL INSTRUMENTS &amp; APPARATUS
1476,1476,IDXX,IN VITRO &amp; IN VIVO DIAGNOSTIC SUBSTANCES
1477,1477,IEC,Printed Circuit Boards
1478,1478,IEP,PETROLEUM REFINING
1479,1479,IESC,ELECTRICAL WORK
1480,1480,IEX,PUMPS &amp; PUMPING EQUIPMENT
1481,1481,IFF,INDUSTRIAL ORGANIC CHEMICALS
1482,1482,IFN,"Security Brokers, Dealers & Flotation Companies"
1483,1483,IGA,Financial Services
1484,1484,IGC,PHARMACEUTICAL PREPARATIONS
1485,1485,IGD,Financial Services
1486,1486,IGI,Financial Services
1487,1487,IGR,Real Estate Investment Trusts
1488,1488,IHC,Life Insurance
1489,1489,IHG,HOTELS &amp; MOTELS
1490,1490,IHT,REAL ESTATE INVESTMENT TRUSTS
1491,1491,IID,Investment Offices / Funds
1492,1492,IIF,"Security Brokers, Dealers & Flotation Companies"
1493,1493,III,SERVICES-MANAGEMENT CONSULTING SERVICES
1494,1494,IIIN,"STEEL WORKS, BLAST FURNACES &amp; ROLLING &amp; FINISHING MILLS"
1495,1495,IIM,Financial Services
1496,1496,IIN,Electronic Components & Accessories
1497,1497,IIVI,OPTICAL INSTRUMENTS &amp; LENSES
1498,1498,ILMN,LABORATORY ANALYTICAL INSTRUMENTS
1499,1499,IMAX,PHOTOGRAPHIC EQUIPMENT &amp; SUPPLIES
1500,1500,IMBI,RETAIL-CATALOG &amp; MAIL-ORDER HOUSES
1501,1501,IMGN,PHARMACEUTICAL PREPARATIONS
1502,1502,IMH,REAL ESTATE INVESTMENT TRUSTS
1503,1503,IMKTA,RETAIL-GROCERY STORES
1504,1504,IMMR,"COMPUTER PERIPHERAL EQUIPMENT, NEC"
1505,1505,IMO,PETROLEUM REFINING
1506,1506,INBK,STATE COMMERCIAL BANKS
1507,1507,INCY,SERVICES-COMMERCIAL PHYSICAL &amp; BIOLOGICAL RESEARCH
1508,1508,INDB,STATE COMMERCIAL BANKS
1509,1509,INDT,REAL ESTATE
1510,1510,INFI,PHARMACEUTICAL PREPARATIONS
1511,1511,INFN,TELEPHONE &amp; TELEGRAPH APPARATUS
1512,1512,INFU,SURGICAL &amp; MEDICAL INSTRUMENTS &amp; APPARATUS
1513,1513,INFY,SERVICES-COMPUTER PROGRAMMING SERVICES
1514,1514,ING,"COMMERCIAL BANKS, NEC"
1515,1515,INO,PHARMACEUTICAL PREPARATIONS
1516,1516,INOD,SERVICES-COMPUTER PROCESSING &amp; DATA PREPARATION
1517,1517,INS,Services-Prepackaged Software
1518,1518,INSI,Investment Offices / Funds
1519,1519,INSM,PHARMACEUTICAL PREPARATIONS
1520,1520,INT,WHOLESALE-PETROLEUM &amp; PETROLEUM PRODUCTS (NO BULK STATIONS)
1521,1521,INTC,SEMICONDUCTORS &amp; RELATED DEVICES
1522,1522,INTG,OPERATORS OF APARTMENT BUILDINGS
1523,1523,INTT,INSTRUMENTS FOR MEAS &amp; TESTING OF ELECTRICITY &amp; ELEC SIGNALS
1524,1524,INTU,SERVICES-PREPACKAGED SOFTWARE
1525,1525,INUV,SERVICES-ADVERTISING
1526,1526,INVA,PHARMACEUTICAL PREPARATIONS
1527,1527,INVE,"COMPUTER PERIPHERAL EQUIPMENT, NEC"
1528,1528,INVO,SURGICAL &amp; MEDICAL INSTRUMENTS &amp; APPARATUS
1529,1529,IO,Oil & Gas Field Exploration Services
1530,1530,IONS,PHARMACEUTICAL PREPARATIONS
1531,1531,IOR,REAL ESTATE INVESTMENT TRUSTS
1532,1532,IOSP,CHEMICALS &amp; ALLIED PRODUCTS
1533,1533,IP,PAPER MILLS
1534,1534,IPAR,"PERFUMES, COSMETICS &amp; OTHER TOILET PREPARATIONS"
1535,1535,IPG,SERVICES-ADVERTISING AGENCIES
1536,1536,IPGP,SEMICONDUCTORS &amp; RELATED DEVICES
1537,1537,IPHI,Semiconductors & Related Devices
1538,1538,IPI,"MINING, QUARRYING OF NONMETALLIC MINERALS (NO FUELS)"
1539,1539,IQI,Financial Services
1540,1540,IRBT,HOUSEHOLD APPLIANCES
1541,1541,IRCP,Opeators of  Nonresidential Buildings
1542,1542,IRDM,"COMMUNICATION SERVICES, NEC"
1543,1543,IRIX,ELECTROMEDICAL &amp; ELECTROTHERAPEUTIC APPARATUS
1544,1544,IRL,Investment Offices / Funds
1545,1545,IRR,Investment Offices / Funds
1546,1546,IRS,LAND SUBDIVIDERS &amp; DEVELOPERS (NO CEMETERIES)
1547,1547,IRWD,PHARMACEUTICAL PREPARATIONS
1548,1548,ISIG,AGRICULTURE PRODUCTION - CROPS
1549,1549,ISNS,"Measuring & Controlling Devices, NEC"
1550,1550,ISR,PHARMACEUTICAL PREPARATIONS
1551,1551,ISRG,"ORTHOPEDIC, PROSTHETIC &amp; SURGICAL APPLIANCES &amp; SUPPLIES"
1552,1552,ISSC,SERVICES-COMPUTER PROGRAMMING SERVICES
1553,1553,IT,SERVICES-MANAGEMENT SERVICES
1554,1554,ITCB,"COMMERCIAL BANKS, NEC"
1555,1555,ITGR,ELECTROMEDICAL &amp; ELECTROTHERAPEUTIC APPARATUS
1556,1556,ITI,"COMMUNICATIONS EQUIPMENT, NEC"
1557,1557,ITIC,TITLE INSURANCE
1558,1558,ITP,CONVERTED PAPER &amp; PAPERBOARD PRODS (NO CONTAINERS/BOXES)
1559,1559,ITRI,INSTRUMENTS FOR MEAS &amp; TESTING OF ELECTRICITY &amp; ELEC SIGNALS
1560,1560,ITRN,"WHOLESALE-ELECTRONIC PARTS &amp; EQUIPMENT, NEC"
1561,1561,ITUB,STATE COMMERCIAL BANKS
1562,1562,ITW,GENERAL INDUSTRIAL MACHINERY &amp; EQUIPMENT
1563,1563,IVAC,"SPECIAL INDUSTRY MACHINERY, NEC"
1564,1564,IVC,"ORTHOPEDIC, PROSTHETIC &amp; SURGICAL APPLIANCES &amp; SUPPLIES"
1565,1565,IVR,REAL ESTATE INVESTMENT TRUSTS
1566,1566,IVZ,INVESTMENT ADVICE
1567,1567,IX,MISCELLANEOUS BUSINESS CREDIT INSTITUTION
1568,1568,J,HEAVY CONSTRUCTION OTHER THAN BUILDING CONST - CONTRACTORS
1569,1569,JACK,RETAIL-EATING PLACES
1570,1570,JAKK,"GAMES, TOYS &amp; CHILDREN&#39;S VEHICLES (NO DOLLS &amp; BICYCLES)"
1571,1571,JAN,Commodity Contracts Brokers & Dealers
1572,1572,JAZZ,PHARMACEUTICAL PREPARATIONS
1573,1573,JBHT,TRUCKING (NO LOCAL)
1574,1574,JBK,ASSET-BACKED SECURITIES
1575,1575,JBL,PRINTED CIRCUIT BOARDS
1576,1576,JBLU,"AIR TRANSPORTATION, SCHEDULED"
1577,1577,JBSS,SUGAR &amp; CONFECTIONERY PRODUCTS
1578,1578,JBT,SPECIAL INDUSTRY MACHINERY (NO METALWORKING MACHINERY)
1579,1579,JCE,Financial Services
1580,1580,JCI,AIR COND &amp; WARM AIR HEATING EQUIP &amp; COMM &amp; INDL REFRIG EQUIP
1581,1581,JCS,Construction - Special Trade Contractors
1582,1582,JCTCF,RETAIL-LUMBER &amp; OTHER BUILDING MATERIALS DEALERS
1583,1583,JDD,Commodity Contracts Brokers & Dealers
1584,1584,JEF,"SECURITY BROKERS, DEALERS &amp; FLOTATION COMPANIES"
1585,1585,JEQ,Investment Offices / Funds
1586,1586,JFR,Financial Services
1587,1587,JHI,Financial Services
1588,1588,JHS,Financial Services
1589,1589,JHX,"CONCRETE PRODUCTS, EXCEPT BLOCK &amp; BRICK"
1590,1590,JJSF,COOKIES &amp; CRACKERS
1591,1591,JKHY,SERVICES-COMPUTER INTEGRATED SYSTEMS DESIGN
1592,1592,JKS,SEMICONDUCTORS &amp; RELATED DEVICES
1593,1593,JLL,REAL ESTATE AGENTS &amp; MANAGERS (FOR OTHERS)
1594,1594,JLS,Financial Services
1595,1595,JMM,Financial Services
1596,1596,JNJ,PHARMACEUTICAL PREPARATIONS
1597,1597,JNPR,COMPUTER COMMUNICATIONS EQUIPMENT
1598,1598,JOB,SERVICES-EMPLOYMENT AGENCIES
1599,1599,JOBS,Services-Employment Agencies
1600,1600,JOE,LAND SUBDIVIDERS &amp; DEVELOPERS (NO CEMETERIES)
1601,1601,JOF,Financial Services
1602,1602,JOUT,"Sporting & Athletic Goods, NEC"
1603,1603,JPC,Financial Services
1604,1604,JPM,NATIONAL COMMERCIAL BANKS
1605,1605,JPS,Investment Offices / Funds
1606,1606,JQC,Financial Services
1607,1607,JRJC,"Security Brokers, Dealers & Flotation Companies"
1608,1608,JRO,Investment Offices / Funds
1609,1609,JRS,Real Estate Investment Trusts
1610,1610,JTA,Unknown
1611,1611,JTD,Investment Offices / Funds
1612,1612,JVA,MISCELLANEOUS FOOD PREPARATIONS &amp; KINDRED PRODUCTS
1613,1613,JW.A,Books: Publishing or  Publishing & Printing
1614,1614,JW.B,Books: Publishing or  Publishing & Printing
1615,1615,JWN,RETAIL-FAMILY CLOTHING STORES
1616,1616,K,GRAIN MILL PRODUCTS
1617,1617,KAI,SPECIAL INDUSTRY MACHINERY (NO METALWORKING MACHINERY)
1618,1618,KALU,ROLLING DRAWING &amp; EXTRUDING OF NONFERROUS METALS
1619,1619,KAMN,GUIDED MISSILES &amp; SPACE VEHICLES &amp; PARTS
1620,1620,KAR,RETAIL-AUTO DEALERS &amp; GASOLINE STATIONS
1621,1621,KB,"COMMERCIAL BANKS, NEC"
1622,1622,KBAL,HOUSEHOLD FURNITURE
1623,1623,KBH,OPERATIVE BUILDERS
1624,1624,KBR,HEAVY CONSTRUCTION OTHER THAN BUILDING CONST - CONTRACTORS
1625,1625,KDP,BEVERAGES
1626,1626,KELYA,SERVICES-HELP SUPPLY SERVICES
1627,1627,KEP,ELECTRIC SERVICES
1628,1628,KEQU,LABORATORY APPARATUS &amp; FURNITURE
1629,1629,KEX,WATER TRANSPORTATION
1630,1630,KEY,NATIONAL COMMERCIAL BANKS
1631,1631,KF,Financial Services
1632,1632,KFFB,"SAVINGS INSTITUTION, FEDERALLY CHARTERED"
1633,1633,KFRC,SERVICES-HELP SUPPLY SERVICES
1634,1634,KFS,"FIRE, MARINE &amp; CASUALTY INSURANCE"
1635,1635,KFY,SERVICES-EMPLOYMENT AGENCIES
1636,1636,KGC,GOLD &amp; SILVER ORES
1637,1637,KIM,REAL ESTATE INVESTMENT TRUSTS
1638,1638,KINS,"FIRE, MARINE &amp; CASUALTY INSURANCE"
1639,1639,KIRK,"RETAIL-RETAIL STORES, NEC"
1640,1640,KLAC,OPTICAL INSTRUMENTS &amp; LENSES
1641,1641,KLIC,SEMICONDUCTORS &amp; RELATED DEVICES
1642,1642,KMB,CONVERTED PAPER &amp; PAPERBOARD PRODS (NO CONTAINERS/BOXES)
1643,1643,KMF,Natural Gas Transmission
1644,1644,KMPR,"FIRE, MARINE &amp; CASUALTY INSURANCE"
1645,1645,KMT,"MACHINE TOOLS, METAL CUTTING TYPES"
1646,1646,KMX,RETAIL-AUTO DEALERS &amp; GASOLINE STATIONS
1647,1647,KNDI,MOTOR VEHICLES &amp; PASSENGER CAR BODIES
1648,1648,KNL,Services-Commercial Physical & Biological Research
1649,1649,KNX,TRUCKING (NO LOCAL)
1650,1650,KO,BEVERAGES
1651,1651,KODK,PHOTOGRAPHIC EQUIPMENT &amp; SUPPLIES
1652,1652,KOF,BOTTLED &amp; CANNED SOFT DRINKS CARBONATED WATERS
1653,1653,KOP,LUMBER &amp; WOOD PRODUCTS (NO FURNITURE)
1654,1654,KOPN,SEMICONDUCTORS &amp; RELATED DEVICES
1655,1655,KOSS,HOUSEHOLD AUDIO &amp; VIDEO EQUIPMENT
1656,1656,KR,RETAIL-GROCERY STORES
1657,1657,KRA,"Plastic Materials, Synth Resins & Nonvulcan Elastomers"
1658,1658,KRC,REAL ESTATE INVESTMENT TRUSTS
1659,1659,KRG,REAL ESTATE INVESTMENT TRUSTS
1660,1660,KRMD,SURGICAL &amp; MEDICAL INSTRUMENTS &amp; APPARATUS
1661,1661,KRO,INDUSTRIAL INORGANIC CHEMICALS
1662,1662,KSM,Investment Offices / Funds
1663,1663,KSPN,RETAIL- COMPUTER &amp; PRERECORDED TAPE STORES
1664,1664,KSS,RETAIL-DEPARTMENT STORES
1665,1665,KSU,"Railroads, Line-Haul Operating"
1666,1666,KT,TELEPHONE COMMUNICATIONS (NO RADIO TELEPHONE)
1667,1667,KTCC,PRINTED CIRCUIT BOARDS
1668,1668,KTF,Financial Services
1669,1669,KTN,ASSET-BACKED SECURITIES
1670,1670,KTOS,GUIDED MISSILES &amp; SPACE VEHICLES &amp; PARTS
1671,1671,KVHI,"COMMUNICATION SERVICES, NEC"
1672,1672,KW,REAL ESTATE
1673,1673,KWR,MISCELLANEOUS PRODUCTS OF PETROLEUM &amp;  COAL
1674,1674,KYN,Natural Gas Transmission
1675,1675,KZIA,PHARMACEUTICAL PREPARATIONS
1676,1676,L,"FIRE, MARINE &amp; CASUALTY INSURANCE"
1677,1677,LAC,METAL MINING
1678,1678,LAD,RETAIL-AUTO DEALERS &amp; GASOLINE STATIONS
1679,1679,LAKE,"ORTHOPEDIC, PROSTHETIC &amp; SURGICAL APPLIANCES &amp; SUPPLIES"
1680,1680,LANC,"CANNED, FROZEN &amp; PRESERVED FRUIT, VEG &amp; FOOD SPECIALTIES"
1681,1681,LARK,NATIONAL COMMERCIAL BANKS
1682,1682,LAWS,"Wholesale-Machinery, Equipment & Supplies"
1683,1683,LAZ,INVESTMENT ADVICE
1684,1684,LB,Oil Royalty Traders
1685,1685,LBAI,STATE COMMERCIAL BANKS
1686,1686,LBTYA,CABLE &amp; OTHER PAY TELEVISION SERVICES
1687,1687,LBTYK,CABLE &amp; OTHER PAY TELEVISION SERVICES
1688,1688,LCI,PHARMACEUTICAL PREPARATIONS
1689,1689,LCII,MOTOR VEHICLE PARTS &amp; ACCESSORIES
1690,1690,LCNB,NATIONAL COMMERCIAL BANKS
1691,1691,LCTX,BIOLOGICAL PRODUCTS (NO DIAGNOSTIC SUBSTANCES)
1692,1692,LCUT,"CUTLERY, HANDTOOLS &amp; GENERAL HARDWARE"
1693,1693,LD,"COMMERCIAL BANKS, NEC"
1694,1694,LDL,Motor Vehicle Parts & Accessories
1695,1695,LDOS,SERVICES-COMPUTER INTEGRATED SYSTEMS DESIGN
1696,1696,LEA,MOTOR VEHICLE PARTS &amp; ACCESSORIES
1697,1697,LECO,METALWORKING MACHINERY &amp; EQUIPMENT
1698,1698,LEDS,SEMICONDUCTORS &amp; RELATED DEVICES
1699,1699,LEE,NEWSPAPERS:  PUBLISHING OR PUBLISHING &amp; PRINTING
1700,1700,LEG,HOUSEHOLD FURNITURE
1701,1701,LEN,GEN BUILDING CONTRACTORS - RESIDENTIAL BUILDINGS
1702,1702,LEN.B,Title Insurance
1703,1703,LEO,Commodity Contracts Brokers & Dealers
1704,1704,LEXX,PHARMACEUTICAL PREPARATIONS
1705,1705,LFC,LIFE INSURANCE
1706,1706,LFUS,SWITCHGEAR &amp; SWITCHBOARD APPARATUS
1707,1707,LFVN,PHARMACEUTICAL PREPARATIONS
1708,1708,LGI,Financial Services
1709,1709,LGL,"ELECTRONIC COMPONENTS, NEC"
1710,1710,LGND,PHARMACEUTICAL PREPARATIONS
1711,1711,LH,SERVICES-MEDICAL LABORATORIES
1712,1712,LHCG,SERVICES-HOME HEALTH CARE SERVICES
1713,1713,LHX,"SEARCH, DETECTION, NAVIGATION, GUIDANCE, AERONAUTICAL SYS"
1714,1714,LII,AIR COND &amp; WARM AIR HEATING EQUIP &amp; COMM &amp; INDL REFRIG EQUIP
1715,1715,LINC,SERVICES-EDUCATIONAL SERVICES
1716,1716,LIVE,RETAIL-MISCELLANEOUS RETAIL
1717,1717,LJPC,Pharmaceutical Preparations
1718,1718,LKFN,STATE COMMERCIAL BANKS
1719,1719,LKQ,WHOLESALE-MOTOR VEHICLES &amp; MOTOR VEHICLE PARTS &amp; SUPPLIES
1720,1720,LL,RETAIL-LUMBER &amp; OTHER BUILDING MATERIALS DEALERS
1721,1721,LLNW,"Services-Business Services, NEC"
1722,1722,LLY,PHARMACEUTICAL PREPARATIONS
1723,1723,LMAT,SURGICAL &amp; MEDICAL INSTRUMENTS &amp; APPARATUS
1724,1724,LMNR,AGRICULTURE PRODUCTION - CROPS
1725,1725,LMST,NATIONAL COMMERCIAL BANKS
1726,1726,LMT,GUIDED MISSILES &amp; SPACE VEHICLES &amp; PARTS
1727,1727,LNC,LIFE INSURANCE
1728,1728,LNDC,PHARMACEUTICAL PREPARATIONS
1729,1729,LNN,FARM MACHINERY &amp; EQUIPMENT
1730,1730,LNT,ELECTRIC &amp; OTHER SERVICES COMBINED
1731,1731,LOAN,REAL ESTATE INVESTMENT TRUSTS
1732,1732,LODE,INDUSTRIAL ORGANIC CHEMICALS
1733,1733,LOGI,"COMPUTER PERIPHERAL EQUIPMENT, NEC"
1734,1734,LOPE,SERVICES-EDUCATIONAL SERVICES
1735,1735,LORL,Radio & Tv Broadcasting & Communications Equipment
1736,1736,LOW,RETAIL-LUMBER &amp; OTHER BUILDING MATERIALS DEALERS
1737,1737,LPL,"ELECTRONIC COMPONENTS, NEC"
1738,1738,LPLA,"SECURITY &amp; COMMODITY BROKERS, DEALERS, EXCHANGES &amp; SERVICES"
1739,1739,LPSN,SERVICES-PREPACKAGED SOFTWARE
1740,1740,LPTH,SEMICONDUCTORS &amp; RELATED DEVICES
1741,1741,LPX,LUMBER &amp; WOOD PRODUCTS (NO FURNITURE)
1742,1742,LQDT,"SERVICES-BUSINESS SERVICES, NEC"
1743,1743,LRCX,"SPECIAL INDUSTRY MACHINERY, NEC"
1744,1744,LRN,SERVICES-EDUCATIONAL SERVICES
1745,1745,LSCC,SEMICONDUCTORS &amp; RELATED DEVICES
1746,1746,LSI,REAL ESTATE INVESTMENT TRUSTS
1747,1747,LSTR,TRUCKING (NO LOCAL)
1748,1748,LTBR,INDUSTRIAL INORGANIC CHEMICALS
1749,1749,LTC,REAL ESTATE INVESTMENT TRUSTS
1750,1750,LTRX,COMPUTER COMMUNICATIONS EQUIPMENT
1751,1751,LUB,Retail-Eating  Places
1752,1752,LULU,APPAREL &amp; OTHER FINISHED PRODS OF FABRICS &amp; SIMILAR MATERIAL
1753,1753,LUMN,TELEPHONE COMMUNICATIONS (NO RADIO TELEPHONE)
1754,1754,LUNA,SERVICES-COMMERCIAL PHYSICAL &amp; BIOLOGICAL RESEARCH
1755,1755,LUV,"AIR TRANSPORTATION, SCHEDULED"
1756,1756,LVS,HOTELS &amp; MOTELS
1757,1757,LWAY,DAIRY PRODUCTS
1758,1758,LXP,REAL ESTATE INVESTMENT TRUSTS
1759,1759,LXRX,PHARMACEUTICAL PREPARATIONS
1760,1760,LXU,INDUSTRIAL INORGANIC CHEMICALS
1761,1761,LYB,INDUSTRIAL ORGANIC CHEMICALS
1762,1762,LYG,"COMMERCIAL BANKS, NEC"
1763,1763,LYTS,ELECTRIC LIGHTING &amp; WIRING EQUIPMENT
1764,1764,LYV,SERVICES-AMUSEMENT &amp; RECREATION SERVICES
1765,1765,LZB,HOUSEHOLD FURNITURE
1766,1766,M,RETAIL-DEPARTMENT STORES
1767,1767,MA,"SERVICES-BUSINESS SERVICES, NEC"
1768,1768,MAA,REAL ESTATE INVESTMENT TRUSTS
1769,1769,MAC,REAL ESTATE INVESTMENT TRUSTS
1770,1770,MAG,GOLD &amp; SILVER ORES
1771,1771,MAIN,Retail-Eating  Places
1772,1772,MAN,SERVICES-HELP SUPPLY SERVICES
1773,1773,MANH,SERVICES-PREPACKAGED SOFTWARE
1774,1774,MANT,SERVICES-MANAGEMENT SERVICES
1775,1775,MAR,HOTELS &amp; MOTELS
1776,1776,MARK,"COMMUNICATION SERVICES, NEC"
1777,1777,MAS,"HEATING EQUIP, EXCEPT ELEC &amp; WARM AIR &amp; PLUMBING FIXTURES"
1778,1778,MASI,ELECTROMEDICAL &amp; ELECTROTHERAPEUTIC APPARATUS
1779,1779,MAT,DOLLS &amp; STUFFED TOYS
1780,1780,MATW,NONFERROUS FOUNDRIES (CASTINGS)
1781,1781,MATX,WATER TRANSPORTATION
1782,1782,MAV,Investment Offices / Funds
1783,1783,MAYS,OPERATORS OF NONRESIDENTIAL BUILDINGS
1784,1784,MBCN,STATE COMMERCIAL BANKS
1785,1785,MBI,SURETY INSURANCE
1786,1786,MBOT,SURGICAL &amp; MEDICAL INSTRUMENTS &amp; APPARATUS
1787,1787,MBT,Radiotelephone Communications
1788,1788,MBWM,STATE COMMERCIAL BANKS
1789,1789,MCA,Investment Offices / Funds
1790,1790,MCBC,STATE COMMERCIAL BANKS
1791,1791,MCD,RETAIL-EATING PLACES
1792,1792,MCF,Crude Petroleum & Natural Gas
1793,1793,MCHP,SEMICONDUCTORS &amp; RELATED DEVICES
1794,1794,MCHX,SERVICES-PREPACKAGED SOFTWARE
1795,1795,MCI,Financial Services
1796,1796,MCK,WHOLESALE-DRUGS PROPRIETARIES &amp; DRUGGISTS&#39; SUNDRIES
1797,1797,MCN,Semiconductors & Related Devices
1798,1798,MCO,"SERVICES-CONSUMER CREDIT REPORTING, COLLECTION AGENCIES"
1799,1799,MCR,Financial Services
1800,1800,MCRI,HOTELS &amp; MOTELS
1801,1801,MCS,SERVICES-MOTION PICTURE THEATERS
1802,1802,MCY,"FIRE, MARINE &amp; CASUALTY INSURANCE"
1803,1803,MD,SERVICES-HOSPITALS
1804,1804,MDC,OPERATIVE BUILDERS
1805,1805,MDCA,Services-Advertising Agencies
1806,1806,MDGL,PHARMACEUTICAL PREPARATIONS
1807,1807,MDLZ,FOOD &amp; KINDRED PRODUCTS
1808,1808,MDP,Periodicals: Publishing or  Publishing & Printing
1809,1809,MDRX,SERVICES-COMPUTER INTEGRATED SYSTEMS DESIGN
1810,1810,MDT,ELECTROMEDICAL &amp; ELECTROTHERAPEUTIC APPARATUS
1811,1811,MDXG,SURGICAL &amp; MEDICAL INSTRUMENTS &amp; APPARATUS
1812,1812,MED,MISCELLANEOUS FOOD PREPARATIONS &amp; KINDRED PRODUCTS
1813,1813,MEDS,PHARMACEUTICAL PREPARATIONS
1814,1814,MEI,ELECTRONIC CONNECTORS
1815,1815,MEIP,PHARMACEUTICAL PREPARATIONS
1816,1816,MELI,"SERVICES-BUSINESS SERVICES, NEC"
1817,1817,MEN,Investment Offices / Funds
1818,1818,MEOH,INDUSTRIAL ORGANIC CHEMICALS
1819,1819,MERC,PULP MILLS
1820,1820,MESO,BIOLOGICAL PRODUCTS (NO DIAGNOSTIC SUBSTANCES)
1821,1821,MET,LIFE INSURANCE
1822,1822,MFA,REAL ESTATE INVESTMENT TRUSTS
1823,1823,MFC,LIFE INSURANCE
1824,1824,MFD,Investment Offices / Funds
1825,1825,MFG,NATIONAL COMMERCIAL BANKS
1826,1826,MFIN,FINANCE SERVICES
1827,1827,MFL,Investment Offices / Funds
1828,1828,MFM,Financial Services
1829,1829,MFNC,"Savings Institution, Federally Chartered"
1830,1830,MFT,Investment Offices / Funds
1831,1831,MFV,Investment Offices / Funds
1832,1832,MG,SERVICES-ENGINEERING SERVICES
1833,1833,MGA,MOTOR VEHICLE PARTS &amp; ACCESSORIES
1834,1834,MGEE,"ELECTRIC, GAS &amp; SANITARY SERVICES"
1835,1835,MGF,Financial Services
1836,1836,MGI,"SERVICES-BUSINESS SERVICES, NEC"
1837,1837,MGIC,SERVICES-PREPACKAGED SOFTWARE
1838,1838,MGLN,Services-Hospitals
1839,1839,MGM,HOTELS &amp; MOTELS
1840,1840,MGPI,"WHOLESALE-BEER, WINE &amp; DISTILLED ALCOHOLIC BEVERAGES"
1841,1841,MGRC,"SERVICES-EQUIPMENT RENTAL &amp; LEASING, NEC"
1842,1842,MGU,Real Estate Investment Trusts
1843,1843,MGYR,"SAVINGS INSTITUTION, FEDERALLY CHARTERED"
1844,1844,MHD,Financial Services
1845,1845,MHE,Investment Offices / Funds
1846,1846,MHF,Financial Services
1847,1847,MHH,SERVICES-MANAGEMENT CONSULTING SERVICES
1848,1848,MHI,Investment Offices / Funds
1849,1849,MHK,CARPETS AND RUGS
1850,1850,MHLD,"FIRE, MARINE &amp; CASUALTY INSURANCE"
1851,1851,MHN,Financial Services
1852,1852,MHO,OPERATIVE BUILDERS
1853,1853,MIDD,REFRIGERATION &amp; SERVICE INDUSTRY MACHINERY
1854,1854,MIN,Financial Services
1855,1855,MIND,"SEARCH, DETECTION, NAVIGATION, GUIDANCE, AERONAUTICAL SYS"
1856,1856,MITK,"COMPUTER PERIPHERAL EQUIPMENT, NEC"
1857,1857,MIY,Financial Services
1858,1858,MKC,MISCELLANEOUS FOOD PREPARATIONS &amp; KINDRED PRODUCTS
1859,1859,MKC.V,Miscellaneous Food Preparations & Kindred Products
1860,1860,MKL,"FIRE, MARINE &amp; CASUALTY INSURANCE"
1861,1861,MKSI,"INDUSTRIAL INSTRUMENTS FOR MEASUREMENT, DISPLAY, AND CONTROL"
1862,1862,MKTX,"SECURITY BROKERS, DEALERS &amp; FLOTATION COMPANIES"
1863,1863,MLAB,"INDUSTRIAL INSTRUMENTS FOR MEASUREMENT, DISPLAY, AND CONTROL"
1864,1864,MLCO,HOTELS &amp; MOTELS
1865,1865,MLHR,Office Furniture
1866,1866,MLI,ROLLING DRAWING &amp; EXTRUDING OF NONFERROUS METALS
1867,1867,MLKN,OFFICE FURNITURE
1868,1868,MLM,"MINING, QUARRYING OF NONMETALLIC MINERALS (NO FUELS)"
1869,1869,MLP,REAL ESTATE
1870,1870,MLR,TRUCK &amp; BUS BODIES
1871,1871,MLSS,"ORTHOPEDIC, PROSTHETIC &amp; SURGICAL APPLIANCES &amp; SUPPLIES"
1872,1872,MMAT,SEMICONDUCTORS &amp; RELATED DEVICES
1873,1873,MMC,INSURANCE AGENTS BROKERS &amp; SERVICES
1874,1874,MMLP,WHOLESALE-PETROLEUM BULK STATIONS &amp; TERMINALS
1875,1875,MMM,SURGICAL &amp; MEDICAL INSTRUMENTS &amp; APPARATUS
1876,1876,MMP,PIPE LINES (NO NATURAL GAS)
1877,1877,MMS,"SERVICES-BUSINESS SERVICES, NEC"
1878,1878,MMSI,SURGICAL &amp; MEDICAL INSTRUMENTS &amp; APPARATUS
1879,1879,MMT,Financial Services
1880,1880,MMU,Financial Services
1881,1881,MMYT,TRANSPORTATION SERVICES
1882,1882,MNDO,SERVICES-COMPUTER PROGRAMMING SERVICES
1883,1883,MNKD,PHARMACEUTICAL PREPARATIONS
1884,1884,MNOV,PHARMACEUTICAL PREPARATIONS
1885,1885,MNP,Investment Offices / Funds
1886,1886,MNR,Crude Petroleum & Natural Gas
1887,1887,MNRO,"SERVICES-AUTOMOTIVE REPAIR, SERVICES &amp; PARKING"
1888,1888,MNTX,"SPECIAL INDUSTRY MACHINERY, NEC"
1889,1889,MO,CIGARETTES
1890,1890,MOD,MOTOR VEHICLE PARTS &amp; ACCESSORIES
1891,1891,MOFG,STATE COMMERCIAL BANKS
1892,1892,MOG.A,Misc Industrial & Commercial Machinery & Equipment
1893,1893,MOG.B,Misc Industrial & Commercial Machinery & Equipment
1894,1894,MOH,HOSPITAL &amp; MEDICAL SERVICE PLANS
1895,1895,MORN,INVESTMENT ADVICE
1896,1896,MOV,"WATCHES, CLOCKS, CLOCKWORK OPERATED DEVICES/PARTS"
1897,1897,MPA,Financial Services
1898,1898,MPAA,MOTOR VEHICLE PARTS &amp; ACCESSORIES
1899,1899,MPV,Financial Services
1900,1900,MPW,REAL ESTATE INVESTMENT TRUSTS
1901,1901,MPWR,SEMICONDUCTORS &amp; RELATED DEVICES
1902,1902,MPX,SHIP &amp; BOAT BUILDING &amp; REPAIRING
1903,1903,MQT,Financial Services
1904,1904,MQY,Financial Services
1905,1905,MRCY,ELECTRONIC COMPONENTS &amp; ACCESSORIES
1906,1906,MRK,PHARMACEUTICAL PREPARATIONS
1907,1907,MRKR,PHARMACEUTICAL PREPARATIONS
1908,1908,MRLN,Services-Computer Integrated Systems Design
1909,1909,MRO,CRUDE PETROLEUM &amp; NATURAL GAS
1910,1910,MRTN,TRUCKING (NO LOCAL)
1911,1911,MRVL,SEMICONDUCTORS &amp; RELATED DEVICES
1912,1912,MS,"SECURITY BROKERS, DEALERS &amp; FLOTATION COMPANIES"
1913,1913,MSB,MINERAL ROYALTY TRADERS
1914,1914,MSD,"Security Brokers, Dealers & Flotation Companies"
1915,1915,MSEX,WATER SUPPLY
1916,1916,MSFT,SERVICES-PREPACKAGED SOFTWARE
1917,1917,MSGN,Cable & Other Pay Television Services
1918,1918,MSI,RADIO &amp; TV BROADCASTING &amp; COMMUNICATIONS EQUIPMENT
1919,1919,MSM,WHOLESALE-INDUSTRIAL MACHINERY &amp; EQUIPMENT
1920,1920,MSN,HOUSEHOLD AUDIO &amp; VIDEO EQUIPMENT
1921,1921,MSTR,FINANCE SERVICES
1922,1922,MT,"STEEL WORKS, BLAST FURNACES  ROLLING MILLS (COKE OVENS)"
1923,1923,MTB,STATE COMMERCIAL BANKS
1924,1924,MTD,LABORATORY ANALYTICAL INSTRUMENTS
1925,1925,MTEM,PHARMACEUTICAL PREPARATIONS
1926,1926,MTEX,MEDICINAL CHEMICALS &amp; BOTANICAL PRODUCTS
1927,1927,MTG,SURETY INSURANCE
1928,1928,MTH,OPERATIVE BUILDERS
1929,1929,MTL,"STEEL WORKS, BLAST FURNACES  ROLLING MILLS (COKE OVENS)"
1930,1930,MTN,SERVICES-MISCELLANEOUS AMUSEMENT &amp; RECREATION
1931,1931,MTOR,Motor Vehicle Parts & Accessories
1932,1932,MTR,OIL ROYALTY TRADERS
1933,1933,MTRN,METAL FORGING &amp; STAMPINGS
1934,1934,MTRX,CONSTRUCTION SPECIAL TRADE CONTRACTORS
1935,1935,MTSC,"Measuring & Controlling Devices, NEC"
1936,1936,MTT,Investment Offices / Funds
1937,1937,MTW,CONSTRUCTION MACHINERY &amp; EQUIP
1938,1938,MTX,INDUSTRIAL INORGANIC CHEMICALS
1939,1939,MTZ,"WATER, SEWER, PIPELINE, COMM AND POWER LINE CONSTRUCTION"
1940,1940,MU,SEMICONDUCTORS &amp; RELATED DEVICES
1941,1941,MUA,Financial Services
1942,1942,MUC,Financial Services
1943,1943,MUE,Financial Services
1944,1944,MUFG,"COMMERCIAL BANKS, NEC"
1945,1945,MUH,Investment Offices / Funds
1946,1946,MUI,Investment Offices / Funds
1947,1947,MUJ,Financial Services
1948,1948,MUR,CRUDE PETROLEUM &amp; NATURAL GAS
1949,1949,MUS,Investment Offices / Funds
1950,1950,MUX,GOLD &amp; SILVER ORES
1951,1951,MVC,Unknown
1952,1952,MVF,Financial Services
1953,1953,MVIS,"ELECTRONIC COMPONENTS, NEC"
1954,1954,MVO,CRUDE PETROLEUM &amp; NATURAL GAS
1955,1955,MVT,Financial Services
1956,1956,MWA,MISCELLANEOUS FABRICATED METAL PRODUCTS
1957,1957,MXC,CRUDE PETROLEUM &amp; NATURAL GAS
1958,1958,MXE,Financial Services
1959,1959,MXF,Financial Services
1960,1960,MXIM,Semiconductors & Related Devices
1961,1961,MYC,Investment Offices / Funds
1962,1962,MYD,Financial Services
1963,1963,MYE,"PLASTICS PRODUCTS, NEC"
1964,1964,MYF,Investment Offices / Funds
1965,1965,MYGN,IN VITRO &amp; IN VIVO DIAGNOSTIC SUBSTANCES
1966,1966,MYI,Financial Services
1967,1967,MYJ,Investment Offices / Funds
1968,1968,MYN,Financial Services
1969,1969,MYRG,"WATER, SEWER, PIPELINE, COMM AND POWER LINE CONSTRUCTION"
1970,1970,MZA,Investment Offices / Funds
1971,1971,NAC,Financial Services
1972,1972,NAD,Financial Services
1973,1973,NAII,MEDICINAL CHEMICALS &amp; BOTANICAL PRODUCTS
1974,1974,NAK,GOLD &amp; SILVER ORES
1975,1975,NAN,Financial Services
1976,1976,NAT,WATER TRANSPORTATION
1977,1977,NATH,RETAIL-EATING PLACES
1978,1978,NATI,SERVICES-PREPACKAGED SOFTWARE
1979,1979,NATR,PHARMACEUTICAL PREPARATIONS
1980,1980,NAV,Motor Vehicles & Passenger Car Bodies
1981,1981,NAVB,IN VITRO &amp; IN VIVO DIAGNOSTIC SUBSTANCES
1982,1982,NAZ,Financial Services
1983,1983,NBB,Financial Services
1984,1984,NBH,Investment Advice
1985,1985,NBIX,BIOLOGICAL PRODUCTS (NO DIAGNOSTIC SUBSTANCES)
1986,1986,NBO,Retail-Eating  Places
1987,1987,NBR,DRILLING OIL &amp; GAS WELLS
1988,1988,NBSE,PHARMACEUTICAL PREPARATIONS
1989,1989,NBTB,NATIONAL COMMERCIAL BANKS
1990,1990,NBW,Retail-Eating  Places
1991,1991,NBY,PHARMACEUTICAL PREPARATIONS
1992,1992,NC,BITUMINOUS COAL &amp; LIGNITE SURFACE MINING
1993,1993,NCA,Financial Services
1994,1994,NCB,Investment Offices / Funds
1995,1995,NCMI,SERVICES-ADVERTISING
1996,1996,NCR,CALCULATING &amp; ACCOUNTING MACHINES (NO ELECTRONIC COMPUTERS)
1997,1997,NCTY,FINANCE SERVICES
1998,1998,NCV,Loan Brokers
1999,1999,NCZ,Loan Brokers
2000,2000,NDAQ,"SECURITY &amp; COMMODITY BROKERS, DEALERS, EXCHANGES &amp; SERVICES"
2001,2001,NDSN,"GENERAL INDUSTRIAL MACHINERY &amp; EQUIPMENT, NEC"
2002,2002,NEA,Financial Services
2003,2003,NEE,ELECTRIC SERVICES
2004,2004,NEGG,"RETAIL-RETAIL STORES, NEC"
2005,2005,NEM,GOLD &amp; SILVER ORES
2006,2006,NEN,OPERATORS OF APARTMENT BUILDINGS
2007,2007,NEO,SERVICES-TESTING LABORATORIES
2008,2008,NEOG,IN VITRO &amp; IN VIVO DIAGNOSTIC SUBSTANCES
2009,2009,NEON,"ELECTRONIC COMPONENTS, NEC"
2010,2010,NEPH,SURGICAL &amp; MEDICAL INSTRUMENTS &amp; APPARATUS
2011,2011,NEPT,PHARMACEUTICAL PREPARATIONS
2012,2012,NEU,INDUSTRIAL ORGANIC CHEMICALS
2013,2013,NEV,Investment Offices / Funds
2014,2014,NEWT,NATIONAL COMMERCIAL BANKS
2015,2015,NFG,NATURAL GAS DISTRIBUTION
2016,2016,NFJ,LOAN BROKERS
2017,2017,NFLX,SERVICES-VIDEO TAPE RENTAL
2018,2018,NG,GOLD &amp; SILVER ORES
2019,2019,NGD,METAL MINING
2020,2020,NGG,NATURAL GAS TRANSMISSION
2021,2021,NGS,"OIL, GAS FIELD SERVICES, NBC"
2022,2022,NHC,SERVICES-SKILLED NURSING CARE FACILITIES
2023,2023,NHF,Real Estate Investment Trusts
2024,2024,NHI,REAL ESTATE INVESTMENT TRUSTS
2025,2025,NHS,National Commercial Banks
2026,2026,NHTC,WHOLESALE-MISCELLANEOUS NONDURABLE GOODS
2027,2027,NI,ELECTRIC &amp; OTHER SERVICES COMBINED
2028,2028,NIB,"COMMERCIAL BANKS, NEC"
2029,2029,NICE,SERVICES-PREPACKAGED SOFTWARE
2030,2030,NICK,SHORT-TERM BUSINESS CREDIT INSTITUTIONS
2031,2031,NIE,Services-Computer Programming Services
2032,2032,NIM,Financial Services
2033,2033,NJR,NATURAL GAS DISTRIBUTION
2034,2034,NJV,Investment Offices / Funds
2035,2035,NKE,RUBBER &amp; PLASTICS FOOTWEAR
2036,2036,NKG,Investment Offices / Funds
2037,2037,NKSH,NATIONAL COMMERCIAL BANKS
2038,2038,NKTR,PHARMACEUTICAL PREPARATIONS
2039,2039,NKX,Financial Services
2040,2040,NL,INDUSTRIAL INORGANIC CHEMICALS
2041,2041,NLOK,SERVICES-PREPACKAGED SOFTWARE
2042,2042,NLS,"Sporting & Athletic Goods, NEC"
2043,2043,NLY,REAL ESTATE INVESTMENT TRUSTS
2044,2044,NM,DEEP SEA FOREIGN TRANSPORTATION OF FREIGHT
2045,2045,NMI,Financial Services
2046,2046,NMM,DEEP SEA FOREIGN TRANSPORTATION OF FREIGHT
2047,2047,NMR,"SECURITY BROKERS, DEALERS &amp; FLOTATION COMPANIES"
2048,2048,NMT,National Commercial Banks
2049,2049,NMY,Investment Offices / Funds
2050,2050,NMZ,Financial Services
2051,2051,NNA,Deep Sea Foreign Transportation of  Freight
2052,2052,NNBR,METALWORKING MACHINERY &amp; EQUIPMENT
2053,2053,NNI,PERSONAL CREDIT INSTITUTIONS
2054,2054,NNN,REAL ESTATE INVESTMENT TRUSTS
2055,2055,NNVC,PHARMACEUTICAL PREPARATIONS
2056,2056,NNY,Financial Services
2057,2057,NOA,"OIL, GAS FIELD SERVICES, NBC"
2058,2058,NOAH,INVESTMENT ADVICE
2059,2059,NOC,"SEARCH, DETECTION, NAVIGATION, GUIDANCE, AERONAUTICAL SYS"
2060,2060,NOG,CRUDE PETROLEUM &amp; NATURAL GAS
2061,2061,NOK,RADIO &amp; TV BROADCASTING &amp; COMMUNICATIONS EQUIPMENT
2062,2062,NOM,Financial Services
2063,2063,NOTV,SERVICES-COMMERCIAL PHYSICAL &amp; BIOLOGICAL RESEARCH
2064,2064,NOV,OIL &amp; GAS FILED MACHINERY &amp; EQUIPMENT
2065,2065,NOVT,"MISCELLANEOUS ELECTRICAL MACHINERY, EQUIPMENT &amp; SUPPLIES"
2066,2066,NP,"Insurance Agents, Brokers & Service"
2067,2067,NPK,"ORDNANCE &amp; ACCESSORIES, (NO VEHICLES/GUIDED MISSILES)"
2068,2068,NPO,"GASKETS, PACKAGING AND SEALING DEVICES &amp; RUBBER &amp; PLASTIC HOSE"
2069,2069,NPV,Financial Services
2070,2070,NQP,National Commercial Banks
2071,2071,NR,SERVICES-MISCELLANEOUS EQUIPMENT RENTAL &amp; LEASING
2072,2072,NRG,ELECTRIC SERVICES
2073,2073,NRIM,"SAVINGS INSTITUTION, FEDERALLY CHARTERED"
2074,2074,NRK,Financial Services
2075,2075,NRO,Financial Services
2076,2076,NRP,BITUMINOUS COAL &amp; LIGNITE SURFACE MINING
2077,2077,NRT,OIL ROYALTY TRADERS
2078,2078,NS,PIPE LINES (NO NATURAL GAS)
2079,2079,NSC,"RAILROADS, LINE-HAUL OPERATING"
2080,2080,NSEC,Life Insurance
2081,2081,NSIT,RETAIL-CATALOG &amp; MAIL-ORDER HOUSES
2082,2082,NSL,Investment Offices / Funds
2083,2083,NSSC,"COMMUNICATIONS EQUIPMENT, NEC"
2084,2084,NTAP,COMPUTER STORAGE DEVICES
2085,2085,NTCT,SERVICES-COMPUTER INTEGRATED SYSTEMS DESIGN
2086,2086,NTES,SERVICES-PREPACKAGED SOFTWARE
2087,2087,NTGR,TELEPHONE &amp; TELEGRAPH APPARATUS
2088,2088,NTIC,"COATING, ENGRAVING &amp; ALLIED SERVICES"
2089,2089,NTIP,PATENT OWNERS &amp; LESSORS
2090,2090,NTP,REAL ESTATE
2091,2091,NTRS,STATE COMMERCIAL BANKS
2092,2092,NTUS,Electromedical & Electrotherapeutic Apparatus
2093,2093,NTWK,SERVICES-PREPACKAGED SOFTWARE
2094,2094,NTZ,HOUSEHOLD FURNITURE
2095,2095,NUAN,SERVICES-PREPACKAGED SOFTWARE
2096,2096,NUE,"STEEL WORKS, BLAST FURNACES  ROLLING MILLS (COKE OVENS)"
2097,2097,NUM,Investment Offices / Funds
2098,2098,NUO,National Commercial Banks
2099,2099,NURO,SURGICAL &amp; MEDICAL INSTRUMENTS &amp; APPARATUS
2100,2100,NUS,WHOLESALE-DRUGS PROPRIETARIES &amp; DRUGGISTS&#39; SUNDRIES
2101,2101,NUV,Financial Services
2102,2102,NUVA,SURGICAL &amp; MEDICAL INSTRUMENTS &amp; APPARATUS
2103,2103,NUW,Financial Services
2104,2104,NVAX,BIOLOGICAL PRODUCTS (NO DIAGNOSTIC SUBSTANCES)
2105,2105,NVDA,SEMICONDUCTORS &amp; RELATED DEVICES
2106,2106,NVEC,SEMICONDUCTORS &amp; RELATED DEVICES
2107,2107,NVG,Financial Services
2108,2108,NVIV,SURGICAL &amp; MEDICAL INSTRUMENTS &amp; APPARATUS
2109,2109,NVMI,OPTICAL INSTRUMENTS &amp; LENSES
2110,2110,NVO,PHARMACEUTICAL PREPARATIONS
2111,2111,NVR,OPERATIVE BUILDERS
2112,2112,NVS,PHARMACEUTICAL PREPARATIONS
2113,2113,NWBI,NATIONAL COMMERCIAL BANKS
2114,2114,NWE,ELECTRIC &amp; OTHER SERVICES COMBINED
2115,2115,NWFL,STATE COMMERCIAL BANKS
2116,2116,NWG,"COMMERCIAL BANKS, NEC"
2117,2117,NWL,"PLASTICS PRODUCTS, NEC"
2118,2118,NWPX,STEEL PIPE &amp; TUBES
2119,2119,NX,ROLLING DRAWING &amp; EXTRUDING OF NONFERROUS METALS
2120,2120,NXC,Investment Offices / Funds
2121,2121,NXGN,SERVICES-COMPUTER INTEGRATED SYSTEMS DESIGN
2122,2122,NXJ,Financial Services
2123,2123,NXN,Investment Offices / Funds
2124,2124,NXP,Financial Services
2125,2125,NXPI,SEMICONDUCTORS &amp; RELATED DEVICES
2126,2126,NXQ,Investment Offices / Funds
2127,2127,NXR,Investment Offices / Funds
2128,2128,NXST,TELEVISION BROADCASTING STATIONS
2129,2129,NXTP,FINANCE SERVICES
2130,2130,NYCB,"SAVINGS INSTITUTIONS, NOT FEDERALLY CHARTERED"
2131,2131,NYMT,REAL ESTATE INVESTMENT TRUSTS
2132,2132,NYMX,IN VITRO &amp; IN VIVO DIAGNOSTIC SUBSTANCES
2133,2133,NYT,NEWSPAPERS:  PUBLISHING OR PUBLISHING &amp; PRINTING
2134,2134,NYV,Investment Offices / Funds
2135,2135,NZF,Financial Services
2136,2136,O,REAL ESTATE INVESTMENT TRUSTS
2137,2137,OBAS,Real Estate
2138,2138,OBCI,"Specialty Cleaning, Polishing and Sanitation Preparations"
2139,2139,OBLG,"SERVICES-COMPUTER PROGRAMMING, DATA PROCESSING, ETC."
2140,2140,OC,ABRASIVE ASBESTOS &amp; MISC NONMETALLIC MINERAL PRODUCTS
2141,2141,OCC,DRAWING AND INSULATING NONFERROUS WIRE
2142,2142,OCFC,NATIONAL COMMERCIAL BANKS
2143,2143,OCN,MORTGAGE BANKERS &amp; LOAN CORRESPONDENTS
2144,2144,OCSL,Financial Services
2145,2145,OCUP,PHARMACEUTICAL PREPARATIONS
2146,2146,ODC,MISCELLANEOUS MANUFACTURING INDUSTRIES
2147,2147,ODFL,TRUCKING (NO LOCAL)
2148,2148,ODP,RETAIL-MISCELLANEOUS SHOPPING GOODS STORES
2149,2149,OEG,"Wholesale-Electronic Parts & Equipment, NEC"
2150,2150,OESX,ELECTRIC LIGHTING &amp; WIRING EQUIPMENT
2151,2151,OFC,REAL ESTATE INVESTMENT TRUSTS
2152,2152,OFG,STATE COMMERCIAL BANKS
2153,2153,OFIX,SURGICAL &amp; MEDICAL INSTRUMENTS &amp; APPARATUS
2154,2154,OFLX,"HEATING EQUIP, EXCEPT ELEC &amp; WARM AIR &amp; PLUMBING FIXTURES"
2155,2155,OGE,ELECTRIC SERVICES
2156,2156,OHI,REAL ESTATE INVESTMENT TRUSTS
2157,2157,OI,GLASS CONTAINERS
2158,2158,OIA,Financial Services
2159,2159,OIBR.C,Telephone Communications (No Radiotelephone)
2160,2160,OII,"OIL, GAS FIELD SERVICES, NBC"
2161,2161,OIIM,SEMICONDUCTORS &amp; RELATED DEVICES
2162,2162,OIS,OIL &amp; GAS FILED MACHINERY &amp; EQUIPMENT
2163,2163,OKE,NATURAL GAS TRANSMISSION &amp; DISTRIBUTION
2164,2164,OLED,ELECTRONIC COMPONENTS &amp; ACCESSORIES
2165,2165,OLN,CHEMICALS &amp; ALLIED PRODUCTS
2166,2166,OLP,REAL ESTATE INVESTMENT TRUSTS
2167,2167,OMAB,"AIRPORTS, FLYING FIELDS &amp; AIRPORT TERMINAL SERVICES"
2168,2168,OMC,SERVICES-ADVERTISING AGENCIES
2169,2169,OMCL,ELECTRONIC COMPUTERS
2170,2170,OMER,PHARMACEUTICAL PREPARATIONS
2171,2171,OMEX,WATER TRANSPORTATION
2172,2172,OMI,"WHOLESALE-MEDICAL, DENTAL &amp; HOSPITAL EQUIPMENT &amp; SUPPLIES"
2173,2173,ON,SEMICONDUCTORS &amp; RELATED DEVICES
2174,2174,ONB,NATIONAL COMMERCIAL BANKS
2175,2175,ONCT,PHARMACEUTICAL PREPARATIONS
2176,2176,ONCY,PHARMACEUTICAL PREPARATIONS
2177,2177,ONTO,"MEASURING &amp; CONTROLLING DEVICES, NEC"
2178,2178,OPCH,SERVICES-HOME HEALTH CARE SERVICES
2179,2179,OPI,REAL ESTATE
2180,2180,OPK,PHARMACEUTICAL PREPARATIONS
2181,2181,OPOF,NATIONAL COMMERCIAL BANKS
2182,2182,OPRX,"SERVICES-BUSINESS SERVICES, NEC"
2183,2183,OPTT,ELECTRIC SERVICES
2184,2184,OPY,"SECURITY BROKERS, DEALERS &amp; FLOTATION COMPANIES"
2185,2185,ORA,ELECTRIC SERVICES
2186,2186,ORAN,TELEPHONE COMMUNICATIONS (NO RADIO TELEPHONE)
2187,2187,ORBC,"Communications Services, NEC"
2188,2188,ORCL,SERVICES-PREPACKAGED SOFTWARE
2189,2189,ORI,SURETY INSURANCE
2190,2190,ORLY,RETAIL-AUTO &amp; HOME SUPPLY STORES
2191,2191,ORMP,PHARMACEUTICAL PREPARATIONS
2192,2192,ORN,HEAVY CONSTRUCTION OTHER THAN BUILDING CONST - CONTRACTORS
2193,2193,ORRF,STATE COMMERCIAL BANKS
2194,2194,OSB,Lumber & Wood Products (No Furniture)
2195,2195,OSBC,STATE COMMERCIAL BANKS
2196,2196,OSIS,SEMICONDUCTORS &amp; RELATED DEVICES
2197,2197,OSK,MOTOR VEHICLES &amp; PASSENGER CAR BODIES
2198,2198,OSN,"Steel Works, Blast Furnaces & Rolling Mills (Coke Ovens)"
2199,2199,OSPN,SERVICES-COMPUTER INTEGRATED SYSTEMS DESIGN
2200,2200,OSTK,RETAIL-CATALOG &amp; MAIL-ORDER HOUSES
2201,2201,OSUR,SURGICAL &amp; MEDICAL INSTRUMENTS &amp; APPARATUS
2202,2202,OTEX,SERVICES-COMPUTER INTEGRATED SYSTEMS DESIGN
2203,2203,OTRK,"SERVICES-MISC HEALTH &amp; ALLIED SERVICES, NEC"
2204,2204,OTTR,ELECTRIC SERVICES
2205,2205,OVBC,STATE COMMERCIAL BANKS
2206,2206,OVLY,STATE COMMERCIAL BANKS
2207,2207,OVV,CRUDE PETROLEUM &amp; NATURAL GAS
2208,2208,OXM,"MEN&#39;S &amp; BOYS&#39; FURNISHINGS, WORK CLOTHING, AND ALLIED GARMENTS"
2209,2209,OXSQ,Real Estate Investment Trusts
2210,2210,OXY,CRUDE PETROLEUM &amp; NATURAL GAS
2211,2211,PAA,PIPE LINES (NO NATURAL GAS)
2212,2212,PAAS,GOLD &amp; SILVER ORES
2213,2213,PAC,"AIRPORTS, FLYING FIELDS &amp; AIRPORT TERMINAL SERVICES"
2214,2214,PACB,LABORATORY ANALYTICAL INSTRUMENTS
2215,2215,PACW,NATIONAL COMMERCIAL BANKS
2216,2216,PAG,RETAIL-AUTO DEALERS &amp; GASOLINE STATIONS
2217,2217,PAI,Financial Services
2218,2218,PALI,BIOLOGICAL PRODUCTS (NO DIAGNOSTIC SUBSTANCES)
2219,2219,PAM,ELECTRIC SERVICES
2220,2220,PAR,CALCULATING &amp; ACCOUNTING MACHINES (NO ELECTRONIC COMPUTERS)
2221,2221,PATK,MOTOR VEHICLE PARTS &amp; ACCESSORIES
2222,2222,PAYX,"SERVICES-ENGINEERING, ACCOUNTING, RESEARCH, MANAGEMENT"
2223,2223,PB,STATE COMMERCIAL BANKS
2224,2224,PBCT,"Savings Institution, Federally Chartered"
2225,2225,PBH,PHARMACEUTICAL PREPARATIONS
2226,2226,PBI,"OFFICE MACHINES, NEC"
2227,2227,PBR,CRUDE PETROLEUM &amp; NATURAL GAS
2228,2228,PBR.A,American Depositary Receipts
2229,2229,PBT,OIL ROYALTY TRADERS
2230,2230,PCAR,MOTOR VEHICLES &amp; PASSENGER CAR BODIES
2231,2231,PCF,Financial Services
2232,2232,PCG,ELECTRIC &amp; OTHER SERVICES COMBINED
2233,2233,PCH,REAL ESTATE INVESTMENT TRUSTS
2234,2234,PCK,Investment Offices / Funds
2235,2235,PCM,Financial Services
2236,2236,PCN,Financial Services
2237,2237,PCOM,"Services-Business Services, NEC"
2238,2238,PCQ,Financial Services
2239,2239,PCTI,RADIO &amp; TV BROADCASTING &amp; COMMUNICATIONS EQUIPMENT
2240,2240,PCYG,SERVICES-COMPUTER PROCESSING &amp; DATA PREPARATION
2241,2241,PCYO,WATER SUPPLY
2242,2242,PDCE,CRUDE PETROLEUM &amp; NATURAL GAS
2243,2243,PDCO,"WHOLESALE-MEDICAL, DENTAL &amp; HOSPITAL EQUIPMENT &amp; SUPPLIES"
2244,2244,PDEX,SURGICAL &amp; MEDICAL INSTRUMENTS &amp; APPARATUS
2245,2245,PDFS,SERVICES-PREPACKAGED SOFTWARE
2246,2246,PDLI,"Biological Products, (No Diagnostic Substances)"
2247,2247,PDM,OPERATORS OF NONRESIDENTIAL BUILDINGS
2248,2248,PDS,DRILLING OIL &amp; GAS WELLS
2249,2249,PDT,Financial Services
2250,2250,PEAK,REAL ESTATE INVESTMENT TRUSTS
2251,2251,PEB,REAL ESTATE INVESTMENT TRUSTS
2252,2252,PEBK,STATE COMMERCIAL BANKS
2253,2253,PEBO,STATE COMMERCIAL BANKS
2254,2254,PED,CRUDE PETROLEUM &amp; NATURAL GAS
2255,2255,PEG,ELECTRIC &amp; OTHER SERVICES COMBINED
2256,2256,PEGA,SERVICES-COMPUTER PROCESSING &amp; DATA PREPARATION
2257,2257,PEI,REAL ESTATE INVESTMENT TRUSTS
2258,2258,PENN,HOTELS &amp; MOTELS
2259,2259,PEO,Financial Services
2260,2260,PEP,BEVERAGES
2261,2261,PERI,SERVICES-COMPUTER PROGRAMMING SERVICES
2262,2262,PESI,HAZARDOUS WASTE MANAGEMENT
2263,2263,PETS,RETAIL-DRUG STORES AND PROPRIETARY STORES
2264,2264,PFBC,Financial Services
2265,2265,PFBI,State Commercial Banks
2266,2266,PFC,STATE COMMERCIAL BANKS
2267,2267,PFD,Services-Computer Integrated Systems Design
2268,2268,PFE,PHARMACEUTICAL PREPARATIONS
2269,2269,PFG,ACCIDENT &amp; HEALTH INSURANCE
2270,2270,PFIN,METALWORKING MACHINERY &amp; EQUIPMENT
2271,2271,PFL,Financial Services
2272,2272,PFN,Financial Services
2273,2273,PFO,Services-Computer Integrated Systems Design
2274,2274,PFS,"SAVINGS INSTITUTION, FEDERALLY CHARTERED"
2275,2275,PFSW,"SERVICES-BUSINESS SERVICES, NEC"
2276,2276,PG,"SOAP, DETERGENT, CLEANING PREPARATIONS, PERFUMES, COSMETICS"
2277,2277,PGC,"COMMERCIAL BANKS, NEC"
2278,2278,PGP,Financial Services
2279,2279,PGR,"FIRE, MARINE &amp; CASUALTY INSURANCE"
2280,2280,PGTI,"METAL DOORS, SASH, FRAMES, MOLDING &amp; TRIM"
2281,2281,PH,MISCELLANEOUS FABRICATED METAL PRODUCTS
2282,2282,PHD,Crude Petroleum & Natural Gas
2283,2283,PHG,X-RAY APPARATUS &amp; TUBES &amp; RELATED IRRADIATION APPARATUS
2284,2284,PHI,TELEPHONE COMMUNICATIONS (NO RADIO TELEPHONE)
2285,2285,PHK,Financial Services
2286,2286,PHM,OPERATIVE BUILDERS
2287,2287,PHT,Investment Offices / Funds
2288,2288,PHX,CRUDE PETROLEUM &amp; NATURAL GAS
2289,2289,PII,MISCELLANEOUS TRANSPORTATION EQUIPMENT
2290,2290,PIM,Financial Services
2291,2291,PIPR,"SECURITY BROKERS, DEALERS &amp; FLOTATION COMPANIES"
2292,2292,PKBK,STATE COMMERCIAL BANKS
2293,2293,PKE,"AIRCRAFT PART &amp; AUXILIARY EQUIPMENT, NEC"
2294,2294,PKG,PAPERBOARD CONTAINERS &amp; BOXES
2295,2295,PKI,LABORATORY ANALYTICAL INSTRUMENTS
2296,2296,PKO,Investment Offices / Funds
2297,2297,PKOH,METAL FORGING &amp; STAMPINGS
2298,2298,PKX,"STEEL WORKS, BLAST FURNACES  ROLLING MILLS (COKE OVENS)"
2299,2299,PLAB,SEMICONDUCTORS &amp; RELATED DEVICES
2300,2300,PLCE,RETAIL-FAMILY CLOTHING STORES
2301,2301,PLD,REAL ESTATE INVESTMENT TRUSTS
2302,2302,PLG,GOLD &amp; SILVER ORES
2303,2303,PLM,METAL MINING
2304,2304,PLOW,CONSTRUCTION MACHINERY &amp; EQUIP
2305,2305,PLPC,"WATER, SEWER, PIPELINE, COMM AND POWER LINE CONSTRUCTION"
2306,2306,PLUG,ELECTRICAL INDUSTRIAL APPARATUS
2307,2307,PLUS,WHOLESALE-COMPUTER &amp; PERIPHERAL EQUIPMENT &amp; SOFTWARE
2308,2308,PLX,BIOLOGICAL PRODUCTS (NO DIAGNOSTIC SUBSTANCES)
2309,2309,PLXS,PRINTED CIRCUIT BOARDS
2310,2310,PM,CIGARETTES
2311,2311,PMBC,National Commercial Banks
2312,2312,PMCB,BIOLOGICAL PRODUCTS (NO DIAGNOSTIC SUBSTANCES)
2313,2313,PMD,SERVICES-MEDICAL LABORATORIES
2314,2314,PMF,Investment Offices / Funds
2315,2315,PML,Financial Services
2316,2316,PMM,General Industrial Machinery & Equipment
2317,2317,PMO,Financial Services
2318,2318,PMT,REAL ESTATE INVESTMENT TRUSTS
2319,2319,PMX,Investment Offices / Funds
2320,2320,PNBK,NATIONAL COMMERCIAL BANKS
2321,2321,PNC,NATIONAL COMMERCIAL BANKS
2322,2322,PNF,Investment Offices / Funds
2323,2323,PNFP,NATIONAL COMMERCIAL BANKS
2324,2324,PNI,Financial Services
2325,2325,PNM,ELECTRIC SERVICES
2326,2326,PNNT,"Services-Business Services, NEC"
2327,2327,PNRG,CRUDE PETROLEUM &amp; NATURAL GAS
2328,2328,PNW,ELECTRIC SERVICES
2329,2329,PODD,SURGICAL &amp; MEDICAL INSTRUMENTS &amp; APPARATUS
2330,2330,POOL,WHOLESALE-MISC DURABLE GOODS
2331,2331,POR,ELECTRIC SERVICES
2332,2332,POWI,SEMICONDUCTORS &amp; RELATED DEVICES
2333,2333,POWL,SWITCHGEAR &amp; SWITCHBOARD APPARATUS
2334,2334,PPBI,STATE COMMERCIAL BANKS
2335,2335,PPC,POULTRY SLAUGHTERING AND PROCESSING
2336,2336,PPG,"PAINTS, VARNISHES, LACQUERS, ENAMELS &amp; ALLIED PRODUCTS"
2337,2337,PPIH,INDUSTRIAL &amp; COMMERCIAL FANS &amp; BLOWERS &amp; AIR PURIFYING EQUIP
2338,2338,PPL,ELECTRIC SERVICES
2339,2339,PPT,Financial Services
2340,2340,PRA,"FIRE, MARINE &amp; CASUALTY INSURANCE"
2341,2341,PRAA,SHORT-TERM BUSINESS CREDIT INSTITUTIONS
2342,2342,PRCP,Optical Instruments & Lenses
2343,2343,PRDO,SERVICES-EDUCATIONAL SERVICES
2344,2344,PRFT,SERVICES-COMPUTER PROGRAMMING SERVICES
2345,2345,PRGO,PHARMACEUTICAL PREPARATIONS
2346,2346,PRGS,SERVICES-PREPACKAGED SOFTWARE
2347,2347,PRGX,"Services-Engineering, Accounting, Research, Management"
2348,2348,PRI,LIFE INSURANCE
2349,2349,PRIM,"WATER, SEWER, PIPELINE, COMM AND POWER LINE CONSTRUCTION"
2350,2350,PRK,NATIONAL COMMERCIAL BANKS
2351,2351,PRMW,BOTTLED &amp; CANNED SOFT DRINKS CARBONATED WATERS
2352,2352,PRO,SERVICES-COMPUTER PROGRAMMING SERVICES
2353,2353,PROV,"SAVINGS INSTITUTION, FEDERALLY CHARTERED"
2354,2354,PRPH,PHARMACEUTICAL PREPARATIONS
2355,2355,PRPO,LABORATORY ANALYTICAL INSTRUMENTS
2356,2356,PRSC,Electric Services
2357,2357,PRTK,PHARMACEUTICAL PREPARATIONS
2358,2358,PRTS,RETAIL-AUTO &amp; HOME SUPPLY STORES
2359,2359,PRU,LIFE INSURANCE
2360,2360,PSA,REAL ESTATE INVESTMENT TRUSTS
2361,2361,PSB,Real Estate Investment Trusts
2362,2362,PSEC,Financial Services
2363,2363,PSF,Services-Computer Processing & Data Preparation
2364,2364,PSHG,DEEP SEA FOREIGN TRANSPORTATION OF FREIGHT
2365,2365,PSMT,RETAIL-VARIETY STORES
2366,2366,PSO,BOOKS: PUBLISHING OR PUBLISHING AND PRINTING
2367,2367,PSTI,"Biological Products, (No Diagnostic Substances)"
2368,2368,PSTV,SURGICAL &amp; MEDICAL INSTRUMENTS &amp; APPARATUS
2369,2369,PTC,SERVICES-PREPACKAGED SOFTWARE
2370,2370,PTE,BIOLOGICAL PRODUCTS (NO DIAGNOSTIC SUBSTANCES)
2371,2371,PTEN,DRILLING OIL &amp; GAS WELLS
2372,2372,PTMN,Investment Offices / Funds
2373,2373,PTN,PHARMACEUTICAL PREPARATIONS
2374,2374,PTNR,RADIO TELEPHONE COMMUNICATIONS
2375,2375,PTR,CRUDE PETROLEUM &amp; NATURAL GAS
2376,2376,PTSI,TRUCKING (NO LOCAL)
2377,2377,PTVCB,"Fire, Marine & Casualty Insurance"
2378,2378,PTY,Financial Services
2379,2379,PUK,LIFE INSURANCE
2380,2380,PVH,"MEN&#39;S &amp; BOYS&#39; FURNISHINGS, WORK CLOTHING, AND ALLIED GARMENTS"
2381,2381,PW,REAL ESTATE INVESTMENT TRUSTS
2382,2382,PWOD,STATE COMMERCIAL BANKS
2383,2383,PWR,ELECTRICAL WORK
2384,2384,PXD,CRUDE PETROLEUM &amp; NATURAL GAS
2385,2385,PXLW,SEMICONDUCTORS &amp; RELATED DEVICES
2386,2386,PYN,Investment Offices / Funds
2387,2387,PYS,Asset-Backed Securities
2388,2388,PZC,Investment Offices / Funds
2389,2389,PZN,INVESTMENT ADVICE
2390,2390,PZZA,RETAIL-EATING PLACES
2391,2391,QADA,Services-Prepackaged Software
2392,2392,QADB,Services-Prepackaged Software
2393,2393,QCOM,RADIO &amp; TV BROADCASTING &amp; COMMUNICATIONS EQUIPMENT
2394,2394,QCRH,STATE COMMERCIAL BANKS
2395,2395,QDEL,IN VITRO &amp; IN VIVO DIAGNOSTIC SUBSTANCES
2396,2396,QEP,Crude Petroleum & Natural Gas
2397,2397,QGEN,BIOLOGICAL PRODUCTS (NO DIAGNOSTIC SUBSTANCES)
2398,2398,QNST,"SERVICES-BUSINESS SERVICES, NEC"
2399,2399,QQQX,Financial Services
2400,2400,QRHC,REFUSE SYSTEMS
2401,2401,QRTEA,RETAIL-CATALOG &amp; MAIL-ORDER HOUSES
2402,2402,QRTEB,RETAIL-CATALOG &amp; MAIL-ORDER HOUSES
2403,2403,QUAD,COMMERCIAL PRINTING
2404,2404,QUIK,SEMICONDUCTORS &amp; RELATED DEVICES
2405,2405,QUMU,SERVICES-PREPACKAGED SOFTWARE
2406,2406,R,SERVICES-AUTO RENTAL &amp; LEASING (NO DRIVERS)
2407,2407,RAD,RETAIL-DRUG STORES AND PROPRIETARY STORES
2408,2408,RADA,"WHOLESALE-ELECTRONIC PARTS &amp; EQUIPMENT, NEC"
2409,2409,RAIL,RAILROAD EQUIPMENT
2410,2410,RAVE,WHOLESALE-GROCERIES &amp; RELATED PRODUCTS
2411,2411,RAVN,Unsupported Plastics Film & Sheet
2412,2412,RBA,"SERVICES-BUSINESS SERVICES, NEC"
2413,2413,RBC,Ball & Roller Bearings
2414,2414,RBCAA,STATE COMMERCIAL BANKS
2415,2415,RBCN,SEMICONDUCTORS &amp; RELATED DEVICES
2416,2416,RCG,Surgical & Medical Instruments & Apparatus
2417,2417,RCI,CABLE &amp; OTHER PAY TELEVISION SERVICES
2418,2418,RCII,"SERVICES-EQUIPMENT RENTAL &amp; LEASING, NEC"
2419,2419,RCKY,"FOOTWEAR, (NO RUBBER)"
2420,2420,RCL,WATER TRANSPORTATION
2421,2421,RCM,SERVICES-MANAGEMENT SERVICES
2422,2422,RCMT,SERVICES-HELP SUPPLY SERVICES
2423,2423,RCON,"OIL, GAS FIELD SERVICES, NBC"
2424,2424,RCS,Financial Services
2425,2425,RDCM,"COMPUTER PERIPHERAL EQUIPMENT, NEC"
2426,2426,RDI,SERVICES-MOTION PICTURE THEATERS
2427,2427,RDN,SURETY INSURANCE
2428,2428,RDNT,SERVICES-MEDICAL LABORATORIES
2429,2429,RDS.A,Crude Petroleum & Natural Gas
2430,2430,RDS.B,Crude Petroleum & Natural Gas
2431,2431,RDWR,"SERVICES-BUSINESS SERVICES, NEC"
2432,2432,RDY,PHARMACEUTICAL PREPARATIONS
2433,2433,RE,"FIRE, MARINE &amp; CASUALTY INSURANCE"
2434,2434,REED,BOTTLED &amp; CANNED SOFT DRINKS CARBONATED WATERS
2435,2435,REFR,PATENT OWNERS &amp; LESSORS
2436,2436,REG,REAL ESTATE INVESTMENT TRUSTS
2437,2437,REGN,PHARMACEUTICAL PREPARATIONS
2438,2438,RELL,"WHOLESALE-ELECTRONIC PARTS &amp; EQUIPMENT, NEC"
2439,2439,RELV,PHARMACEUTICAL PREPARATIONS
2440,2440,RELX,"SERVICES-BUSINESS SERVICES, NEC"
2441,2441,REPX,CRUDE PETROLEUM &amp; NATURAL GAS
2442,2442,RES,"OIL, GAS FIELD SERVICES, NBC"
2443,2443,REV,"PERFUMES, COSMETICS &amp; OTHER TOILET PREPARATIONS"
2444,2444,REX,INDUSTRIAL ORGANIC CHEMICALS
2445,2445,RF,NATIONAL COMMERCIAL BANKS
2446,2446,RFI,Services-Computer Processing & Data Preparation
2447,2447,RFIL,ELECTRONIC CONNECTORS
2448,2448,RFP,PAPER MILLS
2449,2449,RGA,LIFE INSURANCE
2450,2450,RGEN,BIOLOGICAL PRODUCTS (NO DIAGNOSTIC SUBSTANCES)
2451,2451,RGLD,MINERAL ROYALTY TRADERS
2452,2452,RGP,"SERVICES-BUSINESS SERVICES, NEC"
2453,2453,RGR,"ORDNANCE &amp; ACCESSORIES, (NO VEHICLES/GUIDED MISSILES)"
2454,2454,RGS,SERVICES-PERSONAL SERVICES
2455,2455,RHI,SERVICES-HELP SUPPLY SERVICES
2456,2456,RHP,REAL ESTATE INVESTMENT TRUSTS
2457,2457,RIBT,GRAIN MILL PRODUCTS
2458,2458,RICK,RETAIL-EATING PLACES
2459,2459,RIG,DRILLING OIL &amp; GAS WELLS
2460,2460,RIGL,PHARMACEUTICAL PREPARATIONS
2461,2461,RILY,INVESTMENT ADVICE
2462,2462,RIO,METAL MINING
2463,2463,RIOT,FINANCE SERVICES
2464,2464,RJA,MISCELLANEOUS BUSINESS CREDIT INSTITUTION
2465,2465,RJF,"SECURITY BROKERS, DEALERS &amp; FLOTATION COMPANIES"
2466,2466,RJI,MISCELLANEOUS BUSINESS CREDIT INSTITUTION
2467,2467,RJN,MISCELLANEOUS BUSINESS CREDIT INSTITUTION
2468,2468,RJZ,MISCELLANEOUS BUSINESS CREDIT INSTITUTION
2469,2469,RL,"MEN&#39;S &amp; BOYS&#39; FURNISHINGS, WORK CLOTHING, AND ALLIED GARMENTS"
2470,2470,RLGT,ARRANGEMENT OF TRANSPORTATION OF FREIGHT &amp; CARGO
2471,2471,RLH,Hotels & Motels
2472,2472,RLI,"FIRE, MARINE &amp; CASUALTY INSURANCE"
2473,2473,RMBS,SEMICONDUCTORS &amp; RELATED DEVICES
2474,2474,RMD,SURGICAL &amp; MEDICAL INSTRUMENTS &amp; APPARATUS
2475,2475,RMRM,Real Estate Investment Trusts
2476,2476,RMT,Financial Services
2477,2477,RMTI,PHARMACEUTICAL PREPARATIONS
2478,2478,RNET,"Communications Services, NEC"
2479,2479,RNP,Services-Computer Processing & Data Preparation
2480,2480,RNR,"FIRE, MARINE &amp; CASUALTY INSURANCE"
2481,2481,RNST,STATE COMMERCIAL BANKS
2482,2482,RNWK,SERVICES-COMPUTER PROGRAMMING SERVICES
2483,2483,ROCK,"STEEL WORKS, BLAST FURNACES &amp; ROLLING &amp; FINISHING MILLS"
2484,2484,ROG,"PLASTICS, MATERIALS, SYNTH RESINS &amp; NONVULCAN ELASTOMERS"
2485,2485,ROIC,REAL ESTATE INVESTMENT TRUSTS
2486,2486,ROK,"MEASURING &amp; CONTROLLING DEVICES, NEC"
2487,2487,ROL,SERVICES-TO DWELLINGS &amp; OTHER BUILDINGS
2488,2488,ROLL,BALL &amp; ROLLER BEARINGS
2489,2489,ROP,"INDUSTRIAL INSTRUMENTS FOR MEASUREMENT, DISPLAY, AND CONTROL"
2490,2490,ROST,RETAIL-FAMILY CLOTHING STORES
2491,2491,RP,Services-Prepackaged Software
2492,2492,RPM,"PAINTS, VARNISHES, LACQUERS, ENAMELS &amp; ALLIED PRODUCTS"
2493,2493,RPT,REAL ESTATE INVESTMENT TRUSTS
2494,2494,RQI,Services-Computer Processing & Data Preparation
2495,2495,RRC,CRUDE PETROLEUM &amp; NATURAL GAS
2496,2496,RRD,Commercial Printing
2497,2497,RRGB,RETAIL-EATING PLACES
2498,2498,RRX,"GENERAL INDUSTRIAL MACHINERY &amp; EQUIPMENT, NEC"
2499,2499,RS,WHOLESALE-METALS SERVICE CENTERS &amp; OFFICES
2500,2500,RSG,REFUSE SYSTEMS
2501,2501,RSSS,"SERVICES-BUSINESS SERVICES, NEC"
2502,2502,RTX,AIRCRAFT ENGINES &amp; ENGINE PARTS
2503,2503,RUSHA,RETAIL-AUTO DEALERS &amp; GASOLINE STATIONS
2504,2504,RUSHB,RETAIL-AUTO DEALERS &amp; GASOLINE STATIONS
2505,2505,RUTH,RETAIL-EATING PLACES
2506,2506,RVP,SURGICAL &amp; MEDICAL INSTRUMENTS &amp; APPARATUS
2507,2507,RVSB,"SAVINGS INSTITUTION, FEDERALLY CHARTERED"
2508,2508,RVT,Financial Services
2509,2509,RWT,REAL ESTATE INVESTMENT TRUSTS
2510,2510,RY,"COMMERCIAL BANKS, NEC"
2511,2511,RYAAY,"AIR TRANSPORTATION, SCHEDULED"
2512,2512,RYN,REAL ESTATE INVESTMENT TRUSTS
2513,2513,SA,GOLD &amp; SILVER ORES
2514,2514,SAFM,Poultry Slaughtering and Processing
2515,2515,SAFT,"FIRE, MARINE &amp; CASUALTY INSURANCE"
2516,2516,SAH,RETAIL-AUTO DEALERS &amp; GASOLINE STATIONS
2517,2517,SAIA,TRUCKING (NO LOCAL)
2518,2518,SAL,"SAVINGS INSTITUTION, FEDERALLY CHARTERED"
2519,2519,SALM,RADIO BROADCASTING STATIONS
2520,2520,SAM,MALT BEVERAGES
2521,2521,SAN,"COMMERCIAL BANKS, NEC"
2522,2522,SANM,PRINTED CIRCUIT BOARDS
2523,2523,SANW,AGRICULTURE PRODUCTION - CROPS
2524,2524,SAP,SERVICES-PREPACKAGED SOFTWARE
2525,2525,SAR,Financial Services
2526,2526,SASR,NATIONAL COMMERCIAL BANKS
2527,2527,SATS,"COMMUNICATION SERVICES, NEC"
2528,2528,SAVA,PHARMACEUTICAL PREPARATIONS
2529,2529,SB,DEEP SEA FOREIGN TRANSPORTATION OF FREIGHT
2530,2530,SBCF,STATE COMMERCIAL BANKS
2531,2531,SBET,SERVICES-PREPACKAGED SOFTWARE
2532,2532,SBGI,TELEVISION BROADCASTING STATIONS
2533,2533,SBH,"RETAIL-RETAIL STORES, NEC"
2534,2534,SBI,Financial Services
2535,2535,SBLK,DEEP SEA FOREIGN TRANSPORTATION OF FREIGHT
2536,2536,SBNY,STATE COMMERCIAL BANKS
2537,2537,SBOW,CRUDE PETROLEUM &amp; NATURAL GAS
2538,2538,SBR,OIL ROYALTY TRADERS
2539,2539,SBRA,REAL ESTATE INVESTMENT TRUSTS
2540,2540,SBS,WATER SUPPLY
2541,2541,SBSI,STATE COMMERCIAL BANKS
2542,2542,SBUX,RETAIL-EATING &amp; DRINKING PLACES
2543,2543,SCCO,METAL MINING
2544,2544,SCD,Financial Services
2545,2545,SCHL,BOOKS: PUBLISHING OR PUBLISHING AND PRINTING
2546,2546,SCHN,WHOLESALE-MISC DURABLE GOODS
2547,2547,SCHW,"SECURITY BROKERS, DEALERS &amp; FLOTATION COMPANIES"
2548,2548,SCI,SERVICES-PERSONAL SERVICES
2549,2549,SCKT,ELECTRONIC COMPUTERS
2550,2550,SCL,"SOAP, DETERGENT, CLEANING PREPARATIONS, PERFUMES, COSMETICS"
2551,2551,SCOR,"SERVICES-BUSINESS SERVICES, NEC"
2552,2552,SCS,OFFICE FURNITURE (NO WOOD)
2553,2553,SCSC,WHOLESALE-COMPUTER &amp; PERIPHERAL EQUIPMENT &amp; SOFTWARE
2554,2554,SCVL,RETAIL-SHOE STORES
2555,2555,SCX,"CUTLERY, HANDTOOLS &amp; GENERAL HARDWARE"
2556,2556,SEAC,SERVICES-PREPACKAGED SOFTWARE
2557,2557,SEB,WHOLESALE-FARM PRODUCT RAW MATERIALS
2558,2558,SEE,"PLASTIC MATERIAL, SYNTH RESIN/RUBBER, CELLULOS (NO GLASS)"
2559,2559,SEED,AGRICULTURE PRODUCTION - CROPS
2560,2560,SEEL,PHARMACEUTICAL PREPARATIONS
2561,2561,SEIC,"SECURITY BROKERS, DEALERS &amp; FLOTATION COMPANIES"
2562,2562,SELF,REAL ESTATE INVESTMENT TRUSTS
2563,2563,SEM,SERVICES-HOSPITALS
2564,2564,SENEA,"CANNED, FRUITS, VEG &amp; PRESERVES, JAMS &amp; JELLIES"
2565,2565,SENEB,"CANNED, FRUITS, VEG &amp; PRESERVES, JAMS &amp; JELLIES"
2566,2566,SF,"SECURITY BROKERS, DEALERS &amp; FLOTATION COMPANIES"
2567,2567,SFE,"INVESTORS, NEC"
2568,2568,SFL,DEEP SEA FOREIGN TRANSPORTATION OF FREIGHT
2569,2569,SFNC,NATIONAL COMMERCIAL BANKS
2570,2570,SFUN,Services-Computer Processing & Data Preparation
2571,2571,SGA,RADIO BROADCASTING STATIONS
2572,2572,SGC,APPAREL &amp; OTHER FINISHED PRODS OF FABRICS &amp; SIMILAR MATERIAL
2573,2573,SGEN,BIOLOGICAL PRODUCTS (NO DIAGNOSTIC SUBSTANCES)
2574,2574,SGLB,Transportation Services
2575,2575,SGMA,PRINTED CIRCUIT BOARDS
2576,2576,SGMO,BIOLOGICAL PRODUCTS (NO DIAGNOSTIC SUBSTANCES)
2577,2577,SGMS,Services-Computer Integrated Systems Design
2578,2578,SGRP,"SERVICES-BUSINESS SERVICES, NEC"
2579,2579,SGU,"RETAIL-RETAIL STORES, NEC"
2580,2580,SHBI,NATIONAL COMMERCIAL BANKS
2581,2581,SHEN,TELEPHONE COMMUNICATIONS (NO RADIO TELEPHONE)
2582,2582,SHG,NATIONAL COMMERCIAL BANKS
2583,2583,SHI,"PLASTICS, MATERIALS, SYNTH RESINS &amp; NONVULCAN ELASTOMERS"
2584,2584,SHIP,DEEP SEA FOREIGN TRANSPORTATION OF FREIGHT
2585,2585,SHO,HOTELS &amp; MOTELS
2586,2586,SHOO,"FOOTWEAR, (NO RUBBER)"
2587,2587,SHW,"RETAIL-BUILDING MATERIALS, HARDWARE, GARDEN SUPPLY"
2588,2588,SHYF,CONSTRUCTION MACHINERY &amp; EQUIP
2589,2589,SID,"STEEL WORKS, BLAST FURNACES &amp; ROLLING &amp; FINISHING MILLS"
2590,2590,SIF,AIRCRAFT ENGINES &amp; ENGINE PARTS
2591,2591,SIFY,"SERVICES-COMPUTER PROGRAMMING, DATA PROCESSING, ETC."
2592,2592,SIG,RETAIL-JEWELRY STORES
2593,2593,SIGA,PHARMACEUTICAL PREPARATIONS
2594,2594,SIGI,"FIRE, MARINE &amp; CASUALTY INSURANCE"
2595,2595,SILC,COMPUTER COMMUNICATIONS EQUIPMENT
2596,2596,SIM,"STEEL WORKS, BLAST FURNACES  ROLLING MILLS (COKE OVENS)"
2597,2597,SIMO,SEMICONDUCTORS &amp; RELATED DEVICES
2598,2598,SINA,"Services-Computer Programming, Data Processing, Etc."
2599,2599,SIRI,RADIO BROADCASTING STATIONS
2600,2600,SITC,REAL ESTATE INVESTMENT TRUSTS
2601,2601,SIVB,STATE COMMERCIAL BANKS
2602,2602,SIX,SERVICES-MISCELLANEOUS AMUSEMENT &amp; RECREATION
2603,2603,SJI,NATURAL GAS DISTRIBUTION
2604,2604,SJM,"CANNED, FRUITS, VEG &amp; PRESERVES, JAMS &amp; JELLIES"
2605,2605,SJR,CABLE &amp; OTHER PAY TELEVISION SERVICES
2606,2606,SJT,OIL ROYALTY TRADERS
2607,2607,SJW,WATER SUPPLY
2608,2608,SKM,RADIO TELEPHONE COMMUNICATIONS
2609,2609,SKT,REAL ESTATE INVESTMENT TRUSTS
2610,2610,SKX,"FOOTWEAR, (NO RUBBER)"
2611,2611,SKY,MOBILE HOMES
2612,2612,SKYW,"AIR TRANSPORTATION, SCHEDULED"
2613,2613,SLAB,SEMICONDUCTORS &amp; RELATED DEVICES
2614,2614,SLB,"OIL, GAS FIELD SERVICES, NBC"
2615,2615,SLCT,State Commercial Banks
2616,2616,SLF,LIFE INSURANCE
2617,2617,SLG,REAL ESTATE INVESTMENT TRUSTS
2618,2618,SLGN,METAL CANS
2619,2619,SLM,PERSONAL CREDIT INSTITUTIONS
2620,2620,SLP,SERVICES-COMPUTER INTEGRATED SYSTEMS DESIGN
2621,2621,SLRC,Surgical & Medical Instruments & Apparatus
2622,2622,SLS,PHARMACEUTICAL PREPARATIONS
2623,2623,SM,CRUDE PETROLEUM &amp; NATURAL GAS
2624,2624,SMBC,"SAVINGS INSTITUTIONS, NOT FEDERALLY CHARTERED"
2625,2625,SMBK,NATIONAL COMMERCIAL BANKS
2626,2626,SMCI,ELECTRONIC COMPUTERS
2627,2627,SMED,Hazardous Waste Management
2628,2628,SMFG,"COMMERCIAL BANKS, NEC"
2629,2629,SMG,AGRICULTURE CHEMICALS
2630,2630,SMID,"CONCRETE PRODUCTS, EXCEPT BLOCK &amp; BRICK"
2631,2631,SMMF,STATE COMMERCIAL BANKS
2632,2632,SMP,MOTOR VEHICLE PARTS &amp; ACCESSORIES
2633,2633,SMSI,SERVICES-PREPACKAGED SOFTWARE
2634,2634,SMTC,SEMICONDUCTORS &amp; RELATED DEVICES
2635,2635,SMTI,"ORTHOPEDIC, PROSTHETIC &amp; SURGICAL APPLIANCES &amp; SUPPLIES"
2636,2636,SMTX,Printed Circuit Boards
2637,2637,SNA,"CUTLERY, HANDTOOLS &amp; GENERAL HARDWARE"
2638,2638,SNBR,HOUSEHOLD FURNITURE
2639,2639,SNCR,SERVICES-COMPUTER PROGRAMMING SERVICES
2640,2640,SNEX,"SECURITY &amp; COMMODITY BROKERS, DEALERS, EXCHANGES &amp; SERVICES"
2641,2641,SNFCA,FINANCE SERVICES
2642,2642,SNGX,PHARMACEUTICAL PREPARATIONS
2643,2643,SNN,"ORTHOPEDIC, PROSTHETIC &amp; SURGICAL APPLIANCES &amp; SUPPLIES"
2644,2644,SNOA,SURGICAL &amp; MEDICAL INSTRUMENTS &amp; APPARATUS
2645,2645,SNP,PETROLEUM REFINING
2646,2646,SNPS,SERVICES-PREPACKAGED SOFTWARE
2647,2647,SNV,NATIONAL COMMERCIAL BANKS
2648,2648,SNX,WHOLESALE-COMPUTER &amp; PERIPHERAL EQUIPMENT &amp; SOFTWARE
2649,2649,SNY,PHARMACEUTICAL PREPARATIONS
2650,2650,SO,ELECTRIC SERVICES
2651,2651,SOHO,REAL ESTATE INVESTMENT TRUSTS
2652,2652,SOL,ELECTRIC &amp; OTHER SERVICES COMBINED
2653,2653,SON,PAPERBOARD CONTAINERS &amp; BOXES
2654,2654,SONY,HOUSEHOLD AUDIO &amp; VIDEO EQUIPMENT
2655,2655,SOR,"Communications Services, NEC"
2656,2656,SP,SERVICES-AUTO RENTAL &amp; LEASING (NO DRIVERS)
2657,2657,SPB,"MISCELLANEOUS ELECTRICAL MACHINERY, EQUIPMENT &amp; SUPPLIES"
2658,2658,SPCB,SEMICONDUCTORS &amp; RELATED DEVICES
2659,2659,SPE,Financial Services
2660,2660,SPG,REAL ESTATE INVESTMENT TRUSTS
2661,2661,SPGI,"SERVICES-CONSUMER CREDIT REPORTING, COLLECTION AGENCIES"
2662,2662,SPH,RETAIL-MISCELLANEOUS RETAIL
2663,2663,SPNS,SERVICES-PREPACKAGED SOFTWARE
2664,2664,SPOK,RADIO TELEPHONE COMMUNICATIONS
2665,2665,SPPI,PHARMACEUTICAL PREPARATIONS
2666,2666,SPR,"AIRCRAFT PART &amp; AUXILIARY EQUIPMENT, NEC"
2667,2667,SPRT,Services-Computer Processing & Data Preparation
2668,2668,SPSC,SERVICES-PREPACKAGED SOFTWARE
2669,2669,SPTN,WHOLESALE-GROCERIES &amp; GENERAL LINE
2670,2670,SPXC,METALWORKING MACHINERY &amp; EQUIPMENT
2671,2671,SPXX,Financial Services
2672,2672,SQM,"MINING, QUARRYING OF NONMETALLIC MINERALS (NO FUELS)"
2673,2673,SR,NATURAL GAS DISTRIBUTION
2674,2674,SRCE,STATE COMMERCIAL BANKS
2675,2675,SRCL,HAZARDOUS WASTE MANAGEMENT
2676,2676,SRDX,SURGICAL &amp; MEDICAL INSTRUMENTS &amp; APPARATUS
2677,2677,SRE,GAS &amp; OTHER SERVICES COMBINED
2678,2678,SRI,MOTOR VEHICLE PARTS &amp; ACCESSORIES
2679,2679,SRPT,PHARMACEUTICAL PREPARATIONS
2680,2680,SRT,SERVICES-HELP SUPPLY SERVICES
2681,2681,SRV,Financial Services
2682,2682,SSBI,Pharmaceutical Preparations
2683,2683,SSD,"CUTLERY, HANDTOOLS &amp; GENERAL HARDWARE"
2684,2684,SSKN,SURGICAL &amp; MEDICAL INSTRUMENTS &amp; APPARATUS
2685,2685,SSL,CRUDE PETROLEUM &amp; NATURAL GAS
2686,2686,SSNC,SERVICES-PREPACKAGED SOFTWARE
2687,2687,SSNT,WHOLESALE-LUMBER &amp; OTHER CONSTRUCTION MATERIALS
2688,2688,SSP,TELEVISION BROADCASTING STATIONS
2689,2689,SSRM,MINERAL ROYALTY TRADERS
2690,2690,SSY,"SERVICES-GENERAL MEDICAL &amp; SURGICAL HOSPITALS, NEC"
2691,2691,STAA,OPHTHALMIC GOODS
2692,2692,STAR,REAL ESTATE INVESTMENT TRUSTS
2693,2693,STBA,STATE COMMERCIAL BANKS
2694,2694,STC,TITLE INSURANCE
2695,2695,STCN,"SERVICES-BUSINESS SERVICES, NEC"
2696,2696,STFC,"Fire, Marine & Casualty Insurance"
2697,2697,STK,Financial Services
2698,2698,STKL,BEVERAGES
2699,2699,STL,National Commercial Banks
2700,2700,STLD,"STEEL WORKS, BLAST FURNACES  ROLLING MILLS (COKE OVENS)"
2701,2701,STM,SEMICONDUCTORS &amp; RELATED DEVICES
2702,2702,STMP,"Services-Business Services, NEC"
2703,2703,STN,SERVICES-ENGINEERING SERVICES
2704,2704,STND,State Commercial Banks
2705,2705,STNG,DEEP SEA FOREIGN TRANSPORTATION OF FREIGHT
2706,2706,STRA,SERVICES-EDUCATIONAL SERVICES
2707,2707,STRL,HEAVY CONSTRUCTION OTHER THAN BUILDING CONST - CONTRACTORS
2708,2708,STRM,SERVICES-COMPUTER INTEGRATED SYSTEMS DESIGN
2709,2709,STRS,LAND SUBDIVIDERS &amp; DEVELOPERS (NO CEMETERIES)
2710,2710,STRT,MOTOR VEHICLE PARTS &amp; ACCESSORIES
2711,2711,STT,STATE COMMERCIAL BANKS
2712,2712,STWD,REAL ESTATE INVESTMENT TRUSTS
2713,2713,STX,COMPUTER STORAGE DEVICES
2714,2714,STXS,ELECTROMEDICAL &amp; ELECTROTHERAPEUTIC APPARATUS
2715,2715,STZ,BEVERAGES
2716,2716,STZ.B,Beverages
2717,2717,SU,PETROLEUM REFINING
2718,2718,SUI,REAL ESTATE INVESTMENT TRUSTS
2719,2719,SUMR,Miscellaneous Manufacturing Industries
2720,2720,SUP,MOTOR VEHICLE PARTS &amp; ACCESSORIES
2721,2721,SVA,PHARMACEUTICAL PREPARATIONS
2722,2722,SVBI,National Commercial Banks
2723,2723,SVC,REAL ESTATE INVESTMENT TRUSTS
2724,2724,SVM,GOLD &amp; SILVER ORES
2725,2725,SVRA,PHARMACEUTICAL PREPARATIONS
2726,2726,SWBI,"ORDNANCE &amp; ACCESSORIES, (NO VEHICLES/GUIDED MISSILES)"
2727,2727,SWIR,RADIO &amp; TV BROADCASTING &amp; COMMUNICATIONS EQUIPMENT
2728,2728,SWK,"CUTLERY, HANDTOOLS &amp; GENERAL HARDWARE"
2729,2729,SWKH,MISCELLANEOUS BUSINESS CREDIT INSTITUTION
2730,2730,SWKS,SEMICONDUCTORS &amp; RELATED DEVICES
2731,2731,SWM,Paper Mills
2732,2732,SWN,CRUDE PETROLEUM &amp; NATURAL GAS
2733,2733,SWZ,Real Estate
2734,2734,SXI,REFRIGERATION &amp; SERVICE INDUSTRY MACHINERY
2735,2735,SXT,INDUSTRIAL ORGANIC CHEMICALS
2736,2736,SYBT,STATE COMMERCIAL BANKS
2737,2737,SYK,SURGICAL &amp; MEDICAL INSTRUMENTS &amp; APPARATUS
2738,2738,SYKE,Services-Computer Integrated Systems Design
2739,2739,SYN,PHARMACEUTICAL PREPARATIONS
2740,2740,SYNA,SEMICONDUCTORS &amp; RELATED DEVICES
2741,2741,SYNL,Chemicals & Allied Products
2742,2742,SYPR,"INDUSTRIAL INSTRUMENTS FOR MEASUREMENT, DISPLAY, AND CONTROL"
2743,2743,SYY,WHOLESALE-GROCERIES &amp; RELATED PRODUCTS
2744,2744,T,TELEPHONE COMMUNICATIONS (NO RADIO TELEPHONE)
2745,2745,TAC,ELECTRIC SERVICES
2746,2746,TACT,"COMPUTER PERIPHERAL EQUIPMENT, NEC"
2747,2747,TAIT,"WHOLESALE-ELECTRONIC PARTS &amp; EQUIPMENT, NEC"
2748,2748,TAK,PHARMACEUTICAL PREPARATIONS
2749,2749,TAL,SERVICES-EDUCATIONAL SERVICES
2750,2750,TAOP,SERVICES-PREPACKAGED SOFTWARE
2751,2751,TAP,MALT BEVERAGES
2752,2752,TAP.A,Malt Beverages
2753,2753,TARO,PHARMACEUTICAL PREPARATIONS
2754,2754,TAT,Oil & Gas Field Exploration Services
2755,2755,TATT,AIRCRAFT ENGINES &amp; ENGINE PARTS
2756,2756,TAYD,"GENERAL INDUSTRIAL MACHINERY &amp; EQUIPMENT, NEC"
2757,2757,TBBK,NATIONAL COMMERCIAL BANKS
2758,2758,TBI,SERVICES-HELP SUPPLY SERVICES
2759,2759,TBNK,"SAVINGS INSTITUTION, FEDERALLY CHARTERED"
2760,2760,TCBI,STATE COMMERCIAL BANKS
2761,2761,TCBK,STATE COMMERCIAL BANKS
2762,2762,TCCO,RADIO &amp; TV BROADCASTING &amp; COMMUNICATIONS EQUIPMENT
2763,2763,TCF,National Commercial Banks
2764,2764,TCI,REAL ESTATE INVESTMENT TRUSTS
2765,2765,TCO,Real Estate Investment Trusts
2766,2766,TCOM,"SERVICES-BUSINESS SERVICES, NEC"
2767,2767,TCX,SERVICES-COMPUTER PROCESSING &amp; DATA PREPARATION
2768,2768,TD,"COMMERCIAL BANKS, NEC"
2769,2769,TDC,SERVICES-PREPACKAGED SOFTWARE
2770,2770,TDF,Financial Services
2771,2771,TDG,"AIRCRAFT PART &amp; AUXILIARY EQUIPMENT, NEC"
2772,2772,TDY,"SEARCH, DETECTION, NAVIGATION, GUIDANCE, AERONAUTICAL SYS"
2773,2773,TECH,BIOLOGICAL PRODUCTS (NO DIAGNOSTIC SUBSTANCES)
2774,2774,TECK,"MINING, QUARRYING OF NONMETALLIC MINERALS (NO FUELS)"
2775,2775,TEF,TELEPHONE COMMUNICATIONS (NO RADIO TELEPHONE)
2776,2776,TEI,Financial Services
2777,2777,TEL,"WHOLESALE-ELECTRONIC PARTS &amp; EQUIPMENT, NEC"
2778,2778,TELL,CRUDE PETROLEUM &amp; NATURAL GAS
2779,2779,TEN,MOTOR VEHICLE PARTS &amp; ACCESSORIES
2780,2780,TENX,PHARMACEUTICAL PREPARATIONS
2781,2781,TEO,TELEPHONE COMMUNICATIONS (NO RADIO TELEPHONE)
2782,2782,TER,INSTRUMENTS FOR MEAS &amp; TESTING OF ELECTRICITY &amp; ELEC SIGNALS
2783,2783,TESS,"WHOLESALE-ELECTRONIC PARTS &amp; EQUIPMENT, NEC"
2784,2784,TEVA,PHARMACEUTICAL PREPARATIONS
2785,2785,TEX,INDUSTRIAL TRUCKS TRACTORS TRAILERS &amp; STACKERS
2786,2786,TFC,NATIONAL COMMERCIAL BANKS
2787,2787,TFSL,"SAVINGS INSTITUTION, FEDERALLY CHARTERED"
2788,2788,TFX,SURGICAL &amp; MEDICAL INSTRUMENTS &amp; APPARATUS
2789,2789,TG,ROLLING DRAWING &amp; EXTRUDING OF NONFERROUS METALS
2790,2790,TGA,CRUDE PETROLEUM &amp; NATURAL GAS
2791,2791,TGB,GOLD &amp; SILVER ORES
2792,2792,TGH,"SERVICES-EQUIPMENT RENTAL &amp; LEASING, NEC"
2793,2793,TGI,AIRCRAFT &amp; PARTS
2794,2794,TGNA,TELEVISION BROADCASTING STATIONS
2795,2795,TGP,Water Transportation
2796,2796,TGS,NATURAL GAS TRANSMISSION
2797,2797,TGT,RETAIL-VARIETY STORES
2798,2798,TGTX,PHARMACEUTICAL PREPARATIONS
2799,2799,THC,"SERVICES-GENERAL MEDICAL &amp; SURGICAL HOSPITALS, NEC"
2800,2800,THFF,STATE COMMERCIAL BANKS
2801,2801,THG,"FIRE, MARINE &amp; CASUALTY INSURANCE"
2802,2802,THM,METAL MINING
2803,2803,THMO,LABORATORY APPARATUS &amp; FURNITURE
2804,2804,THO,MOTOR HOMES
2805,2805,THRM,MOTOR VEHICLE PARTS &amp; ACCESSORIES
2806,2806,THS,"CANNED, FROZEN &amp; PRESERVED FRUIT, VEG &amp; FOOD SPECIALTIES"
2807,2807,THTX,PHARMACEUTICAL PREPARATIONS
2808,2808,TIF,Retail-Jewelry Stores
2809,2809,TIGO,RADIO TELEPHONE COMMUNICATIONS
2810,2810,TISI,SERVICES-MISCELLANEOUS REPAIR SERVICES
2811,2811,TITN,"RETAIL-RETAIL STORES, NEC"
2812,2812,TJX,RETAIL-FAMILY CLOTHING STORES
2813,2813,TK,DEEP SEA FOREIGN TRANSPORTATION OF FREIGHT
2814,2814,TKC,TELEPHONE COMMUNICATIONS (NO RADIO TELEPHONE)
2815,2815,TKR,BALL &amp; ROLLER BEARINGS
2816,2816,TLGT,Pharmaceutical Preparations
2817,2817,TLK,TELEPHONE COMMUNICATIONS (NO RADIO TELEPHONE)
2818,2818,TM,MOTOR VEHICLES &amp; PASSENGER CAR BODIES
2819,2819,TMDI,SURGICAL &amp; MEDICAL INSTRUMENTS &amp; APPARATUS
2820,2820,TMO,"MEASURING &amp; CONTROLLING DEVICES, NEC"
2821,2821,TMP,STATE COMMERCIAL BANKS
2822,2822,TNAV,"Search, Detection, Navigation, Guidance, Aeronautical Sys"
2823,2823,TNC,REFRIGERATION &amp; SERVICE INDUSTRY MACHINERY
2824,2824,TNK,WATER TRANSPORTATION
2825,2825,TNL,HOTELS &amp; MOTELS
2826,2826,TNP,DEEP SEA FOREIGN TRANSPORTATION OF FREIGHT
2827,2827,TOL,OPERATIVE BUILDERS
2828,2828,TOPS,DEEP SEA FOREIGN TRANSPORTATION OF FREIGHT
2829,2829,TOWN,State Commercial Banks
2830,2830,TPC,GENERAL BUILDING CONTRACTORS - NONRESIDENTIAL BUILDINGS
2831,2831,TPL,OIL ROYALTY TRADERS
2832,2832,TPR,LEATHER &amp; LEATHER PRODUCTS
2833,2833,TPX,HOUSEHOLD FURNITURE
2834,2834,TR,SUGAR &amp; CONFECTIONERY PRODUCTS
2835,2835,TRC,REAL ESTATE
2836,2836,TRCH,Semiconductors & Related Devices
2837,2837,TREC,Petroleum Refining
2838,2838,TREE,LOAN BROKERS
2839,2839,TREX,LUMBER &amp; WOOD PRODUCTS (NO FURNITURE)
2840,2840,TRGP,NATURAL GAS TRANSMISSION
2841,2841,TRI,MISCELLANEOUS PUBLISHING
2842,2842,TRIB,IN VITRO &amp; IN VIVO DIAGNOSTIC SUBSTANCES
2843,2843,TRMB,"MEASURING &amp; CONTROLLING DEVICES, NEC"
2844,2844,TRMK,NATIONAL COMMERCIAL BANKS
2845,2845,TRN,RAILROAD EQUIPMENT
2846,2846,TRNO,REAL ESTATE
2847,2847,TRNS,INSTRUMENTS FOR MEAS &amp; TESTING OF ELECTRICITY &amp; ELEC SIGNALS
2848,2848,TROW,INVESTMENT ADVICE
2849,2849,TRP,NATURAL GAS TRANSMISSION
2850,2850,TRQ,METAL MINING
2851,2851,TRS,METAL FORGING &amp; STAMPINGS
2852,2852,TRST,STATE COMMERCIAL BANKS
2853,2853,TRT,"SPECIAL INDUSTRY MACHINERY, NEC"
2854,2854,TRV,"FIRE, MARINE &amp; CASUALTY INSURANCE"
2855,2855,TRX,GOLD &amp; SILVER ORES
2856,2856,TS,"STEEL WORKS, BLAST FURNACES  ROLLING MILLS (COKE OVENS)"
2857,2857,TSBK,"SAVINGS INSTITUTIONS, NOT FEDERALLY CHARTERED"
2858,2858,TSCO,"RETAIL-BUILDING MATERIALS, HARDWARE, GARDEN SUPPLY"
2859,2859,TSEM,SEMICONDUCTORS &amp; RELATED DEVICES
2860,2860,TSI,Financial Services
2861,2861,TSLA,MOTOR VEHICLES &amp; PASSENGER CAR BODIES
2862,2862,TSM,SEMICONDUCTORS &amp; RELATED DEVICES
2863,2863,TSN,POULTRY SLAUGHTERING AND PROCESSING
2864,2864,TSRI,SERVICES-COMPUTER PROGRAMMING SERVICES
2865,2865,TT,AUTO CONTROLS FOR REGULATING RESIDENTIAL &amp; COMML ENVIRONMENT
2866,2866,TTC,LAWN &amp; GARDEN TRACTORS &amp; HOME LAWN &amp; GARDEN EQUIPMENT
2867,2867,TTE,CRUDE PETROLEUM &amp; NATURAL GAS
2868,2868,TTEC,SERVICES-HELP SUPPLY SERVICES
2869,2869,TTEK,SERVICES-ENGINEERING SERVICES
2870,2870,TTGT,TELEGRAPH &amp; OTHER MESSAGE COMMUNICATIONS
2871,2871,TTI,CRUDE PETROLEUM &amp; NATURAL GAS
2872,2872,TTM,MOTOR VEHICLES &amp; PASSENGER CAR BODIES
2873,2873,TTMI,PRINTED CIRCUIT BOARDS
2874,2874,TTNP,BIOLOGICAL PRODUCTS (NO DIAGNOSTIC SUBSTANCES)
2875,2875,TTWO,SERVICES-PREPACKAGED SOFTWARE
2876,2876,TUP,"PLASTICS PRODUCTS, NEC"
2877,2877,TURN,INVESTMENT ADVICE
2878,2878,TV,TELEVISION BROADCASTING STATIONS
2879,2879,TVTY,"Services-Misc Health & Allied Services, NEC"
2880,2880,TWI,"STEEL WORKS, BLAST FURNACES  ROLLING MILLS (COKE OVENS)"
2881,2881,TWIN,GENERAL INDUSTRIAL MACHINERY &amp; EQUIPMENT
2882,2882,TWN,Financial Services
2883,2883,TWO,REAL ESTATE INVESTMENT TRUSTS
2884,2884,TX,"STEEL WORKS, BLAST FURNACES  ROLLING MILLS (COKE OVENS)"
2885,2885,TXMD,PHARMACEUTICAL PREPARATIONS
2886,2886,TXN,SEMICONDUCTORS &amp; RELATED DEVICES
2887,2887,TXRH,RETAIL-EATING PLACES
2888,2888,TXT,AIRCRAFT &amp; PARTS
2889,2889,TY,Financial Services
2890,2890,TYG,Natural Gas Transmission
2891,2891,TYL,SERVICES-PREPACKAGED SOFTWARE
2892,2892,TZOO,SERVICES-ADVERTISING
2893,2893,UAA,APPAREL &amp; OTHER FINISHED PRODS OF FABRICS &amp; SIMILAR MATERIAL
2894,2894,UAG,Unknown
2895,2895,UAL,"AIR TRANSPORTATION, SCHEDULED"
2896,2896,UAMY,PRIMARY SMELTING &amp; REFINING OF NONFERROUS METALS
2897,2897,UAVS,AIRCRAFT
2898,2898,UBA,REAL ESTATE INVESTMENT TRUSTS
2899,2899,UBCP,STATE COMMERCIAL BANKS
2900,2900,UBFO,NATIONAL COMMERCIAL BANKS
2901,2901,UBOH,NATIONAL COMMERCIAL BANKS
2902,2902,UBP,REAL ESTATE INVESTMENT TRUSTS
2903,2903,UBSI,STATE COMMERCIAL BANKS
2904,2904,UCBI,STATE COMMERCIAL BANKS
2905,2905,UCTT,SEMICONDUCTORS &amp; RELATED DEVICES
2906,2906,UDR,REAL ESTATE INVESTMENT TRUSTS
2907,2907,UEC,MISCELLANEOUS METAL ORES
2908,2908,UEIC,HOUSEHOLD AUDIO &amp; VIDEO EQUIPMENT
2909,2909,UEPS,"Functions Related To Depository Banking, NEC"
2910,2910,UFCS,"FIRE, MARINE &amp; CASUALTY INSURANCE"
2911,2911,UFI,TEXTILE MILL PRODUCTS
2912,2912,UFPI,"SAWMILLS, PLANNING MILLS, GENERAL"
2913,2913,UFPT,SURGICAL &amp; MEDICAL INSTRUMENTS &amp; APPARATUS
2914,2914,UFS,Paper Mills
2915,2915,UG,"PERFUMES, COSMETICS &amp; OTHER TOILET PREPARATIONS"
2916,2916,UGI,GAS &amp; OTHER SERVICES COMBINED
2917,2917,UGP,NATURAL GAS DISTRIBUTION
2918,2918,UHAL,SERVICES-AUTO RENTAL &amp; LEASING (NO DRIVERS)
2919,2919,UHS,"SERVICES-GENERAL MEDICAL &amp; SURGICAL HOSPITALS, NEC"
2920,2920,UHT,REAL ESTATE INVESTMENT TRUSTS
2921,2921,UIS,SERVICES-COMPUTER INTEGRATED SYSTEMS DESIGN
2922,2922,UL,"SOAP, DETERGENT, CLEANING PREPARATIONS, PERFUMES, COSMETICS"
2923,2923,ULBI,"MISCELLANEOUS ELECTRICAL MACHINERY, EQUIPMENT &amp; SUPPLIES"
2924,2924,ULH,TRUCKING (NO LOCAL)
2925,2925,UMBF,NATIONAL COMMERCIAL BANKS
2926,2926,UMC,SEMICONDUCTORS &amp; RELATED DEVICES
2927,2927,UMH,REAL ESTATE INVESTMENT TRUSTS
2928,2928,UMPQ,"SAVINGS INSTITUTION, FEDERALLY CHARTERED"
2929,2929,UNAM,"FIRE, MARINE &amp; CASUALTY INSURANCE"
2930,2930,UNB,STATE COMMERCIAL BANKS
2931,2931,UNF,SERVICES-PERSONAL SERVICES
2932,2932,UNFI,WHOLESALE-GROCERIES &amp; GENERAL LINE
2933,2933,UNH,HOSPITAL &amp; MEDICAL SERVICE PLANS
2934,2934,UNM,ACCIDENT &amp; HEALTH INSURANCE
2935,2935,UNP,"RAILROADS, LINE-HAUL OPERATING"
2936,2936,UNTY,STATE COMMERCIAL BANKS
2937,2937,UONE,RADIO BROADCASTING STATIONS
2938,2938,UONEK,RADIO BROADCASTING STATIONS
2939,2939,UPS,TRUCKING &amp; COURIER SERVICES (NO AIR)
2940,2940,URBN,RETAIL-FAMILY CLOTHING STORES
2941,2941,URG,GOLD &amp; SILVER ORES
2942,2942,URI,"SERVICES-EQUIPMENT RENTAL &amp; LEASING, NEC"
2943,2943,USA,Crude Petroleum & Natural Gas
2944,2944,USAK,TRUCKING (NO LOCAL)
2945,2945,USAP,"STEEL WORKS, BLAST FURNACES  ROLLING MILLS (COKE OVENS)"
2946,2946,USAT,Calculating & Accounting Machines (No Electronic Computers)
2947,2947,USAU,METAL MINING
2948,2948,USB,NATIONAL COMMERCIAL BANKS
2949,2949,USCR,Wholesale-Miscellaneous Nondurable Goods
2950,2950,USEG,CRUDE PETROLEUM &amp; NATURAL GAS
2951,2951,USIO,"FUNCTIONS RELATED TO DEPOSITORY BANKING, NEC"
2952,2952,USLM,"MINING, QUARRYING OF NONMETALLIC MINERALS (NO FUELS)"
2953,2953,USM,RADIO TELEPHONE COMMUNICATIONS
2954,2954,USNA,MEDICINAL CHEMICALS &amp; BOTANICAL PRODUCTS
2955,2955,USPH,SERVICES-HEALTH SERVICES
2956,2956,USV,Unknown
2957,2957,UTF,Services-Computer Processing & Data Preparation
2958,2958,UTG,Financial Services
2959,2959,UTHR,PHARMACEUTICAL PREPARATIONS
2960,2960,UTI,SERVICES-EDUCATIONAL SERVICES
2961,2961,UTL,ELECTRIC &amp; OTHER SERVICES COMBINED
2962,2962,UTMD,SURGICAL &amp; MEDICAL INSTRUMENTS &amp; APPARATUS
2963,2963,UTSI,"COMMUNICATIONS EQUIPMENT, NEC"
2964,2964,UUU,"WHOLESALE-ELECTRONIC PARTS &amp; EQUIPMENT, NEC"
2965,2965,UVE,"FIRE, MARINE &amp; CASUALTY INSURANCE"
2966,2966,UVSP,STATE COMMERCIAL BANKS
2967,2967,UVV,WHOLESALE-FARM PRODUCT RAW MATERIALS
2968,2968,V,"SERVICES-BUSINESS SERVICES, NEC"
2969,2969,VABK,NATIONAL COMMERCIAL BANKS
2970,2970,VALE,METAL MINING
2971,2971,VALU,INVESTMENT ADVICE
2972,2972,VAR,Electromedical & Electrotherapeutic Apparatus
2973,2973,VBF,Financial Services
2974,2974,VBFC,STATE COMMERCIAL BANKS
2975,2975,VC,MOTOR VEHICLE PARTS &amp; ACCESSORIES
2976,2976,VCEL,BIOLOGICAL PRODUCTS (NO DIAGNOSTIC SUBSTANCES)
2977,2977,VCF,Investment Offices / Funds
2978,2978,VCV,Financial Services
2979,2979,VECO,"SPECIAL INDUSTRY MACHINERY, NEC"
2980,2980,VEON,RADIO TELEPHONE COMMUNICATIONS
2981,2981,VERU,PHARMACEUTICAL PREPARATIONS
2982,2982,VET,CRUDE PETROLEUM &amp; NATURAL GAS
2983,2983,VFC,"MEN&#39;S &amp; BOYS&#39; FURNISHINGS, WORK CLOTHING, AND ALLIED GARMENTS"
2984,2984,VFL,Financial Services
2985,2985,VG,Natural Gas Distribution
2986,2986,VGM,Computer & office Equipment
2987,2987,VGR,CIGARETTES
2988,2988,VGZ,GOLD &amp; SILVER ORES
2989,2989,VHC,PATENT OWNERS &amp; LESSORS
2990,2990,VHI,INDUSTRIAL INORGANIC CHEMICALS
2991,2991,VIAC,Television Broadcasting Stations
2992,2992,VIACA,Television Broadcasting Stations
2993,2993,VIAV,SEMICONDUCTORS &amp; RELATED DEVICES
2994,2994,VICR,"ELECTRONIC COMPONENTS, NEC"
2995,2995,VIRC,PUBLIC BUILDING AND RELATED FURNITURE
2996,2996,VIRX,PHARMACEUTICAL PREPARATIONS
2997,2997,VIVE,ELECTROMEDICAL &amp; ELECTROTHERAPEUTIC APPARATUS
2998,2998,VIVO,IN VITRO &amp; IN VIVO DIAGNOSTIC SUBSTANCES
2999,2999,VKI,Financial Services
3000,3000,VKQ,Financial Services
3001,3001,VLGEA,RETAIL-GROCERY STORES
3002,3002,VLO,PETROLEUM REFINING
3003,3003,VLT,Hospital & Medical Service Plans
3004,3004,VLY,NATIONAL COMMERCIAL BANKS
3005,3005,VMC,"MINING, QUARRYING OF NONMETALLIC MINERALS (NO FUELS)"
3006,3006,VMI,FABRICATED STRUCTURAL METAL PRODUCTS
3007,3007,VMM,Investment Offices / Funds
3008,3008,VMO,Financial Services
3009,3009,VMW,SERVICES-PREPACKAGED SOFTWARE
3010,3010,VNDA,PHARMACEUTICAL PREPARATIONS
3011,3011,VNO,REAL ESTATE INVESTMENT TRUSTS
3012,3012,VOD,RADIO TELEPHONE COMMUNICATIONS
3013,3013,VOXX,"WHOLESALE-ELECTRONIC PARTS &amp; EQUIPMENT, NEC"
3014,3014,VPG,ELECTRONIC COMPONENTS &amp; ACCESSORIES
3015,3015,VPV,Financial Services
3016,3016,VRA,LEATHER &amp; LEATHER PRODUCTS
3017,3017,VRME,SERVICES-COMPUTER INTEGRATED SYSTEMS DESIGN
3018,3018,VRNT,SERVICES-COMPUTER INTEGRATED SYSTEMS DESIGN
3019,3019,VRSK,SERVICES-COMPUTER PROCESSING &amp; DATA PREPARATION
3020,3020,VRSN,SERVICES-COMPUTER PROGRAMMING SERVICES
3021,3021,VRTS,INVESTMENT ADVICE
3022,3022,VRTU,Services-Computer Programming Services
3023,3023,VRTX,PHARMACEUTICAL PREPARATIONS
3024,3024,VSAT,"COMMUNICATION SERVICES, NEC"
3025,3025,VSEC,SERVICES-ENGINEERING SERVICES
3026,3026,VSH,ELECTRONIC COMPONENTS &amp; ACCESSORIES
3027,3027,VTA,Crude Petroleum & Natural Gas
3028,3028,VTN,Computer & office Equipment
3029,3029,VTNR,PETROLEUM REFINING
3030,3030,VTR,REAL ESTATE INVESTMENT TRUSTS
3031,3031,VTSI,MISCELLANEOUS MANUFACTURING INDUSTRIES
3032,3032,VVI,SERVICES-MISCELLANEOUS AMUSEMENT &amp; RECREATION
3033,3033,VVR,Financial Services
3034,3034,VXRT,BIOLOGICAL PRODUCTS (NO DIAGNOSTIC SUBSTANCES)
3035,3035,VZ,TELEPHONE COMMUNICATIONS (NO RADIO TELEPHONE)
3036,3036,WAB,RAILROAD EQUIPMENT
3037,3037,WABC,NATIONAL COMMERCIAL BANKS
3038,3038,WAFD,NATIONAL COMMERCIAL BANKS
3039,3039,WAL,STATE COMMERCIAL BANKS
3040,3040,WASH,STATE COMMERCIAL BANKS
3041,3041,WAT,LABORATORY ANALYTICAL INSTRUMENTS
3042,3042,WBK,"Commercial Banks, NEC"
3043,3043,WBS,NATIONAL COMMERCIAL BANKS
3044,3044,WCC,"WHOLESALE-ELECTRICAL APPARATUS &amp; EQUIPMENT, WIRING SUPPLIES"
3045,3045,WCN,REFUSE SYSTEMS
3046,3046,WD,FINANCE SERVICES
3047,3047,WDC,COMPUTER STORAGE DEVICES
3048,3048,WDFC,MISCELLANEOUS CHEMICAL PRODUCTS
3049,3049,WDR,"Security Brokers, Dealers & Flotation Companies"
3050,3050,WEA,Financial Services
3051,3051,WEC,ELECTRIC &amp; OTHER SERVICES COMBINED
3052,3052,WELL,REAL ESTATE INVESTMENT TRUSTS
3053,3053,WEN,RETAIL-EATING &amp; DRINKING PLACES
3054,3054,WERN,TRUCKING (NO LOCAL)
3055,3055,WETF,"SECURITY BROKERS, DEALERS &amp; FLOTATION COMPANIES"
3056,3056,WEX,"SERVICES-BUSINESS SERVICES, NEC"
3057,3057,WEYS,"WHOLESALE-APPAREL, PIECE GOODS &amp; NOTIONS"
3058,3058,WFC,NATIONAL COMMERCIAL BANKS
3059,3059,WGO,MOTOR HOMES
3060,3060,WHG,INVESTMENT ADVICE
3061,3061,WHLM,SERVICES-MANAGEMENT CONSULTING SERVICES
3062,3062,WHR,HOUSEHOLD APPLIANCES
3063,3063,WIA,Financial Services
3064,3064,WILC,WHOLESALE-GROCERIES &amp; GENERAL LINE
3065,3065,WINA,RETAIL-MISCELLANEOUS RETAIL
3066,3066,WINT,BIOLOGICAL PRODUCTS (NO DIAGNOSTIC SUBSTANCES)
3067,3067,WIRE,ROLLING DRAWING &amp; EXTRUDING OF NONFERROUS METALS
3068,3068,WIT,SERVICES-COMPUTER PROGRAMMING SERVICES
3069,3069,WIW,Financial Services
3070,3070,WKHS,MOTOR VEHICLES &amp; PASSENGER CAR BODIES
3071,3071,WLDN,SERVICES-ENGINEERING SERVICES
3072,3072,WLFC,"WHOLESALE-MACHINERY, EQUIPMENT &amp; SUPPLIES"
3073,3073,WLK,INDUSTRIAL ORGANIC CHEMICALS
3074,3074,WM,REFUSE SYSTEMS
3075,3075,WMB,NATURAL GAS TRANSMISSION
3076,3076,WMK,RETAIL-GROCERY STORES
3077,3077,WMT,RETAIL-VARIETY STORES
3078,3078,WNC,TRUCK TRAILERS
3079,3079,WNEB,"SAVINGS INSTITUTION, FEDERALLY CHARTERED"
3080,3080,WNS,"SERVICES-BUSINESS SERVICES, NEC"
3081,3081,WOR,"STEEL WORKS, BLAST FURNACES &amp; ROLLING &amp; FINISHING MILLS"
3082,3082,WPC,REAL ESTATE INVESTMENT TRUSTS
3083,3083,WPM,GOLD &amp; SILVER ORES
3084,3084,WPRT,ENGINES &amp; TURBINES
3085,3085,WRB,"FIRE, MARINE &amp; CASUALTY INSURANCE"
3086,3086,WRE,REAL ESTATE INVESTMENT TRUSTS
3087,3087,WRI,Real Estate Investment Trusts
3088,3088,WRLD,PERSONAL CREDIT INSTITUTIONS
3089,3089,WSBC,NATIONAL COMMERCIAL BANKS
3090,3090,WSFS,NATIONAL COMMERCIAL BANKS
3091,3091,WSM,"RETAIL-HOME FURNITURE, FURNISHINGS &amp; EQUIPMENT STORES"
3092,3092,WSO,WHOLESALE-HARDWARE &amp; PLUMBING &amp; HEATING EQUIPMENT &amp; SUPPLIES
3093,3093,WSR,REAL ESTATE INVESTMENT TRUSTS
3094,3094,WST,SURGICAL &amp; MEDICAL INSTRUMENTS &amp; APPARATUS
3095,3095,WSTG,WHOLESALE-COMPUTER &amp; PERIPHERAL EQUIPMENT &amp; SOFTWARE
3096,3096,WTBA,STATE COMMERCIAL BANKS
3097,3097,WTFC,STATE COMMERCIAL BANKS
3098,3098,WTI,CRUDE PETROLEUM &amp; NATURAL GAS
3099,3099,WTM,"FIRE, MARINE &amp; CASUALTY INSURANCE"
3100,3100,WTRG,WATER SUPPLY
3101,3101,WTS,MISCELLANEOUS FABRICATED METAL PRODUCTS
3102,3102,WTT,"COMMUNICATIONS EQUIPMENT, NEC"
3103,3103,WU,"SERVICES-BUSINESS SERVICES, NEC"
3104,3104,WVVI,BEVERAGES
3105,3105,WW,SERVICES-PERSONAL SERVICES
3106,3106,WWD,ELECTRICAL INDUSTRIAL APPARATUS
3107,3107,WWE,SERVICES-MOTION PICTURE &amp; VIDEO TAPE PRODUCTION
3108,3108,WWR,METAL MINING
3109,3109,WWW,"FOOTWEAR, (NO RUBBER)"
3110,3110,WY,REAL ESTATE INVESTMENT TRUSTS
3111,3111,WYNN,HOTELS &amp; MOTELS
3112,3112,WYY,SERVICES-COMPUTER INTEGRATED SYSTEMS DESIGN
3113,3113,X,"STEEL WORKS, BLAST FURNACES  ROLLING MILLS (COKE OVENS)"
3114,3114,XEC,Crude Petroleum & Natural Gas
3115,3115,XEL,ELECTRIC &amp; OTHER SERVICES COMBINED
3116,3116,XELB,PATENT OWNERS &amp; LESSORS
3117,3117,XIN,GEN BUILDING CONTRACTORS - RESIDENTIAL BUILDINGS
3118,3118,XLNX,Semiconductors & Related Devices
3119,3119,XOM,PETROLEUM REFINING
3120,3120,XOMA,PHARMACEUTICAL PREPARATIONS
3121,3121,XPL,GOLD &amp; SILVER ORES
3122,3122,XPO,TRANSPORTATION SERVICES
3123,3123,XRAY,DENTAL EQUIPMENT &amp; SUPPLIES
3124,3124,XSPA,SERVICES-PERSONAL SERVICES
3125,3125,XTLB,PHARMACEUTICAL PREPARATIONS
3126,3126,XTNT,SURGICAL &amp; MEDICAL INSTRUMENTS &amp; APPARATUS
3127,3127,Y,"FIRE, MARINE &amp; CASUALTY INSURANCE"
3128,3128,YELL,TRUCKING (NO LOCAL)
3129,3129,YGYI,RETAIL-CATALOG &amp; MAIL-ORDER HOUSES
3130,3130,YORW,WATER SUPPLY
3131,3131,YPF,PETROLEUM REFINING
3132,3132,YTEN,AGRICULTURE PRODUCTION - CROPS
3133,3133,YUM,RETAIL-EATING PLACES
3134,3134,YVR,SERVICES-PREPACKAGED SOFTWARE
3135,3135,ZAGG,Retail-Miscellaneous Retail
3136,3136,ZBH,"ORTHOPEDIC, PROSTHETIC &amp; SURGICAL APPLIANCES &amp; SUPPLIES"
3137,3137,ZBRA,GENERAL INDUSTRIAL MACHINERY &amp; EQUIPMENT
3138,3138,ZEUS,WHOLESALE-METALS SERVICE CENTERS &amp; OFFICES
3139,3139,ZGNX,Pharmaceutical Preparations
3140,3140,ZIOP,Pharmaceutical Preparations
3141,3141,ZIXI,Services-Computer Processing & Data Preparation
3142,3142,ZNH,"AIR TRANSPORTATION, SCHEDULED"
3143,3143,ZTR,Investment Offices / Funds
3144,3144,ZUMZ,RETAIL-APPAREL &amp; ACCESSORY STORES
3145,3145,ZVO,SERVICES-EDUCATIONAL SERVICES
3146,3146,ZYXI,ELECTROMEDICAL &amp; ELECTROTHERAPEUTIC APPARATUS
3147,3147,ABST,SERVICES-PREPACKAGED SOFTWARE
3148,3148,AGM.A,Federal & Federally-Sponsored Credit Agencies
3149,3149,BCDA,BIOLOGICAL PRODUCTS (NO DIAGNOSTIC SUBSTANCES)
3150,3150,BDL,RETAIL-EATING PLACES
3151,3151,BPTH,PHARMACEUTICAL PREPARATIONS
3152,3152,BRBS,STATE COMMERCIAL BANKS
3153,3153,CIXX,INVESTMENT ADVICE
3154,3154,CKX,CRUDE PETROLEUM &amp; NATURAL GAS
3155,3155,CSBR,BIOLOGICAL PRODUCTS (NO DIAGNOSTIC SUBSTANCES)
3156,3156,DISCB,Cable & Other Pay Television Services
3157,3157,DLHC,SERVICES-HELP SUPPLY SERVICES
3158,3158,DLPN,SERVICES-PERSONAL SERVICES
3159,3159,EDSA,PHARMACEUTICAL PREPARATIONS
3160,3160,EMX,METAL MINING
3161,3161,ERF,CRUDE PETROLEUM &amp; NATURAL GAS
3162,3162,ESBK,National Commercial Banks
3163,3163,GBR,CRUDE PETROLEUM &amp; NATURAL GAS
3164,3164,GJR,Asset-Backed Securities
3165,3165,GJT,ASSET-BACKED SECURITIES
3166,3166,HROW,PHARMACEUTICAL PREPARATIONS
3167,3167,IDW,SERVICES-ADVERTISING
3168,3168,INTZ,COMPUTER COMMUNICATIONS EQUIPMENT
3169,3169,ISDR,SERVICES-MANAGEMENT CONSULTING SERVICES
3170,3170,KOR,GOLD &amp; SILVER ORES
3171,3171,KTH,ASSET-BACKED SECURITIES
3172,3172,NHLD,"Security & Commodity Brokers, Dealers, Exchanges & Services"
3173,3173,NPN,National Commercial Banks
3174,3174,OBT,STATE COMMERCIAL BANKS
3175,3175,OGEN,PHARMACEUTICAL PREPARATIONS
3176,3176,OPHC,NATIONAL COMMERCIAL BANKS
3177,3177,OPNT,PHARMACEUTICAL PREPARATIONS
3178,3178,PBA,OIL AND GAS FIELD EXPLORATION SERVICES
3179,3179,PFIE,OIL &amp; GAS FILED MACHINERY &amp; EQUIPMENT
3180,3180,PFIS,NATIONAL COMMERCIAL BANKS
3181,3181,PLBC,SHORT-TERM BUSINESS CREDIT INSTITUTIONS
3182,3182,POAI,"ORTHOPEDIC, PROSTHETIC &amp; SURGICAL APPLIANCES &amp; SUPPLIES"
3183,3183,PYT,Asset-Backed Securities
3184,3184,RAND,Financial Services
3185,3185,RGCO,NATURAL GAS TRANSMISSION &amp; DISTRIBUTION
3186,3186,SAND,GOLD &amp; SILVER ORES
3187,3187,SBFG,STATE COMMERCIAL BANKS
3188,3188,SFST,NATIONAL COMMERCIAL BANKS
3189,3189,SIEB,"SECURITY BROKERS, DEALERS &amp; FLOTATION COMPANIES"
3190,3190,SII,FINANCE SERVICES
3191,3191,SMIT,"INDUSTRIAL INSTRUMENTS FOR MEASUREMENT, DISPLAY, AND CONTROL"
3192,3192,SMTS,METAL MINING
3193,3193,TFII,TRUCKING &amp; COURIER SERVICES (NO AIR)
3194,3194,TOMZ,INDUSTRIAL ORGANIC CHEMICALS
3195,3195,TRXC,Surgical & Medical Instruments & Apparatus
3196,3196,TU,RADIO TELEPHONE COMMUNICATIONS
3197,3197,UBG,Unknown
3198,3198,USAS,METAL MINING
3199,3199,UUUU,"MINING, QUARRYING OF NONMETALLIC MINERALS (NO FUELS)"
3200,3200,VBIV,PHARMACEUTICAL PREPARATIONS
3201,3201,VUZI,RADIO &amp; TV BROADCASTING &amp; COMMUNICATIONS EQUIPMENT
3202,3202,WFCF,SERVICES-PREPACKAGED SOFTWARE
3203,3203,WRN,METAL MINING
3204,3204,WSO.B,Wholesale-Hardware & Plumbing & Heating Equipment & Supplies
3205,3205,BCML,STATE COMMERCIAL BANKS
3206,3206,BFC,NATIONAL COMMERCIAL BANKS
3207,3207,CATC,STATE COMMERCIAL BANKS
3208,3208,DMAC,PHARMACEUTICAL PREPARATIONS
3209,3209,DOOR,"MILLWOOD, VENEER, PLYWOOD &amp; STRUCTURAL WOOD MEMBERS"
3210,3210,EEH,Miscellaneous Business Credit Institution
3211,3211,FF,INDUSTRIAL ORGANIC CHEMICALS
3212,3212,GLPG,PHARMACEUTICAL PREPARATIONS
3213,3213,GPRK,CRUDE PETROLEUM &amp; NATURAL GAS
3214,3214,LFMD,SERVICES-OFFICES &amp; CLINICS OF DOCTORS OF MEDICINE
3215,3215,MTA,GOLD &amp; SILVER ORES
3216,3216,NSYS,"ELECTRONIC COMPONENTS, NEC"
3217,3217,NVGS,DEEP SEA FOREIGN TRANSPORTATION OF FREIGHT
3218,3218,ORGN,INDUSTRIAL ORGANIC CHEMICALS
3219,3219,SUNW,"MISCELLANEOUS ELECTRICAL MACHINERY, EQUIPMENT &amp; SUPPLIES"
3220,3220,SVT,"CUTLERY, HANDTOOLS &amp; GENERAL HARDWARE"
3221,3221,WVFC,"SAVINGS INSTITUTIONS, NOT FEDERALLY CHARTERED"
3222,3222,XPEL,"COATING, ENGRAVING &amp; ALLIED SERVICES"
3223,3223,CGAU,GOLD &amp; SILVER ORES
3224,3224,CLDB,"Savings Institution, Federally Chartered"
3225,3225,CODA,"SEARCH, DETECTION, NAVIGATION, GUIDANCE, AERONAUTICAL SYS"
3226,3226,FDBC,NATIONAL COMMERCIAL BANKS
3227,3227,FGBI,"SAVINGS INSTITUTION, FEDERALLY CHARTERED"
3228,3228,GTT,Telephone Communications (No Radiotelephone)
3229,3229,IOVA,BIOLOGICAL PRODUCTS (NO DIAGNOSTIC SUBSTANCES)
3230,3230,LBTYB,CABLE &amp; OTHER PAY TELEVISION SERVICES
3231,3231,LSBK,"SAVINGS INSTITUTION, FEDERALLY CHARTERED"
3232,3232,MNSB,STATE COMMERCIAL BANKS
3233,3233,SRNE,BIOLOGICAL PRODUCTS (NO DIAGNOSTIC SUBSTANCES)
3234,3234,SUZ,PAPER MILLS
3235,3235,CUEN,WHOLESALE-GROCERIES &amp; RELATED PRODUCTS
3236,3236,HGBL,"SERVICES-BUSINESS SERVICES, NEC"
3237,3237,IMV,PHARMACEUTICAL PREPARATIONS
3238,3238,SONN,PHARMACEUTICAL PREPARATIONS
3239,3239,SYTA,RADIO TELEPHONE COMMUNICATIONS
3240,3240,APTO,BIOLOGICAL PRODUCTS (NO DIAGNOSTIC SUBSTANCES)
3241,3241,CTGO,GOLD &amp; SILVER ORES
3242,3242,HBMD,State Commercial Banks
3243,3243,KIQ,RAILROAD EQUIPMENT
3244,3244,LMNL,PHARMACEUTICAL PREPARATIONS
3245,3245,RDIB,SERVICES-MOTION PICTURE THEATERS
3246,3246,FCAP,"SAVINGS INSTITUTION, FEDERALLY CHARTERED"
3247,3247,FMBH,STATE COMMERCIAL BANKS
3248,3248,FTS,ELECTRIC SERVICES
3249,3249,KMDA,PHARMACEUTICAL PREPARATIONS
3250,3250,MPB,STATE COMMERCIAL BANKS
3251,3251,MRTX,PHARMACEUTICAL PREPARATIONS
3252,3252,NVCN,SURGICAL &amp; MEDICAL INSTRUMENTS &amp; APPARATUS
3253,3253,PPSI,"POWER, DISTRIBUTION &amp; SPECIALTY TRANSFORMERS"
3254,3254,RIVE,National Commercial Banks
3255,3255,TCFC,STATE COMMERCIAL BANKS
3256,3256,AAT,REAL ESTATE INVESTMENT TRUSTS
3257,3257,MVBF,STATE COMMERCIAL BANKS
3258,3258,OFED,"SAVINGS INSTITUTION, FEDERALLY CHARTERED"
3259,3259,PTVCA,"Fire, Marine & Casualty Insurance"
3260,3260,UIHC,"FIRE, MARINE &amp; CASUALTY INSURANCE"
3261,3261,DGICB,"FIRE, MARINE &amp; CASUALTY INSURANCE"
3262,3262,KELYB,SERVICES-HELP SUPPLY SERVICES
3263,3263,VFF,AGRICULTURE PRODUCTION - CROPS
3264,3264,MCC,Investment Advice
3265,3265,OXLC,Financial Services
3266,3266,PVG,Metal Mining
3267,3267,WFG,"SAWMILLS, PLANNING MILLS, GENERAL"
3268,3268,OPBK,STATE COMMERCIAL BANKS
3269,3269,REI,CRUDE PETROLEUM &amp; NATURAL GAS
3270,3270,INPX,SERVICES-COMPUTER PROGRAMMING SERVICES
3271,3271,PAYS,"SERVICES-BUSINESS SERVICES, NEC"
3272,3272,LEAF,Services-Computer Processing & Data Preparation
3273,3273,LND,AGRICULTURE PRODUCTION - CROPS
3274,3274,NLSN,"SERVICES-BUSINESS SERVICES, NEC"
3275,3275,XXII,CIGARETTES
3276,3276,ACP,Financial Services
3277,3277,BGX,Financial Services
3278,3278,GNT,Financial Services
3279,3279,AGRO,AGRICULTURE PRODUCTION - CROPS
3280,3280,BKU,"SAVINGS INSTITUTION, FEDERALLY CHARTERED"
3281,3281,ELYS,SERVICES-PREPACKAGED SOFTWARE
3282,3282,PTRS,STATE COMMERCIAL BANKS
3283,3283,RBNC,State Commercial Banks
3284,3284,AUPH,PHARMACEUTICAL PREPARATIONS
3285,3285,NPTN,Semiconductors & Related Devices
3286,3286,ONCS,PHARMACEUTICAL PREPARATIONS
3287,3287,ORGS,PHARMACEUTICAL PREPARATIONS
3288,3288,PCRX,PHARMACEUTICAL PREPARATIONS
3289,3289,GEVO,INDUSTRIAL ORGANIC CHEMICALS
3290,3290,INN,REAL ESTATE INVESTMENT TRUSTS
3291,3291,FLDM,Laboratory Analytical Instruments
3292,3292,ACRX,PHARMACEUTICAL PREPARATIONS
3293,3293,KMI,NATURAL GAS TRANSMISSION
3294,3294,LIXT,PHARMACEUTICAL PREPARATIONS
3295,3295,FPAY,"SERVICES-EQUIPMENT RENTAL &amp; LEASING, NEC"
3296,3296,GNUS,SERVICES-MOTION PICTURE &amp; VIDEO TAPE PRODUCTION
3297,3297,OMNT,"Services-Business Services, NEC"
3298,3298,BWFG,STATE COMMERCIAL BANKS
3299,3299,BTTR,BEVERAGES
3300,3300,NVOS,ENGINES &amp; TURBINES
3301,3301,PALT,"SERVICES-COMPUTER PROGRAMMING, DATA PROCESSING, ETC."
3302,3302,SOTK,"SPECIAL INDUSTRY MACHINERY, NEC"
3303,3303,CCEL,"SERVICES-MISC HEALTH &amp; ALLIED SERVICES, NEC"
3304,3304,GBOX,SERVICES-MANAGEMENT CONSULTING SERVICES
3305,3305,IAIC,Services-Prepackaged Software
3306,3306,MOBQ,SERVICES-ADVERTISING
3307,3307,NETE,Services-Computer Processing & Data Preparation
3308,3308,SURG,TELEPHONE COMMUNICATIONS (NO RADIO TELEPHONE)
3309,3309,AFT,Investment Advice
3310,3310,EMMA,PHARMACEUTICAL PREPARATIONS
3311,3311,JHG,INVESTMENT ADVICE
3312,3312,OLB,"SERVICES-BUSINESS SERVICES, NEC"
3313,3313,SUNS,Real Estate Investment Trusts
3314,3314,POWW,"ORDNANCE &amp; ACCESSORIES, (NO VEHICLES/GUIDED MISSILES)"
3315,3315,MDVL,RETAIL-DRUG STORES AND PROPRIETARY STORES
3316,3316,PCB,STATE COMMERCIAL BANKS
3317,3317,NSP,SERVICES-HELP SUPPLY SERVICES
3318,3318,HCA,"SERVICES-GENERAL MEDICAL &amp; SURGICAL HOSPITALS, NEC"
3319,3319,FURY,GOLD &amp; SILVER ORES
3320,3320,MX,SEMICONDUCTORS &amp; RELATED DEVICES
3321,3321,TVTX,PHARMACEUTICAL PREPARATIONS
3322,3322,CSOD,Services-Prepackaged Software
3323,3323,MLPY,"Security Brokers, Dealers & Flotation Companies"
3324,3324,IVDA,SERVICES-PREPACKAGED SOFTWARE
3325,3325,SREV,"Services-Business Services, NEC"
3326,3326,TDJ,Radiotelephone Communications
3327,3327,BCX,Services-Management Consulting Services
3328,3328,HII,SHIP &amp; BOAT BUILDING &amp; REPAIRING
3329,3329,APTS,REAL ESTATE INVESTMENT TRUSTS
3330,3330,EURN,DEEP SEA FOREIGN TRANSPORTATION OF FREIGHT
3331,3331,MICT,FOOD &amp; KINDRED PRODUCTS
3332,3332,ABVC,PHARMACEUTICAL PREPARATIONS
3333,3333,MKTY,Finance Services
3334,3334,QUBT,SERVICES-PREPACKAGED SOFTWARE
3335,3335,SPHS,Pharmaceutical Preparations
3336,3336,WCFB,"Savings Institution, Federally Chartered"
3337,3337,KAVL,RETAIL-NONSTORE RETAILERS
3338,3338,DTST,SERVICES-COMPUTER PROCESSING &amp; DATA PREPARATION
3339,3339,GMLP,Water Transportation
3340,3340,LINK,"COMPUTER PERIPHERAL EQUIPMENT, NEC"
3341,3341,PFLT,"Insurance Agents, Brokers & Service"
3342,3342,UAN,AGRICULTURE CHEMICALS
3343,3343,NSPR,SURGICAL &amp; MEDICAL INSTRUMENTS &amp; APPARATUS
3344,3344,CVLB,Services-Offices & Clinics of  Doctors of  Medicine
3345,3345,ARCO,RETAIL-EATING PLACES
3346,3346,SQNS,SEMICONDUCTORS &amp; RELATED DEVICES
3347,3347,STAG,REAL ESTATE INVESTMENT TRUSTS
3348,3348,INM,PHARMACEUTICAL PREPARATIONS
3349,3349,AL,"SERVICES-EQUIPMENT RENTAL &amp; LEASING, NEC"
3350,3350,SPLP,MISCELLANEOUS PRIMARY METAL PRODUCTS
3351,3351,SVVC,Financial Services
3352,3352,RCAT,SERVICES-PREPACKAGED SOFTWARE
3353,3353,BCM,"COMMERCIAL BANKS, NEC"
3354,3354,OIL,"COMMERCIAL BANKS, NEC"
3355,3355,VNET,"SERVICES-COMPUTER PROGRAMMING, DATA PROCESSING, ETC."
3356,3356,IHD,Financial Services
3357,3357,SSSS,Financial Services
3358,3358,SHSP,Services-Prepackaged Software
3359,3359,ESGC,Services-Motion Picture & Video Tape Distribution
3360,3360,RENN,SERVICES-PREPACKAGED SOFTWARE
3361,3361,WIFI,"Communications Services, NEC"
3362,3362,CASA,RADIO &amp; TV BROADCASTING &amp; COMMUNICATIONS EQUIPMENT
3363,3363,CDK,"Services-Business Services, NEC"
3364,3364,ELC,ELECTRIC SERVICES
3365,3365,IMMP,PHARMACEUTICAL PREPARATIONS
3366,3366,JSM,"SECURITY BROKERS, DEALERS &amp; FLOTATION COMPANIES"
3367,3367,THR,ELECTRICAL INDUSTRIAL APPARATUS
3368,3368,VOC,CRUDE PETROLEUM &amp; NATURAL GAS
3369,3369,EYES,ELECTROMEDICAL &amp; ELECTROTHERAPEUTIC APPARATUS
3370,3370,INSE,SERVICES-PREPACKAGED SOFTWARE
3371,3371,PBHC,STATE COMMERCIAL BANKS
3372,3372,CALB,STATE COMMERCIAL BANKS
3373,3373,RACE,MOTOR VEHICLES &amp; PASSENGER CAR BODIES
3374,3374,SMHI,DEEP SEA FOREIGN TRANSPORTATION OF FREIGHT
3375,3375,GYRO,OPERATORS OF NONRESIDENTIAL BUILDINGS
3376,3376,KOS,CRUDE PETROLEUM &amp; NATURAL GAS
3377,3377,RLJ,REAL ESTATE INVESTMENT TRUSTS
3378,3378,FENG,TELEVISION BROADCASTING STATIONS
3379,3379,NGL,NATURAL GAS TRANSMISSION
3380,3380,CSWI,ADHESIVES &amp; SEALANTS
3381,3381,UZA,Radiotelephone Communications
3382,3382,ACST,PHARMACEUTICAL PREPARATIONS
3383,3383,COCP,PHARMACEUTICAL PREPARATIONS
3384,3384,NMFC,Crude Petroleum & Natural Gas
3385,3385,NSR,Gold and Silver Ores
3386,3386,CXDO,TELEPHONE COMMUNICATIONS (NO RADIO TELEPHONE)
3387,3387,YNDX,"SERVICES-COMPUTER PROGRAMMING, DATA PROCESSING, ETC."
3388,3388,CIIG,BLANK CHECKS
3389,3389,DDD,SERVICES-PREPACKAGED SOFTWARE
3390,3390,HEQ,Financial Services
3391,3391,JSD,Investment Offices / Funds
3392,3392,SAVE,"AIR TRANSPORTATION, SCHEDULED"
3393,3393,MOS,AGRICULTURE CHEMICALS
3394,3394,ATNM,PHARMACEUTICAL PREPARATIONS
3395,3395,GRFS,PHARMACEUTICAL PREPARATIONS
3396,3396,IZEA,SERVICES-ADVERTISING
3397,3397,EMO,Financial Services
3398,3398,CCLP,"OIL, GAS FIELD SERVICES, NBC"
3399,3399,AMCX,CABLE &amp; OTHER PAY TELEVISION SERVICES
3400,3400,FDUS,Financial Services
3401,3401,VTGN,PHARMACEUTICAL PREPARATIONS
3402,3402,MYMD,IN VITRO &amp; IN VIVO DIAGNOSTIC SUBSTANCES
3403,3403,JE,Natural Gas Distribution
3404,3404,ASPU,SERVICES-EDUCATIONAL SERVICES
3405,3405,MITT,REAL ESTATE INVESTMENT TRUSTS
3406,3406,NTG,Investment Offices / Funds
3407,3407,MPC,PETROLEUM REFINING
3408,3408,GLDG,GOLD &amp; SILVER ORES
3409,3409,IROQ,"SAVINGS INSTITUTION, FEDERALLY CHARTERED"
3410,3410,DFVL,"Commercial Banks, NEC"
3411,3411,DFVS,"Commercial Banks, NEC"
3412,3412,DSS,PAPERBOARD CONTAINERS &amp; BOXES
3413,3413,VISL,"COMMUNICATIONS EQUIPMENT, NEC"
3414,3414,SXC,"STEEL WORKS, BLAST FURNACES  ROLLING MILLS (COKE OVENS)"
3415,3415,FRAN,Retail-Apparel & Accessory Stores
3416,3416,BLRX,PHARMACEUTICAL PREPARATIONS
3417,3417,NVFY,HOUSEHOLD FURNITURE
3418,3418,DNKN,Retail-Eating & Drinking Places
3419,3419,DPG,Investment Advice
3420,3420,CHEF,WHOLESALE-GROCERIES &amp; GENERAL LINE
3421,3421,HZNP,PHARMACEUTICAL PREPARATIONS
3422,3422,PME,"FISHING, HUNTING &amp; TRAPPING"
3423,3423,GMAB,PHARMACEUTICAL PREPARATIONS
3424,3424,XVZ,"Commercial Banks, NEC"
3425,3425,LIQT,MISC INDUSTRIAL &amp; COMMERCIAL MACHINERY &amp; EQUIPMENT
3426,3426,VER,Real Estate Investment Trusts
3427,3427,FIF,Investment Offices / Funds
3428,3428,FBHS,"MILLWOOD, VENEER, PLYWOOD &amp; STRUCTURAL WOOD MEMBERS"
3429,3429,VNRX,IN VITRO &amp; IN VIVO DIAGNOSTIC SUBSTANCES
3430,3430,ENOV,"ORTHOPEDIC, PROSTHETIC &amp; SURGICAL APPLIANCES &amp; SUPPLIES"
3431,3431,UI,RADIO &amp; TV BROADCASTING &amp; COMMUNICATIONS EQUIPMENT
3432,3432,BTCS,FINANCE SERVICES
3433,3433,FLUX,"MISCELLANEOUS ELECTRICAL MACHINERY, EQUIPMENT &amp; SUPPLIES"
3434,3434,LIVX,Retail-Eating  Places
3435,3435,TTP,Investment Offices / Funds
3436,3436,GNE,ELECTRIC &amp; OTHER SERVICES COMBINED
3437,3437,ACHC,"SERVICES-SPECIALTY OUTPATIENT FACILITIES, NEC"
3438,3438,XYL,PUMPS &amp; PUMPING EQUIPMENT
3439,3439,PTIX,PHARMACEUTICAL PREPARATIONS
3440,3440,PVL,CRUDE PETROLEUM &amp; NATURAL GAS
3441,3441,LUMO,PHARMACEUTICAL PREPARATIONS
3442,3442,CLVS,PHARMACEUTICAL PREPARATIONS
3443,3443,APTV,MOTOR VEHICLE PARTS &amp; ACCESSORIES
3444,3444,FBIO,PHARMACEUTICAL PREPARATIONS
3445,3445,SPWR,SEMICONDUCTORS &amp; RELATED DEVICES
3446,3446,MN,INVESTMENT ADVICE
3447,3447,VAC,REAL ESTATE AGENTS &amp; MANAGERS (FOR OTHERS)
3448,3448,BUI,Financial Services
3449,3449,BEP,ELECTRIC SERVICES
3450,3450,TRIP,"SERVICES-COMPUTER PROGRAMMING, DATA PROCESSING, ETC."
3451,3451,TCP,Natural Gas Transmission
3452,3452,CPRI,LEATHER &amp; LEATHER PRODUCTS
3453,3453,LPI,CRUDE PETROLEUM &amp; NATURAL GAS
3454,3454,MCEP,Crude Petroleum & Natural Gas
3455,3455,ZNGA,Services-Computer Processing & Data Preparation
3456,3456,AMT,REAL ESTATE INVESTMENT TRUSTS
3457,3457,CRY,Surgical & Medical Instruments & Apparatus
3458,3458,WPX,Crude Petroleum & Natural Gas
3459,3459,ANGI,SERVICES-ADVERTISING
3460,3460,CIVI,CRUDE PETROLEUM &amp; NATURAL GAS
3461,3461,GRPN,SERVICES-ADVERTISING AGENCIES
3462,3462,MNST,BOTTLED &amp; CANNED SOFT DRINKS CARBONATED WATERS
3463,3463,SAGE,PHARMACEUTICAL PREPARATIONS
3464,3464,SGBX,WHOLESALE-LUMBER &amp; OTHER CONSTRUCTION MATERIALS
3465,3465,Z,"SERVICES-BUSINESS SERVICES, NEC"
3466,3466,REGI,INDUSTRIAL ORGANIC CHEMICALS
3467,3467,TDS,TELEPHONE COMMUNICATIONS (NO RADIO TELEPHONE)
3468,3468,GWRE,SERVICES-PREPACKAGED SOFTWARE
3469,3469,DBL,Financial Services
3470,3470,VSTM,PHARMACEUTICAL PREPARATIONS
3471,3471,SLCA,"MINING, QUARRYING OF NONMETALLIC MINERALS (NO FUELS)"
3472,3472,MTDR,CRUDE PETROLEUM &amp; NATURAL GAS
3473,3473,TNXP,PHARMACEUTICAL PREPARATIONS
3474,3474,POST,GRAIN MILL PRODUCTS
3475,3475,CCXI,PHARMACEUTICAL PREPARATIONS
3476,3476,CPAC,"CEMENT, HYDRAULIC"
3477,3477,EPAM,SERVICES-COMPUTER PROGRAMMING SERVICES
3478,3478,MARA,FINANCE SERVICES
3479,3479,HMST,STATE COMMERCIAL BANKS
3480,3480,SYNC,"Services-Computer Programming, Data Processing, Etc."
3481,3481,ONVO,BIOLOGICAL PRODUCTS (NO DIAGNOSTIC SUBSTANCES)
3482,3482,NUWE,ELECTROMEDICAL &amp; ELECTROTHERAPEUTIC APPARATUS
3483,3483,BCOV,SERVICES-COMPUTER PROCESSING &amp; DATA PREPARATION
3484,3484,CUBI,STATE COMMERCIAL BANKS
3485,3485,PRLB,FABRICATED STRUCTURAL METAL PRODUCTS
3486,3486,VGI,Electromedical & Electrotherapeutic Apparatus
3487,3487,BBDO,STATE COMMERCIAL BANKS
3488,3488,ALSN,MOTOR VEHICLE PARTS &amp; ACCESSORIES
3489,3489,MTSI,SEMICONDUCTORS &amp; RELATED DEVICES
3490,3490,MMX,GOLD &amp; SILVER ORES
3491,3491,CSTE,CUT STONE &amp; STONE PRODUCTS
3492,3492,VIPS,RETAIL-CATALOG &amp; MAIL-ORDER HOUSES
3493,3493,BWG,Financial Services
3494,3494,COOP,FINANCE SERVICES
3495,3495,RM,PERSONAL CREDIT INSTITUTIONS
3496,3496,VCRA,"Communications Equipment, NEC"
3497,3497,MACK,PHARMACEUTICAL PREPARATIONS
3498,3498,ZWS,GENERAL INDUSTRIAL MACHINERY &amp; EQUIPMENT
3499,3499,ENPH,SEMICONDUCTORS &amp; RELATED DEVICES
3500,3500,GLOG,Water Transportation
3501,3501,TCPC,Financial Services
3502,3502,RPAI,Real Estate Investment Trusts
3503,3503,SQBG,Apparel & Other Finishd Prods of  Fabrics & Similar Matl
3504,3504,YELP,SERVICES-PERSONAL SERVICES
3505,3505,FET,OIL &amp; GAS FILED MACHINERY &amp; EQUIPMENT
3506,3506,MRC,WHOLESALE-INDUSTRIAL MACHINERY &amp; EQUIPMENT
3507,3507,OPT,BIOLOGICAL PRODUCTS (NO DIAGNOSTIC SUBSTANCES)
3508,3508,MFO,Real Estate Investment Trusts
3509,3509,SPLK,SERVICES-PREPACKAGED SOFTWARE
3510,3510,AMPY,CRUDE PETROLEUM &amp; NATURAL GAS
3511,3511,PBYI,PHARMACEUTICAL PREPARATIONS
3512,3512,PFPT,Services-Computer Processing & Data Preparation
3513,3513,CLIR,"INDUSTRIAL INSTRUMENTS FOR MEASUREMENT, DISPLAY, AND CONTROL"
3514,3514,HGH,"Fire, Marine & Casualty Insurance"
3515,3515,ACRE,REAL ESTATE INVESTMENT TRUSTS
3516,3516,FRGI,RETAIL-EATING PLACES
3517,3517,ISD,Financial Services
3518,3518,JRI,Real Estate Investment Trusts
3519,3519,PSX,PETROLEUM REFINING
3520,3520,SUPN,PHARMACEUTICAL PREPARATIONS
3521,3521,TMQ,GOLD &amp; SILVER ORES
3522,3522,KLR,SERVICES-COMPUTER PROCESSING &amp; DATA PREPARATION
3523,3523,TLYS,RETAIL-APPAREL &amp; ACCESSORY STORES
3524,3524,RZLT,PHARMACEUTICAL PREPARATIONS
3525,3525,PHIO,PHARMACEUTICAL PREPARATIONS
3526,3526,TGLS,FLAT GLASS
3527,3527,WMC,REAL ESTATE INVESTMENT TRUSTS
3528,3528,TILE,CARPETS AND RUGS
3529,3529,CLPT,SURGICAL &amp; MEDICAL INSTRUMENTS &amp; APPARATUS
3530,3530,PDI,Life Insurance
3531,3531,SMM,Deep Sea Foreign Transportation of  Freight
3532,3532,MSCI,"SERVICES-BUSINESS SERVICES, NEC"
3533,3533,INGR,GRAIN MILL PRODUCTS
3534,3534,HTA,Real Estate Investment Trusts
3535,3535,FRG,PATENT OWNERS &amp; LESSORS
3536,3536,LPCN,PHARMACEUTICAL PREPARATIONS
3537,3537,TROX,INDUSTRIAL INORGANIC CHEMICALS
3538,3538,XBIO,PHARMACEUTICAL PREPARATIONS
3539,3539,QMCO,COMPUTER STORAGE DEVICES
3540,3540,CTR,Investment Offices / Funds
3541,3541,EUFX,Unknown
3542,3542,MMD,Financial Services
3543,3543,NOW,SERVICES-PREPACKAGED SOFTWARE
3544,3544,ELJ,Electric Services
3545,3545,FSBW,"SAVINGS INSTITUTIONS, NOT FEDERALLY CHARTERED"
3546,3546,HTBI,"SAVINGS INSTITUTION, FEDERALLY CHARTERED"
3547,3547,CLSK,FINANCE SERVICES
3548,3548,CROC,Unknown
3549,3549,FIVE,RETAIL-VARIETY STORES
3550,3550,PANW,"COMPUTER PERIPHERAL EQUIPMENT, NEC"
3551,3551,ADYX,SURGICAL &amp; MEDICAL INSTRUMENTS &amp; APPARATUS
3552,3552,LWLG,MISCELLANEOUS PLASTIC PRODUCTS
3553,3553,RTNB,Services-Management Consulting Services
3554,3554,CHUY,RETAIL-EATING PLACES
3555,3555,OMQS,SERVICES-COMPUTER INTEGRATED SYSTEMS DESIGN
3556,3556,YRIV,REAL ESTATE
3557,3557,NGVC,RETAIL-GROCERY STORES
3558,3558,JPI,Investment Offices / Funds
3559,3559,LDP,Services-Computer Processing & Data Preparation
3560,3560,NDP,Natural Gas Transmission
3561,3561,BRFH,"CANNED, FROZEN &amp; PRESERVED FRUIT, VEG &amp; FOOD SPECIALTIES"
3562,3562,GMED,SURGICAL &amp; MEDICAL INSTRUMENTS &amp; APPARATUS
3563,3563,INNV,SERVICES-HEALTH SERVICES
3564,3564,BLMN,RETAIL-EATING PLACES
3565,3565,MANU,SERVICES-AMUSEMENT &amp; RECREATION SERVICES
3566,3566,PFMT,SERVICES-MISCELLANEOUS BUSINESS SERVICES
3567,3567,TTSH,"RETAIL-HOME FURNITURE, FURNISHINGS &amp; EQUIPMENT STORES"
3568,3568,SFBC,"SAVINGS INSTITUTION, FEDERALLY CHARTERED"
3569,3569,RZA,LIFE INSURANCE
3570,3570,BTT,Financial Services
3571,3571,PARR,CRUDE PETROLEUM &amp; NATURAL GAS
3572,3572,RCRT,SERVICES-COMPUTER PROGRAMMING SERVICES
3573,3573,NBHC,NATIONAL COMMERCIAL BANKS
3574,3574,SUN,PETROLEUM REFINING
3575,3575,ZIVO,BIOLOGICAL PRODUCTS (NO DIAGNOSTIC SUBSTANCES)
3576,3576,BGB,Investment Advice
3577,3577,SZC,Investment Offices / Funds
3578,3578,TPHS,OPERATORS OF NONRESIDENTIAL BUILDINGS
3579,3579,PNR,SPECIAL INDUSTRY MACHINERY (NO METALWORKING MACHINERY)
3580,3580,QLYS,SERVICES-PREPACKAGED SOFTWARE
3581,3581,SMLP,NATURAL GAS TRANSMISSION
3582,3582,HY,INDUSTRIAL TRUCKS TRACTORS TRAILERS &amp; STACKERS
3583,3583,BERY,"PLASTICS PRODUCTS, NEC"
3584,3584,RGLS,PHARMACEUTICAL PREPARATIONS
3585,3585,GRPH,BIOLOGICAL PRODUCTS (NO DIAGNOSTIC SUBSTANCES)
3586,3586,AMBA,SEMICONDUCTORS &amp; RELATED DEVICES
3587,3587,CRTD,SERVICES-ALLIED TO MOTION PICTURE PRODUCTION
3588,3588,ICPT,PHARMACEUTICAL PREPARATIONS
3589,3589,RLGY,Real Estate Agents & Managers (For Others)
3590,3590,SSTK,SERVICES-COMPUTER PROCESSING &amp; DATA PREPARATION
3591,3591,FANG,CRUDE PETROLEUM &amp; NATURAL GAS
3592,3592,MLVF,"SAVINGS INSTITUTION, FEDERALLY CHARTERED"
3593,3593,SRAX,SERVICES-ADVERTISING AGENCIES
3594,3594,WDAY,SERVICES-COMPUTER PROCESSING &amp; DATA PREPARATION
3595,3595,CAPL,WHOLESALE-PETROLEUM &amp; PETROLEUM PRODUCTS (NO BULK STATIONS)
3596,3596,MRCC,"Services-Computer Programming, Data Processing, Etc."
3597,3597,BGH,Metal Forgings & Stampings
3598,3598,EDI,Investment Offices / Funds
3599,3599,MPLX,PIPE LINES (NO NATURAL GAS)
3600,3600,CANF,PHARMACEUTICAL PREPARATIONS
3601,3601,DKL,PIPE LINES (NO NATURAL GAS)
3602,3602,RH,RETAIL-FURNITURE STORES
3603,3603,CGEM,BIOLOGICAL PRODUCTS (NO DIAGNOSTIC SUBSTANCES)
3604,3604,ATOS,PHARMACEUTICAL PREPARATIONS
3605,3605,OFS,Financial Services
3606,3606,SCM,Financial Services
3607,3607,TPST,PHARMACEUTICAL PREPARATIONS
3608,3608,WHLR,REAL ESTATE INVESTMENT TRUSTS
3609,3609,YY,SERVICES-COMPUTER PROCESSING &amp; DATA PREPARATION
3610,3610,ARDC,Financial Services
3611,3611,FEI,Investment Offices / Funds
3612,3612,WHF,Financial Services
3613,3613,NID,Investment Offices / Funds
3614,3614,WES,NATURAL GAS TRANSMISSION
3615,3615,AAMC,REAL ESTATE
3616,3616,PBF,PETROLEUM REFINING
3617,3617,SSYS,"COMPUTER PERIPHERAL EQUIPMENT, NEC"
3618,3618,GHY,Financial Services
3619,3619,PRTA,PHARMACEUTICAL PREPARATIONS
3620,3620,INDP,PHARMACEUTICAL PREPARATIONS
3621,3621,NTEC,Pharmaceutical Preparations
3622,3622,ABBV,PHARMACEUTICAL PREPARATIONS
3623,3623,CLI,Real Estate Investment Trusts
3624,3624,DPW,Oil & Gas Field Machinery & Equipment
3625,3625,IKNX,Finance Services
3626,3626,MOSY,Semiconductors & Related Devices
3627,3627,SINO,Arrangement of  Transportation of  Freight & Cargo
3628,3628,WLTW,"Insurance Agents, Brokers & Service"
3629,3629,WPP,SERVICES-ADVERTISING AGENCIES
3630,3630,IMLP,"COMMERCIAL BANKS, NEC"
3631,3631,RDHL,PHARMACEUTICAL PREPARATIONS
3632,3632,USAC,NATURAL GAS TRANSMISSION
3633,3633,SWET,BLANK CHECKS
3634,3634,CONE,Real Estate Investment Trusts
3635,3635,NCLH,WATER TRANSPORTATION
3636,3636,NFBK,"SAVINGS INSTITUTION, FEDERALLY CHARTERED"
3637,3637,BFAM,SERVICES-CHILD DAY CARE SERVICES
3638,3638,LAND,REAL ESTATE INVESTMENT TRUSTS
3639,3639,NSS,PIPE LINES (NO NATURAL GAS)
3640,3640,HGEN,PHARMACEUTICAL PREPARATIONS
3641,3641,VTOL,"AIR TRANSPORTATION, NONSCHEDULED"
3642,3642,ZTS,PHARMACEUTICAL PREPARATIONS
3643,3643,ICLR,SERVICES-COMMERCIAL PHYSICAL &amp; BIOLOGICAL RESEARCH
3644,3644,BCC,WHOLESALE-LUMBER &amp; OTHER CONSTRUCTION MATERIALS
3645,3645,NIQ,"Services-Computer Programming, Data Processing, Etc."
3646,3646,RC,REAL ESTATE INVESTMENT TRUSTS
3647,3647,ORC,REAL ESTATE INVESTMENT TRUSTS
3648,3648,TMBR,PHARMACEUTICAL PREPARATIONS
3649,3649,STAF,SERVICES-HELP SUPPLY SERVICES
3650,3650,KTRA,PHARMACEUTICAL PREPARATIONS
3651,3651,AIF,Crude Petroleum & Natural Gas
3652,3652,BIT,Financial Services
3653,3653,TYME,PHARMACEUTICAL PREPARATIONS
3654,3654,IPDN,"SERVICES-COMPUTER PROGRAMMING, DATA PROCESSING, ETC."
3655,3655,APAM,INVESTMENT ADVICE
3656,3656,ATMP,"COMMERCIAL BANKS, NEC"
3657,3657,MOGO,FINANCE SERVICES
3658,3658,PPX,Electric Services
3659,3659,MODN,"SERVICES-COMPUTER PROGRAMMING, DATA PROCESSING, ETC."
3660,3660,ENTA,PHARMACEUTICAL PREPARATIONS
3661,3661,LFT,REAL ESTATE INVESTMENT TRUSTS
3662,3662,MRIN,SERVICES-COMPUTER PROCESSING &amp; DATA PREPARATION
3663,3663,ETX,Financial Services
3664,3664,MIE,Services-Computer Processing & Data Preparation
3665,3665,NML,Investment Advice
3666,3666,IBTX,STATE COMMERCIAL BANKS
3667,3667,CGIX,Services-Medical Laboratories
3668,3668,FUBO,SERVICES-MOTION PICTURE &amp; VIDEO TAPE PRODUCTION
3669,3669,HMTV,CABLE &amp; OTHER PAY TELEVISION SERVICES
3670,3670,VYNT,SERVICES-MEDICAL LABORATORIES
3671,3671,DRIO,SURGICAL &amp; MEDICAL INSTRUMENTS &amp; APPARATUS
3672,3672,KNOP,WATER TRANSPORTATION
3673,3673,CMRX,PHARMACEUTICAL PREPARATIONS
3674,3674,EVTC,SERVICES-COMPUTER PROCESSING &amp; DATA PREPARATION
3675,3675,BPY,Real Estate
3676,3676,HASI,"INVESTORS, NEC"
3677,3677,CULL,"SAVINGS INSTITUTIONS, NOT FEDERALLY CHARTERED"
3678,3678,SEAS,SERVICES-MISCELLANEOUS AMUSEMENT &amp; RECREATION
3679,3679,AEYE,SERVICES-PREPACKAGED SOFTWARE
3680,3680,DMB,Commodity Contracts Brokers & Dealers
3681,3681,DSL,Financial Services
3682,3682,EARN,REAL ESTATE INVESTMENT TRUSTS
3683,3683,TMUS,RADIO TELEPHONE COMMUNICATIONS
3684,3684,GWPH,Pharmaceutical Preparations
3685,3685,VOYA,LIFE INSURANCE
3686,3686,HCAP,Blank Checks
3687,3687,QIWI,"SERVICES-BUSINESS SERVICES, NEC"
3688,3688,AIW,Real Estate Investment Trusts
3689,3689,AKTX,PHARMACEUTICAL PREPARATIONS
3690,3690,AHH,REAL ESTATE
3691,3691,IQV,SERVICES-COMMERCIAL PHYSICAL &amp; BIOLOGICAL RESEARCH
3692,3692,TSC,State Commercial Banks
3693,3693,NRZ,Real Estate Investment Trusts
3694,3694,NCBS,National Commercial Banks
3695,3695,CSTM,SECONDARY SMELTING &amp; REFINING OF NONFERROUS METALS
3696,3696,ECOM,SERVICES-PREPACKAGED SOFTWARE
3697,3697,ELU,Electric Services
3698,3698,NRC,SERVICES-COMMERCIAL PHYSICAL &amp; BIOLOGICAL RESEARCH
3699,3699,PETV,SURGICAL &amp; MEDICAL INSTRUMENTS &amp; APPARATUS
3700,3700,FPF,Financial Services
3701,3701,OTEL,Telephone Communications (No Radiotelephone)
3702,3702,WTER,WHOLESALE-GROCERIES &amp; RELATED PRODUCTS
3703,3703,IVH,Investment Offices / Funds
3704,3704,EPZM,Pharmaceutical Preparations
3705,3705,AMPG,"COMMUNICATIONS EQUIPMENT, NEC"
3706,3706,LITB,RETAIL-CATALOG &amp; MAIL-ORDER HOUSES
3707,3707,DFP,Services-Computer Integrated Systems Design
3708,3708,COTY,"PERFUMES, COSMETICS &amp; OTHER TOILET PREPARATIONS"
3709,3709,BLUE,BIOLOGICAL PRODUCTS (NO DIAGNOSTIC SUBSTANCES)
3710,3710,PTCT,PHARMACEUTICAL PREPARATIONS
3711,3711,GMRE,REAL ESTATE INVESTMENT TRUSTS
3712,3712,GOGO,"COMMUNICATION SERVICES, NEC"
3713,3713,EFF,Investment Offices / Funds
3714,3714,ESPR,PHARMACEUTICAL PREPARATIONS
3715,3715,NSTG,BIOLOGICAL PRODUCTS (NO DIAGNOSTIC SUBSTANCES)
3716,3716,PGZ,Accident & Health Insurance
3717,3717,CDW,RETAIL-CATALOG &amp; MAIL-ORDER HOUSES
3718,3718,HDS,Wholesale-Durable Goods
3719,3719,SAMG,INVESTMENT ADVICE
3720,3720,NDLS,RETAIL-EATING PLACES
3721,3721,NWS,NEWSPAPERS:  PUBLISHING OR PUBLISHING &amp; PRINTING
3722,3722,NWSA,NEWSPAPERS:  PUBLISHING OR PUBLISHING &amp; PRINTING
3723,3723,LIND,TRANSPORTATION SERVICES
3724,3724,SPIR,"COMMUNICATION SERVICES, NEC"
3725,3725,OCSI,Investment Advice
3726,3726,DOOO,MISCELLANEOUS TRANSPORTATION EQUIPMENT
3727,3727,CWEN.A,Electric Services
3728,3728,SRC,OPERATORS OF NONRESIDENTIAL BUILDINGS
3729,3729,DOC,REAL ESTATE INVESTMENT TRUSTS
3730,3730,REXR,REAL ESTATE INVESTMENT TRUSTS
3731,3731,PSXP,Pipe Lines (No Natural Gas)
3732,3732,AENZ,HEAVY CONSTRUCTION OTHER THAN BUILDING CONST - CONTRACTORS
3733,3733,AGIO,PHARMACEUTICAL PREPARATIONS
3734,3734,HTBX,Pharmaceutical Preparations
3735,3735,HSTO,PHARMACEUTICAL PREPARATIONS
3736,3736,ONTX,PHARMACEUTICAL PREPARATIONS
3737,3737,KIO,Financial Services
3738,3738,AMH,REAL ESTATE INVESTMENT TRUSTS
3739,3739,ASC,DEEP SEA FOREIGN TRANSPORTATION OF FREIGHT
3740,3740,SFM,RETAIL-GROCERY STORES
3741,3741,MBII,Agricultural Chemicals
3742,3742,FOXF,"MOTORCYCLES, BICYCLES &amp; PARTS"
3743,3743,PGEN,PHARMACEUTICAL PREPARATIONS
3744,3744,BMCH,Retail-Lumber & Other Building Materials Dealers
3745,3745,MIXT,SERVICES-PREPACKAGED SOFTWARE
3746,3746,XPRO,"OIL, GAS FIELD SERVICES, NBC"
3747,3747,GLG,"WHOLESALE-METALS, MINERALS (NO PETROLEUM)"
3748,3748,IRT,REAL ESTATE INVESTMENT TRUSTS
3749,3749,SPNT,"FIRE, MARINE &amp; CASUALTY INSURANCE"
3750,3750,MUSA,RETAIL-AUTO DEALERS &amp; GASOLINE STATIONS
3751,3751,FKWL,TELEPHONE &amp; TELEGRAPH APPARATUS
3752,3752,VEDL,Metal Mining
3753,3753,CINR,Mining & Quarrying of  Nonmetallic Minerals (No Fuels)
3754,3754,BCYP,"Biological Products, (No Diagnostic Substances)"
3755,3755,BNFT,SERVICES-PREPACKAGED SOFTWARE
3756,3756,FPRX,Pharmaceutical Preparations
3757,3757,VLRS,"AIR TRANSPORTATION, SCHEDULED"
3758,3758,XLRN,"Biological Products, (No Diagnostic Substances)"
3759,3759,FSLF,Investment Offices / Funds
3760,3760,EVOK,PHARMACEUTICAL PREPARATIONS
3761,3761,ISEE,PHARMACEUTICAL PREPARATIONS
3762,3762,AAOI,SEMICONDUCTORS &amp; RELATED DEVICES
3763,3763,CEN,Pipe Lines (No Natural Gas)
3764,3764,PINC,SERVICES-MANAGEMENT SERVICES
3765,3765,RNG,SERVICES-COMPUTER PROCESSING &amp; DATA PREPARATION
3766,3766,CNHI,CONSTRUCTION MACHINERY &amp; EQUIP
3767,3767,NVEE,SERVICES-MISCELLANEOUS BUSINESS SERVICES
3768,3768,SAIC,SERVICES-COMPUTER INTEGRATED SYSTEMS DESIGN
3769,3769,FATE,BIOLOGICAL PRODUCTS (NO DIAGNOSTIC SUBSTANCES)
3770,3770,BURL,RETAIL-DEPARTMENT STORES
3771,3771,ESBA,REAL ESTATE INVESTMENT TRUSTS
3772,3772,ESRT,REAL ESTATE INVESTMENT TRUSTS
3773,3773,RMAX,REAL ESTATE AGENTS &amp; MANAGERS (FOR OTHERS)
3774,3774,CHMI,REAL ESTATE INVESTMENT TRUSTS
3775,3775,PBPB,RETAIL-EATING PLACES
3776,3776,FISK,REAL ESTATE INVESTMENT TRUSTS
3777,3777,OGCP,REAL ESTATE INVESTMENT TRUSTS
3778,3778,PBIP,"Savings Institutions, Not Federally Chartered"
3779,3779,QTS,Real Estate Investment Trusts
3780,3780,AR,CRUDE PETROLEUM &amp; NATURAL GAS
3781,3781,CXP,Real Estate Investment Trusts
3782,3782,MGNX,PHARMACEUTICAL PREPARATIONS
3783,3783,OMF,PERSONAL CREDIT INSTITUTIONS
3784,3784,PAGP,PIPE LINES (NO NATURAL GAS)
3785,3785,VEEV,SERVICES-PREPACKAGED SOFTWARE
3786,3786,RGT,Financial Services
3787,3787,VJET,PRINTING TRADES MACHINERY &amp; EQUIPMENT
3788,3788,ZEST,SERVICES-COMPUTER PROCESSING &amp; DATA PREPARATION
3789,3789,AERI,BIOLOGICAL PRODUCTS (NO DIAGNOSTIC SUBSTANCES)
3790,3790,COMM,RADIO &amp; TV BROADCASTING &amp; COMMUNICATIONS EQUIPMENT
3791,3791,EIGI,Services-Prepackaged Software
3792,3792,SRLP,WHOLESALE-PETROLEUM BULK STATIONS &amp; TERMINALS
3793,3793,ADMA,BIOLOGICAL PRODUCTS (NO DIAGNOSTIC SUBSTANCES)
3794,3794,ANY,FINANCE SERVICES
3795,3795,NTRP,Transportation Services
3796,3796,NXTD,"Orthopedic, Prosthetic & Surgical Appliances & Supplies"
3797,3797,BRX,REAL ESTATE INVESTMENT TRUSTS
3798,3798,CRTO,SERVICES-ADVERTISING AGENCIES
3799,3799,MOR,PHARMACEUTICAL PREPARATIONS
3800,3800,STKS,RETAIL-EATING PLACES
3801,3801,VCYT,SERVICES-MEDICAL LABORATORIES
3802,3802,ESNT,SURETY INSURANCE
3803,3803,MMI,REAL ESTATE AGENTS &amp; MANAGERS (FOR OTHERS)
3804,3804,NXE,MISCELLANEOUS METAL ORES
3805,3805,TCS,"RETAIL-HOME FURNITURE, FURNISHINGS &amp; EQUIPMENT STORES"
3806,3806,GLPI,REAL ESTATE INVESTMENT TRUSTS
3807,3807,BHR,REAL ESTATE INVESTMENT TRUSTS
3808,3808,KPTI,PHARMACEUTICAL PREPARATIONS
3809,3809,WIX,"SERVICES-COMPUTER PROGRAMMING, DATA PROCESSING, ETC."
3810,3810,BANX,Financial Services
3811,3811,LGIH,OPERATIVE BUILDERS
3812,3812,TWTR,"SERVICES-COMPUTER PROGRAMMING, DATA PROCESSING, ETC."
3813,3813,NMIH,SURETY INSURANCE
3814,3814,ABEV,BEVERAGES
3815,3815,CHGG,SERVICES-EDUCATIONAL SERVICES
3816,3816,DLNG,WATER TRANSPORTATION
3817,3817,STAY,Hotels & Motels
3818,3818,HMHC,Books: Publishing or  Publishing & Printing
3819,3819,TNDM,SURGICAL &amp; MEDICAL INSTRUMENTS &amp; APPARATUS
3820,3820,FVCB,STATE COMMERCIAL BANKS
3821,3821,ALLE,"SERVICES-DETECTIVE, GUARD &amp; ARMORED CAR SERVICES"
3822,3822,EXPI,REAL ESTATE AGENTS &amp; MANAGERS (FOR OTHERS)
3823,3823,PCSA,PHARMACEUTICAL PREPARATIONS
3824,3824,IPWR,SEMICONDUCTORS &amp; RELATED DEVICES
3825,3825,OXFD,In Vitro & In Vivo Diagnostic Substances
3826,3826,VNCE,RETAIL-APPAREL &amp; ACCESSORY STORES
3827,3827,WKSP,MOTOR VEHICLE PARTS &amp; ACCESSORIES
3828,3828,MHNC,"FIRE, MARINE &amp; CASUALTY INSURANCE"
3829,3829,XNCR,PHARMACEUTICAL PREPARATIONS
3830,3830,FITBI,STATE COMMERCIAL BANKS
3831,3831,AAL,"AIR TRANSPORTATION, SCHEDULED"
3832,3832,ATHM,SERVICES-COMPUTER PROCESSING &amp; DATA PREPARATION
3833,3833,ARMK,RETAIL-EATING PLACES
3834,3834,CTT,REAL ESTATE INVESTMENT TRUSTS
3835,3835,HLT,HOTELS &amp; MOTELS
3836,3836,KIN,Pharmaceutical Preparations
3837,3837,NETI,DEEP SEA FOREIGN TRANSPORTATION OF FREIGHT
3838,3838,AMC,SERVICES-MOTION PICTURE THEATERS
3839,3839,PANL,DEEP SEA FOREIGN TRANSPORTATION OF FREIGHT
3840,3840,TRUE,"SERVICES-COMPUTER PROGRAMMING, DATA PROCESSING, ETC."
3841,3841,ITCI,PHARMACEUTICAL PREPARATIONS
3842,3842,TALK,SERVICES-HEALTH SERVICES
3843,3843,TACO,RETAIL-EATING PLACES
3844,3844,GLYC,PHARMACEUTICAL PREPARATIONS
3845,3845,CELP,"Services-Business Services, NEC"
3846,3846,EKSO,"GENERAL INDUSTRIAL MACHINERY &amp; EQUIPMENT, NEC"
3847,3847,OGS,NATURAL GAS DISTRIBUTION
3848,3848,ESI,MISCELLANEOUS CHEMICAL PRODUCTS
3849,3849,SC,Personal Credit Institutions
3850,3850,WSBF,"SAVINGS INSTITUTION, FEDERALLY CHARTERED"
3851,3851,DRNA,Pharmaceutical Preparations
3852,3852,EIGR,BIOLOGICAL PRODUCTS (NO DIAGNOSTIC SUBSTANCES)
3853,3853,CARA,PHARMACEUTICAL PREPARATIONS
3854,3854,MBUU,SHIP &amp; BOAT BUILDING &amp; REPAIRING
3855,3855,NWHM,"Savings Institution, Federally Chartered"
3856,3856,RARE,PHARMACEUTICAL PREPARATIONS
3857,3857,TRVN,PHARMACEUTICAL PREPARATIONS
3858,3858,GCI,NEWSPAPERS:  PUBLISHING OR PUBLISHING &amp; PRINTING
3859,3859,BIOC,SERVICES-MEDICAL LABORATORIES
3860,3860,GNCA,BIOLOGICAL PRODUCTS (NO DIAGNOSTIC SUBSTANCES)
3861,3861,QURE,PHARMACEUTICAL PREPARATIONS
3862,3862,ICMB,Financial Services
3863,3863,LADR,REAL ESTATE INVESTMENT TRUSTS
3864,3864,RVNC,PHARMACEUTICAL PREPARATIONS
3865,3865,SESN,PHARMACEUTICAL PREPARATIONS
3866,3866,EGRX,PHARMACEUTICAL PREPARATIONS
3867,3867,CNCE,PHARMACEUTICAL PREPARATIONS
3868,3868,IBP,GEN BUILDING CONTRACTORS - RESIDENTIAL BUILDINGS
3869,3869,SINT,SURGICAL &amp; MEDICAL INSTRUMENTS &amp; APPARATUS
3870,3870,INGN,"ORTHOPEDIC, PROSTHETIC &amp; SURGICAL APPLIANCES &amp; SUPPLIES"
3871,3871,KN,HOUSEHOLD AUDIO &amp; VIDEO EQUIPMENT
3872,3872,NGHC,"Fire, Marine & Casualty Insurance"
3873,3873,VRNS,SERVICES-PREPACKAGED SOFTWARE
3874,3874,TPVG,Financial Services
3875,3875,NLTX,PHARMACEUTICAL PREPARATIONS
3876,3876,QUOT,SERVICES-ADVERTISING
3877,3877,REPH,PHARMACEUTICAL PREPARATIONS
3878,3878,ENLC,NATURAL GAS TRANSMISSION
3879,3879,GLMD,PHARMACEUTICAL PREPARATIONS
3880,3880,PLXP,PHARMACEUTICAL PREPARATIONS
3881,3881,CSLT,Services-Computer Processing & Data Preparation
3882,3882,AMRK,"WHOLESALE-JEWELRY, WATCHES, PRECIOUS STONES &amp; METALS"
3883,3883,MSA,"ORTHOPEDIC, PROSTHETIC &amp; SURGICAL APPLIANCES &amp; SUPPLIES"
3884,3884,PCTY,SERVICES-PREPACKAGED SOFTWARE
3885,3885,AKBA,PHARMACEUTICAL PREPARATIONS
3886,3886,BLBD,TRUCK &amp; BUS BODIES
3887,3887,MDWD,MEDICINAL CHEMICALS &amp; BOTANICAL PRODUCTS
3888,3888,QTWO,SERVICES-PREPACKAGED SOFTWARE
3889,3889,ARAV,PHARMACEUTICAL PREPARATIONS
3890,3890,ATEN,COMPUTER COMMUNICATIONS EQUIPMENT
3891,3891,PULM,PHARMACEUTICAL PREPARATIONS
3892,3892,TSLX,"Fire, Marine & Casualty Insurance"
3893,3893,AGTC,BIOLOGICAL PRODUCTS (NO DIAGNOSTIC SUBSTANCES)
3894,3894,FPL,Investment Offices / Funds
3895,3895,TNET,"SERVICES-BUSINESS SERVICES, NEC"
3896,3896,BRG,REAL ESTATE INVESTMENT TRUSTS
3897,3897,OUT,REAL ESTATE INVESTMENT TRUSTS
3898,3898,TWOU,SERVICES-PREPACKAGED SOFTWARE
3899,3899,WATT,RADIO &amp; TV BROADCASTING &amp; COMMUNICATIONS EQUIPMENT
3900,3900,MGNI,"SERVICES-COMPUTER PROGRAMMING, DATA PROCESSING, ETC."
3901,3901,TEDU,SERVICES-EDUCATIONAL SERVICES
3902,3902,FIVN,SERVICES-COMPUTER PROCESSING &amp; DATA PREPARATION
3903,3903,LE,RETAIL-FAMILY CLOTHING STORES
3904,3904,ADMS,Pharmaceutical Preparations
3905,3905,ALLY,STATE COMMERCIAL BANKS
3906,3906,DARE,PHARMACEUTICAL PREPARATIONS
3907,3907,ENBL,Natural Gas Transmission
3908,3908,FPI,REAL ESTATE INVESTMENT TRUSTS
3909,3909,PAHC,PHARMACEUTICAL PREPARATIONS
3910,3910,CIO,REAL ESTATE INVESTMENT TRUSTS
3911,3911,PAYC,SERVICES-PREPACKAGED SOFTWARE
3912,3912,FSK,Apparel & Other Finishd Prods of  Fabrics & Similar Matl
3913,3913,MC,INVESTMENT ADVICE
3914,3914,IMUX,PHARMACEUTICAL PREPARATIONS
3915,3915,LEJU,REAL ESTATE
3916,3916,NAVI,"SECURITY BROKERS, DEALERS &amp; FLOTATION COMPANIES"
3917,3917,SABR,"SERVICES-COMPUTER PROGRAMMING, DATA PROCESSING, ETC."
3918,3918,SPWH,RETAIL-MISCELLANEOUS SHOPPING GOODS STORES
3919,3919,WB,"SERVICES-COMPUTER PROGRAMMING, DATA PROCESSING, ETC."
3920,3920,AGFS,AGRICULTURE CHEMICALS
3921,3921,ALDX,PHARMACEUTICAL PREPARATIONS
3922,3922,SCYX,PHARMACEUTICAL PREPARATIONS
3923,3923,COMS,"COMMUNICATIONS EQUIPMENT, NEC"
3924,3924,GLOP,WATER TRANSPORTATION
3925,3925,CMCM,SERVICES-PREPACKAGED SOFTWARE
3926,3926,ISBC,STATE COMMERCIAL BANKS
3927,3927,LPG,DEEP SEA FOREIGN TRANSPORTATION OF FREIGHT
3928,3928,OXBR,"FIRE, MARINE &amp; CASUALTY INSURANCE"
3929,3929,PBFX,PIPE LINES (NO NATURAL GAS)
3930,3930,TOUR,TRANSPORTATION SERVICES
3931,3931,BARK,"RETAIL-RETAIL STORES, NEC"
3932,3932,SFBS,STATE COMMERCIAL BANKS
3933,3933,WPG,Real Estate Investment Trusts
3934,3934,ZEN,SERVICES-COMPUTER PROCESSING &amp; DATA PREPARATION
3935,3935,CCOI,"COMMUNICATION SERVICES, NEC"
3936,3936,CVEO,"HOTELS, ROOMING HOUSE, CAMPS &amp; OTHER LODGING PLACES"
3937,3937,DNOW,OIL &amp; GAS FILED MACHINERY &amp; EQUIPMENT
3938,3938,JD,"RETAIL-RETAIL STORES, NEC"
3939,3939,AGRX,PHARMACEUTICAL PREPARATIONS
3940,3940,CGC,MEDICINAL CHEMICALS &amp; BOTANICAL PRODUCTS
3941,3941,HEPA,PHARMACEUTICAL PREPARATIONS
3942,3942,HRTG,"FIRE, MARINE &amp; CASUALTY INSURANCE"
3943,3943,PE,Crude Petroleum & Natural Gas
3944,3944,SDPI,OIL &amp; GAS FILED MACHINERY &amp; EQUIPMENT
3945,3945,DRTT,SERVICES-PREPACKAGED SOFTWARE
3946,3946,MOXC,FINANCE SERVICES
3947,3947,QTNT,IN VITRO &amp; IN VIVO DIAGNOSTIC SUBSTANCES
3948,3948,RESN,Semiconductors & Related Devices
3949,3949,MOMO,SERVICES-PREPACKAGED SOFTWARE
3950,3950,CTRE,REAL ESTATE INVESTMENT TRUSTS
3951,3951,HCTI,SERVICES-COMPUTER INTEGRATED SYSTEMS DESIGN
3952,3952,TBPH,PHARMACEUTICAL PREPARATIONS
3953,3953,ANET,COMPUTER COMMUNICATIONS EQUIPMENT
3954,3954,RDUS,Wholesale-Misc Durable Goods
3955,3955,AFC,Investment Advice
3956,3956,ARGD,TITLE INSURANCE
3957,3957,CTY,Telephone Communications (No Radiotelephone)
3958,3958,MCV,Investment Advice
3959,3959,TDA,Radiotelephone Communications
3960,3960,TDE,Radiotelephone Communications
3961,3961,TVC,ELECTRIC SERVICES
3962,3962,TVE,ELECTRIC SERVICES
3963,3963,ZD,TELEGRAPH &amp; OTHER MESSAGE COMMUNICATIONS
3964,3964,FBGX,NATIONAL COMMERCIAL BANKS
3965,3965,FLGE,Asset-Backed Securities
3966,3966,MOBL,Services-Prepackaged Software
3967,3967,TSE,"PLASTICS, MATERIALS, SYNTH RESINS &amp; NONVULCAN ELASTOMERS"
3968,3968,ASPN,WHOLESALE-LUMBER &amp; OTHER CONSTRUCTION MATERIALS
3969,3969,AY,ELECTRIC SERVICES
3970,3970,RYAM,PULP MILLS
3971,3971,CCS,OPERATIVE BUILDERS
3972,3972,VNOM,CRUDE PETROLEUM &amp; NATURAL GAS
3973,3973,VRTV,WHOLESALE-PAPER AND PAPER PRODUCTS
3974,3974,ARDX,PHARMACEUTICAL PREPARATIONS
3975,3975,LRMR,PHARMACEUTICAL PREPARATIONS
3976,3976,TMST,"STEEL WORKS, BLAST FURNACES  ROLLING MILLS (COKE OVENS)"
3977,3977,CBAY,PHARMACEUTICAL PREPARATIONS
3978,3978,FNF,TITLE INSURANCE
3979,3979,GGZ,Financial Services
3980,3980,XNET,SERVICES-PREPACKAGED SOFTWARE
3981,3981,AMPH,PHARMACEUTICAL PREPARATIONS
3982,3982,MTLS,SERVICES-PREPACKAGED SOFTWARE
3983,3983,DSE,Investment Advice
3984,3984,GPRO,PHOTOGRAPHIC EQUIPMENT &amp; SUPPLIES
3985,3985,TMX,SERVICES-MANAGEMENT SERVICES
3986,3986,DBRG,INVESTMENT ADVICE
3987,3987,MIK,"Retail-Hobby, Toy & Game Shops"
3988,3988,NEP,ELECTRIC SERVICES
3989,3989,SSB,STATE COMMERCIAL BANKS
3990,3990,AAXN,"Ordnance & Accessories, (No Vehicles/Guided Missiles)"
3991,3991,AKER,In Vitro & In Vivo Diagnostic Substances
3992,3992,BRKS,"Special Industry Machinery, NEC"
3993,3993,CBLI,Pharmaceutical Preparations
3994,3994,CHFS,Electromedical & Electrotherapeutic Apparatus
3995,3995,CLNY,Real Estate Investment Trusts
3996,3996,CPTA,Unknown
3997,3997,CSU,Services-Computer Integrated Systems Design
3998,3998,DRAD,Electromedical & Electrotherapeutic Apparatus
3999,3999,ETM,Radio Broadcasting Stations
4000,4000,FEYE,"Computer Peripheral Equipment, NEC"
4001,4001,FI,"Savings Institutions, Not Federally Chartered"
4002,4002,GRIF,Real Estate
4003,4003,HCFT,Blank Checks
4004,4004,ISTR,STATE COMMERCIAL BANKS
4005,4005,JCOM,Telegraph & Other Message Communications
4006,4006,KBSF,Wholesale-Durable Goods
4007,4007,LLIT,"Retail-Retail Stores, NEC"
4008,4008,MGEN,Pharmaceutical Preparations
4009,4009,MLND,Pharmaceutical Preparations
4010,4010,MTSL,Services-Prepackaged Software
4011,4011,NERV,PHARMACEUTICAL PREPARATIONS
4012,4012,NTN,Pharmaceutical Preparations
4013,4013,PEIX,Industrial Organic Chemicals
4014,4014,PICO,"Fire, Marine & Casualty Insurance"
4015,4015,PIH,Finance Services
4016,4016,PPR,Investment Offices / Funds
4017,4017,RXN,General Industrial Machinery & Equipment
4018,4018,SALT,Deep Sea Foreign Transportation of  Freight
4019,4019,SGOC,Miscellaneous Business Credit Institution
4020,4020,SNCA,"Biological Products, (No Diagnostic Substances)"
4021,4021,SNE,Household Audio & Video Equipment
4022,4022,SNSS,Pharmaceutical Preparations
4023,4023,SONA,State Commercial Banks
4024,4024,SYX,Wholesale-Industrial Machinery & Equipment
4025,4025,TGC,Crude Petroleum & Natural Gas
4026,4026,TPRE,"Fire, Marine & Casualty Insurance"
4027,4027,WBAI,Finance Services
4028,4028,WYND,Hotels & Motels
4029,4029,XAN,Real Estate Investment Trusts
4030,4030,YRCW,Trucking (No Local)
4031,4031,HSDT,ELECTROMEDICAL &amp; ELECTROTHERAPEUTIC APPARATUS
4032,4032,MKGI,Finance Services
4033,4033,OR,GOLD &amp; SILVER ORES
4034,4034,RLMD,PHARMACEUTICAL PREPARATIONS
4035,4035,AFGC,"FIRE, MARINE &amp; CASUALTY INSURANCE"
4036,4036,EAST,MORTGAGE BANKERS &amp; LOAN CORRESPONDENTS
4037,4037,WIL,"COMMERCIAL BANKS, NEC"
4038,4038,ACB,MEDICINAL CHEMICALS &amp; BOTANICAL PRODUCTS
4039,4039,IRMD,SURGICAL &amp; MEDICAL INSTRUMENTS &amp; APPARATUS
4040,4040,CDNA,SERVICES-MEDICAL LABORATORIES
4041,4041,MMMB,"SAUSAGE, OTHER PREPARED MEAT PRODUCTS"
4042,4042,GLOB,SERVICES-COMPUTER PROCESSING &amp; DATA PREPARATION
4043,4043,TRUP,HOSPITAL &amp; MEDICAL SERVICE PLANS
4044,4044,MTBC,SERVICES-PREPACKAGED SOFTWARE
4045,4045,TSQ,RADIO BROADCASTING STATIONS
4046,4046,XENT,Surgical & Medical Instruments & Apparatus
4047,4047,LOCO,RETAIL-EATING PLACES
4048,4048,OCUL,PHARMACEUTICAL PREPARATIONS
4049,4049,OEC,MISCELLANEOUS CHEMICAL PRODUCTS
4050,4050,WMS,PLASTICS FOAM PRODUCTS
4051,4051,EBSB,National Commercial Banks
4052,4052,SPKE,Electric & Other Services Combined
4053,4053,THQ,Financial Services
4054,4054,VIA,ELECTRIC &amp; OTHER SERVICES COMBINED
4055,4055,WLKP,INDUSTRIAL ORGANIC CHEMICALS
4056,4056,ADVM,BIOLOGICAL PRODUCTS (NO DIAGNOSTIC SUBSTANCES)
4057,4057,CTLT,PHARMACEUTICAL PREPARATIONS
4058,4058,ENLV,PHARMACEUTICAL PREPARATIONS
4059,4059,HQY,"SERVICES-BUSINESS SERVICES, NEC"
4060,4060,MRNS,PHARMACEUTICAL PREPARATIONS
4061,4061,SYF,FINANCE SERVICES
4062,4062,VBLT,PHARMACEUTICAL PREPARATIONS
4063,4063,TPCO,Newspapers: Publishing or  Publishing & Printing
4064,4064,CCZ,CABLE &amp; OTHER PAY TELEVISION SERVICES
4065,4065,CYTO,PHARMACEUTICAL PREPARATIONS
4066,4066,EARS,Pharmaceutical Preparations
4067,4067,HMLP,WATER TRANSPORTATION
4068,4068,TTOO,SURGICAL &amp; MEDICAL INSTRUMENTS &amp; APPARATUS
4069,4069,ICD,DRILLING OIL &amp; GAS WELLS
4070,4070,LMB,CONSTRUCTION SPECIAL TRADE CONTRACTORS
4071,4071,RYI,WHOLESALE-METALS SERVICE CENTERS &amp; OFFICES
4072,4072,OTIC,PHARMACEUTICAL PREPARATIONS
4073,4073,LTRPA,SERVICES-COMPUTER PROCESSING &amp; DATA PREPARATION
4074,4074,LTRPB,SERVICES-COMPUTER PROCESSING &amp; DATA PREPARATION
4075,4075,AA,PRIMARY PRODUCTION OF ALUMINUM
4076,4076,ADT,"SERVICES-DETECTIVE, GUARD &amp; ARMORED CAR SERVICES"
4077,4077,AGI,GOLD &amp; SILVER ORES
4078,4078,ALEX,REAL ESTATE INVESTMENT TRUSTS
4079,4079,ALTR,SERVICES-PREPACKAGED SOFTWARE
4080,4080,ASH,WHOLESALE-CHEMICALS &amp; ALLIED PRODUCTS
4081,4081,BAR,Commodity Contracts Brokers & Dealers
4082,4082,BCEI,Crude Petroleum & Natural Gas
4083,4083,BRT,REAL ESTATE INVESTMENT TRUSTS
4084,4084,BTU,BITUMINOUS COAL &amp; LIGNITE SURFACE MINING
4085,4085,BXS,National Commercial Banks
4086,4086,CCEP,BOTTLED &amp; CANNED SOFT DRINKS CARBONATED WATERS
4087,4087,CCI,REAL ESTATE INVESTMENT TRUSTS
4088,4088,CHTR,CABLE &amp; OTHER PAY TELEVISION SERVICES
4089,4089,COUP,SERVICES-PREPACKAGED SOFTWARE
4090,4090,CPHC,"SERVICES-RACING, INCLUDING TRACK OPERATION"
4091,4091,CWEN,ELECTRIC SERVICES
4092,4092,ENR,"MISCELLANEOUS ELECTRICAL MACHINERY, EQUIPMENT &amp; SUPPLIES"
4093,4093,EQIX,REAL ESTATE INVESTMENT TRUSTS
4094,4094,FOR,REAL ESTATE
4095,4095,FTI,OIL &amp; GAS FILED MACHINERY &amp; EQUIPMENT
4096,4096,GDP,Crude Petroleum & Natural Gas
4097,4097,GOOG,"SERVICES-COMPUTER PROGRAMMING, DATA PROCESSING, ETC."
4098,4098,GSM,METAL MINING
4099,4099,HCC,BITUMINOUS COAL &amp; LIGNITE MINING
4100,4100,HUBB,ELECTRONIC COMPONENTS &amp; ACCESSORIES
4101,4101,IGT,SERVICES-MISCELLANEOUS AMUSEMENT &amp; RECREATION
4102,4102,IMOS,SEMICONDUCTORS &amp; RELATED DEVICES
4103,4103,IRM,REAL ESTATE INVESTMENT TRUSTS
4104,4104,ITT,PUMPS &amp; PUMPING EQUIPMENT
4105,4105,JMP,"Security Brokers, Dealers & Flotation Companies"
4106,4106,KRNY,"SAVINGS INSTITUTION, FEDERALLY CHARTERED"
4107,4107,LAMR,REAL ESTATE INVESTMENT TRUSTS
4108,4108,LNG,NATURAL GAS DISTRIBUTION
4109,4109,LOV,SERVICES-PERSONAL SERVICES
4110,4110,LXFR,INDUSTRIAL INORGANIC CHEMICALS
4111,4111,MIC,Wholesale-Petroleum & Petroleum Products (No Bulk Stations)
4112,4112,MSGS,SERVICES-MISCELLANEOUS AMUSEMENT &amp; RECREATION
4113,4113,MXL,SEMICONDUCTORS &amp; RELATED DEVICES
4114,4114,NES,"Oil & Gas Field Services, NEC"
4115,4115,NWLI,LIFE INSURANCE
4116,4116,OZK,Services-Motion Picture Theaters
4117,4117,PZG,METAL MINING
4118,4118,RMCF,SUGAR &amp; CONFECTIONERY PRODUCTS
4119,4119,SBAC,REAL ESTATE INVESTMENT TRUSTS
4120,4120,SD,CRUDE PETROLEUM &amp; NATURAL GAS
4121,4121,SE,SERVICES-MISCELLANEOUS BUSINESS SERVICES
4122,4122,SFB,"SECURITY BROKERS, DEALERS &amp; FLOTATION COMPANIES"
4123,4123,SMPL,FOOD &amp; KINDRED PRODUCTS
4124,4124,SPRO,PHARMACEUTICAL PREPARATIONS
4125,4125,STE,"ORTHOPEDIC, PROSTHETIC &amp; SURGICAL APPLIANCES &amp; SUPPLIES"
4126,4126,SWX,NATURAL GAS TRANSMISSION &amp; DISTRIBUTION
4127,4127,TDW,WATER TRANSPORTATION
4128,4128,TPH,OPERATIVE BUILDERS
4129,4129,UA,APPAREL &amp; OTHER FINISHED PRODS OF FABRICS &amp; SIMILAR MATERIAL
4130,4130,UBS,NATIONAL COMMERCIAL BANKS
4131,4131,ULTA,"RETAIL-RETAIL STORES, NEC"
4132,4132,VRS,Paper Mills
4133,4133,AFMD,PHARMACEUTICAL PREPARATIONS
4134,4134,CFRX,PHARMACEUTICAL PREPARATIONS
4135,4135,RWLK,"ORTHOPEDIC, PROSTHETIC &amp; SURGICAL APPLIANCES &amp; SUPPLIES"
4136,4136,ELDN,PHARMACEUTICAL PREPARATIONS
4137,4137,NVUS,Pharmaceutical Preparations
4138,4138,PRQR,PHARMACEUTICAL PREPARATIONS
4139,4139,RODI,"Commercial Banks, NEC"
4140,4140,BABA,"SERVICES-BUSINESS SERVICES, NEC"
4141,4141,AVAL,"COMMERCIAL BANKS, NEC"
4142,4142,CZR,HOTELS &amp; MOTELS
4143,4143,CFG,STATE COMMERCIAL BANKS
4144,4144,CYBR,SERVICES-PREPACKAGED SOFTWARE
4145,4145,ICL,AGRICULTURE CHEMICALS
4146,4146,MDLY,Investment Advice
4147,4147,GWGH,Life Insurance
4148,4148,GER,Hotels & Motels
4149,4149,VEC,Services-Facilities Support Management Services
4150,4150,LEU,"MINING, QUARRYING OF NONMETALLIC MINERALS (NO FUELS)"
4151,4151,ATTO,TELEPHONE COMMUNICATIONS (NO RADIO TELEPHONE)
4152,4152,CALA,PHARMACEUTICAL PREPARATIONS
4153,4153,W,RETAIL-CATALOG &amp; MAIL-ORDER HOUSES
4154,4154,ASX,SEMICONDUCTORS &amp; RELATED DEVICES
4155,4155,BH,RETAIL-EATING PLACES
4156,4156,BSMX,"COMMERCIAL BANKS, NEC"
4157,4157,BV,AGRICULTURE SERVICES
4158,4158,EVER,"SERVICES-COMPUTER PROGRAMMING, DATA PROCESSING, ETC."
4159,4159,KKR,INVESTMENT ADVICE
4160,4160,ONE,Services-Educational Services
4161,4161,PBY,Unknown
4162,4162,PT,"SERVICES-COMPUTER PROGRAMMING, DATA PROCESSING, ETC."
4163,4163,RCD,Real Estate Investment Trusts
4164,4164,SOHU,SERVICES-COMPUTER PROCESSING &amp; DATA PREPARATION
4165,4165,ST,"INDUSTRIAL INSTRUMENTS FOR MEASUREMENT, DISPLAY, AND CONTROL"
4166,4166,TBIO,Laboratory Analytical Instruments
4167,4167,TH,"HOTELS, ROOMING HOUSE, CAMPS &amp; OTHER LODGING PLACES"
4168,4168,TIPT,"FIRE, MARINE &amp; CASUALTY INSURANCE"
4169,4169,ECC,Services-Prepackaged Software
4170,4170,NMS,Financial Services
4171,4171,ALTS,Commodity Contracts Brokers & Dealers
4172,4172,BSIG,INVESTMENT ADVICE
4173,4173,HUBS,SERVICES-PREPACKAGED SOFTWARE
4174,4174,USDP,RAILROAD SWITCHING &amp; TERMINAL ESTABLISHMENTS
4175,4175,VBTX,STATE COMMERCIAL BANKS
4176,4176,PLAY,RETAIL-EATING PLACES
4177,4177,FCAU,Motor Vehicles & Passenger Car Bodies
4178,4178,STLA,MOTOR VEHICLES &amp; PASSENGER CAR BODIES
4179,4179,FWP,PHARMACEUTICAL PREPARATIONS
4180,4180,GWB,National Commercial Banks
4181,4181,ATRA,BIOLOGICAL PRODUCTS (NO DIAGNOSTIC SUBSTANCES)
4182,4182,DBVT,BIOLOGICAL PRODUCTS (NO DIAGNOSTIC SUBSTANCES)
4183,4183,TARA,BIOLOGICAL PRODUCTS (NO DIAGNOSTIC SUBSTANCES)
4184,4184,BST,Financial Services
4185,4185,BOOT,RETAIL-SHOE STORES
4186,4186,SHLX,PIPE LINES (NO NATURAL GAS)
4187,4187,SIEN,"ORTHOPEDIC, PROSTHETIC &amp; SURGICAL APPLIANCES &amp; SUPPLIES"
4188,4188,AVNS,"ORTHOPEDIC, PROSTHETIC &amp; SURGICAL APPLIANCES &amp; SUPPLIES"
4189,4189,FFWM,STATE COMMERCIAL BANKS
4190,4190,KE,PRINTED CIRCUIT BOARDS
4191,4191,KEYS,"INDUSTRIAL INSTRUMENTS FOR MEASUREMENT, DISPLAY, AND CONTROL"
4192,4192,LBRDA,CABLE &amp; OTHER PAY TELEVISION SERVICES
4193,4193,LBRDK,CABLE &amp; OTHER PAY TELEVISION SERVICES
4194,4194,XENE,PHARMACEUTICAL PREPARATIONS
4195,4195,CHRS,BIOLOGICAL PRODUCTS (NO DIAGNOSTIC SUBSTANCES)
4196,4196,NVRO,SURGICAL &amp; MEDICAL INSTRUMENTS &amp; APPARATUS
4197,4197,UPLD,SERVICES-PREPACKAGED SOFTWARE
4198,4198,FRPT,GRAIN MILL PRODUCTS
4199,4199,SNR,Real Estate Investment Trusts
4200,4200,SYNH,SERVICES-COMMERCIAL PHYSICAL &amp; BIOLOGICAL RESEARCH
4201,4201,TBK,STATE COMMERCIAL BANKS
4202,4202,JYNT,PATENT OWNERS &amp; LESSORS
4203,4203,AXTA,"PAINTS, VARNISHES, LACQUERS, ENAMELS &amp; ALLIED PRODUCTS"
4204,4204,AINC,SERVICES-MANAGEMENT CONSULTING SERVICES
4205,4205,ENVA,PERSONAL CREDIT INSTITUTIONS
4206,4206,PRAH,Services-Commercial Physical & Biological Research
4207,4207,SLNO,PHARMACEUTICAL PREPARATIONS
4208,4208,FGEN,PHARMACEUTICAL PREPARATIONS
4209,4209,LMRK,"Lessors of  Real Property, NEC"
4210,4210,BGSF,SERVICES-HELP SUPPLY SERVICES
4211,4211,STOR,REAL ESTATE INVESTMENT TRUSTS
4212,4212,PGRE,REAL ESTATE INVESTMENT TRUSTS
4213,4213,EVFM,PHARMACEUTICAL PREPARATIONS
4214,4214,JGH,Real Estate Investment Trusts
4215,4215,HIE,Investment Offices / Funds
4216,4216,OCGN,BIOLOGICAL PRODUCTS (NO DIAGNOSTIC SUBSTANCES)
4217,4217,MLPO,"SECURITY BROKERS, DEALERS &amp; FLOTATION COMPANIES"
4218,4218,LC,PERSONAL CREDIT INSTITUTIONS
4219,4219,JRVR,"FIRE, MARINE &amp; CASUALTY INSURANCE"
4220,4220,NEWR,SERVICES-PREPACKAGED SOFTWARE
4221,4221,WK,SERVICES-PREPACKAGED SOFTWARE
4222,4222,QSR,RETAIL-EATING PLACES
4223,4223,BLCM,PHARMACEUTICAL PREPARATIONS
4224,4224,DIAX,Financial Services
4225,4225,WBA,RETAIL-DRUG STORES AND PROPRIETARY STORES
4226,4226,QRVO,SEMICONDUCTORS &amp; RELATED DEVICES
4227,4227,KEN,ELECTRIC SERVICES
4228,4228,ICBK,State Commercial Banks
4229,4229,UE,REAL ESTATE
4230,4230,BOX,SERVICES-PREPACKAGED SOFTWARE
4231,4231,ZSAN,Pharmaceutical Preparations
4232,4232,ASND,PHARMACEUTICAL PREPARATIONS
4233,4233,SLRX,PHARMACEUTICAL PREPARATIONS
4234,4234,AVGR,SURGICAL &amp; MEDICAL INSTRUMENTS &amp; APPARATUS
4235,4235,FNWB,"SAVINGS INSTITUTIONS, NOT FEDERALLY CHARTERED"
4236,4236,SHAK,RETAIL-EATING &amp; DRINKING PLACES
4237,4237,TCON,BIOLOGICAL PRODUCTS (NO DIAGNOSTIC SUBSTANCES)
4238,4238,PATI,TRUCKING &amp; COURIER SERVICES (NO AIR)
4239,4239,ATEX,TELEPHONE COMMUNICATIONS (NO RADIO TELEPHONE)
4240,4240,XHR,HOTELS &amp; MOTELS
4241,4241,DEA,REAL ESTATE INVESTMENT TRUSTS
4242,4242,VSTO,"ORDNANCE &amp; ACCESSORIES, (NO VEHICLES/GUIDED MISSILES)"
4243,4243,NVTA,SERVICES-MEDICAL LABORATORIES
4244,4244,AJX,REAL ESTATE INVESTMENT TRUSTS
4245,4245,BLPH,PHARMACEUTICAL PREPARATIONS
4246,4246,ZG,"SERVICES-BUSINESS SERVICES, NEC"
4247,4247,RCKT,PHARMACEUTICAL PREPARATIONS
4248,4248,LBCC,Beverages
4249,4249,SUM,"MINING, QUARRYING OF NONMETALLIC MINERALS (NO FUELS)"
4250,4250,CHEK,X-RAY APPARATUS &amp; TUBES &amp; RELATED IRRADIATION APPARATUS
4251,4251,GSBD,Hotels & Motels
4252,4252,TANH,INDUSTRIAL ORGANIC CHEMICALS
4253,4253,CLLS,BIOLOGICAL PRODUCTS (NO DIAGNOSTIC SUBSTANCES)
4254,4254,SEDG,SEMICONDUCTORS &amp; RELATED DEVICES
4255,4255,CCD,Financial Services
4256,4256,NGHCO,"Fire, Marine & Casualty Insurance"
4257,4257,GDDY,SERVICES-COMPUTER INTEGRATED SYSTEMS DESIGN
4258,4258,NXRT,REAL ESTATE INVESTMENT TRUSTS
4259,4259,KRNT,PRINTING TRADES MACHINERY &amp; EQUIPMENT
4260,4260,SNMP,CRUDE PETROLEUM &amp; NATURAL GAS
4261,4261,MFH,FINANCE SERVICES
4262,4262,KALV,PHARMACEUTICAL PREPARATIONS
4263,4263,XELA,"SERVICES-BUSINESS SERVICES, NEC"
4264,4264,CDTX,BIOLOGICAL PRODUCTS (NO DIAGNOSTIC SUBSTANCES)
4265,4265,KDNY,PHARMACEUTICAL PREPARATIONS
4266,4266,XBIT,PHARMACEUTICAL PREPARATIONS
4267,4267,CRBP,PHARMACEUTICAL PREPARATIONS
4268,4268,ETSY,"SERVICES-BUSINESS SERVICES, NEC"
4269,4269,PRTY,RETAIL-MISCELLANEOUS RETAIL
4270,4270,VIRT,"SECURITY BROKERS, DEALERS &amp; FLOTATION COMPANIES"
4271,4271,NSA,REAL ESTATE INVESTMENT TRUSTS
4272,4272,UNIT,REAL ESTATE INVESTMENT TRUSTS
4273,4273,EVA,LUMBER &amp; WOOD PRODUCTS (NO FURNITURE)
4274,4274,VKTX,PHARMACEUTICAL PREPARATIONS
4275,4275,BPMC,PHARMACEUTICAL PREPARATIONS
4276,4276,WMPN,"SAVINGS INSTITUTIONS, NOT FEDERALLY CHARTERED"
4277,4277,BSM,CRUDE PETROLEUM &amp; NATURAL GAS
4278,4278,OPGN,SERVICES-MEDICAL LABORATORIES
4279,4279,ADAP,BIOLOGICAL PRODUCTS (NO DIAGNOSTIC SUBSTANCES)
4280,4280,HTGM,LABORATORY ANALYTICAL INSTRUMENTS
4281,4281,COLL,PHARMACEUTICAL PREPARATIONS
4282,4282,LIFE,BIOLOGICAL PRODUCTS (NO DIAGNOSTIC SUBSTANCES)
4283,4283,BVXV,BIOLOGICAL PRODUCTS (NO DIAGNOSTIC SUBSTANCES)
4284,4284,JAGX,PHARMACEUTICAL PREPARATIONS
4285,4285,FTAI,SERVICES-MISCELLANEOUS EQUIPMENT RENTAL &amp; LEASING
4286,4286,RKDA,CRUDE PETROLEUM &amp; NATURAL GAS
4287,4287,APLE,REAL ESTATE INVESTMENT TRUSTS
4288,4288,BKI,SERVICES-PREPACKAGED SOFTWARE
4289,4289,BZUN,RETAIL-CATALOG &amp; MAIL-ORDER HOUSES
4290,4290,CHCT,REAL ESTATE INVESTMENT TRUSTS
4291,4291,SHOP,SERVICES-PREPACKAGED SOFTWARE
4292,4292,ACV,Loan Brokers
4293,4293,BTB,RETAIL-EATING PLACES
4294,4294,MYT,Retail-Eating  Places
4295,4295,GNL,REAL ESTATE INVESTMENT TRUSTS
4296,4296,NEXT,NATURAL GAS TRANSMISSION &amp; DISTRIBUTION
4297,4297,DTEA,RETAIL-FOOD STORES
4298,4298,EVH,SERVICES-MANAGEMENT SERVICES
4299,4299,ALTA,State Commercial Banks
4300,4300,SIOX,PHARMACEUTICAL PREPARATIONS
4301,4301,WING,RETAIL-EATING PLACES
4302,4302,ALPN,PHARMACEUTICAL PREPARATIONS
4303,4303,FIT,Wholesale-Miscellaneous Nondurable Goods
4304,4304,UNVR,WHOLESALE-CHEMICALS &amp; ALLIED PRODUCTS
4305,4305,CYAD,PHARMACEUTICAL PREPARATIONS
4306,4306,QLGN,FINANCE SERVICES
4307,4307,CATB,Pharmaceutical Preparations
4308,4308,GKOS,SURGICAL &amp; MEDICAL INSTRUMENTS &amp; APPARATUS
4309,4309,LNTH,IN VITRO &amp; IN VIVO DIAGNOSTIC SUBSTANCES
4310,4310,TRU,"SERVICES-CONSUMER CREDIT REPORTING, COLLECTION AGENCIES"
4311,4311,ALRM,SERVICES-PREPACKAGED SOFTWARE
4312,4312,APPF,SERVICES-PREPACKAGED SOFTWARE
4313,4313,GPP,INDUSTRIAL ORGANIC CHEMICALS
4314,4314,MCRB,PHARMACEUTICAL PREPARATIONS
4315,4315,THW,Pharmaceutical Preparations
4316,4316,PIRS,PHARMACEUTICAL PREPARATIONS
4317,4317,BLD,CONSTRUCTION SPECIAL TRADE CONTRACTORS
4318,4318,BW,"HEATING EQUIPMENT, EXCEPT ELECTRIC &amp; WARM AIR FURNACES"
4319,4319,CABO,CABLE &amp; OTHER PAY TELEVISION SERVICES
4320,4320,CC,CHEMICALS &amp; ALLIED PRODUCTS
4321,4321,CCR,Silver Ores
4322,4322,CFMS,"ORTHOPEDIC, PROSTHETIC &amp; SURGICAL APPLIANCES &amp; SUPPLIES"
4323,4323,HZN,MOTOR VEHICLE PARTS &amp; ACCESSORIES
4324,4324,TDOC,SERVICES-OFFICES &amp; CLINICS OF DOCTORS OF MEDICINE
4325,4325,UFAB,MOTOR VEHICLE PARTS &amp; ACCESSORIES
4326,4326,NTRA,SERVICES-MEDICAL LABORATORIES
4327,4327,SPNE,SURGICAL &amp; MEDICAL INSTRUMENTS &amp; APPARATUS
4328,4328,WRK,PAPERBOARD CONTAINERS &amp; BOXES
4329,4329,KHC,"CANNED, FROZEN &amp; PRESERVED FRUIT, VEG &amp; FOOD SPECIALTIES"
4330,4330,SRG,REAL ESTATE
4331,4331,HLG,Services-Educational Services
4332,4332,EPIX,PHARMACEUTICAL PREPARATIONS
4333,4333,CHMA,Pharmaceutical Preparations
4334,4334,JP,Investment Advice
4335,4335,OLLI,RETAIL-VARIETY STORES
4336,4336,SRRA,Pharmaceutical Preparations
4337,4337,MCFT,SHIP &amp; BOAT BUILDING &amp; REPAIRING
4338,4338,OOMA,SERVICES-COMPUTER PROCESSING &amp; DATA PREPARATION
4339,4339,RPD,SERVICES-PREPACKAGED SOFTWARE
4340,4340,GNK,DEEP SEA FOREIGN TRANSPORTATION OF FREIGHT
4341,4341,PYPL,"SERVICES-BUSINESS SERVICES, NEC"
4342,4342,LOB,STATE COMMERCIAL BANKS
4343,4343,NEOS,Pharmaceutical Preparations
4344,4344,IBRX,BIOLOGICAL PRODUCTS (NO DIAGNOSTIC SUBSTANCES)
4345,4345,NK,"Biological Products, (No Diagnostic Substances)"
4346,4346,VTVT,PHARMACEUTICAL PREPARATIONS
4347,4347,AQMS,SECONDARY SMELTING &amp; REFINING OF NONFERROUS METALS
4348,4348,BNED,RETAIL-MISCELLANEOUS SHOPPING GOODS STORES
4349,4349,LITE,"COMMUNICATIONS EQUIPMENT, NEC"
4350,4350,MDGS,SERVICES-COMPUTER PROCESSING &amp; DATA PREPARATION
4351,4351,RUN,"MISCELLANEOUS ELECTRICAL MACHINERY, EQUIPMENT &amp; SUPPLIES"
4352,4352,ZYNE,PHARMACEUTICAL PREPARATIONS
4353,4353,PLNT,SERVICES-MEMBERSHIP SPORTS &amp; RECREATION CLUBS
4354,4354,GBT,PHARMACEUTICAL PREPARATIONS
4355,4355,CNFR,"FIRE, MARINE &amp; CASUALTY INSURANCE"
4356,4356,HLI,INVESTMENT ADVICE
4357,4357,RMNI,"SERVICES-BUSINESS SERVICES, NEC"
4358,4358,MDWT,LIFE INSURANCE
4359,4359,CHAA,BLANK CHECKS
4360,4360,RGNX,BIOLOGICAL PRODUCTS (NO DIAGNOSTIC SUBSTANCES)
4361,4361,PEN,SURGICAL &amp; MEDICAL INSTRUMENTS &amp; APPARATUS
4362,4362,PJT,INVESTMENT ADVICE
4363,4363,FDEU,Investment Offices / Funds
4364,4364,JAX,Retail-Eating  Places
4365,4365,PDSB,PHARMACEUTICAL PREPARATIONS
4366,4366,PFGC,WHOLESALE-GROCERIES &amp; GENERAL LINE
4367,4367,SGRY,"SERVICES-GENERAL MEDICAL &amp; SURGICAL HOSPITALS, NEC"
4368,4368,SYBX,PHARMACEUTICAL PREPARATIONS
4369,4369,NVCR,SURGICAL &amp; MEDICAL INSTRUMENTS &amp; APPARATUS
4370,4370,ACRS,PHARMACEUTICAL PREPARATIONS
4371,4371,PSTG,COMPUTER STORAGE DEVICES
4372,4372,ABTX,STATE COMMERCIAL BANKS
4373,4373,CTMX,PHARMACEUTICAL PREPARATIONS
4374,4374,DSKE,TRANSPORTATION SERVICES
4375,4375,AIC,REAL ESTATE INVESTMENT TRUSTS
4376,4376,ENJ,ELECTRIC &amp; OTHER SERVICES COMBINED
4377,4377,AMUB,NATIONAL COMMERCIAL BANKS
4378,4378,BDCZ,NATIONAL COMMERCIAL BANKS
4379,4379,MLPB,NATIONAL COMMERCIAL BANKS
4380,4380,SBBP,Pharmaceutical Preparations
4381,4381,LIVN,ELECTROMEDICAL &amp; ELECTROTHERAPEUTIC APPARATUS
4382,4382,UCIB,NATIONAL COMMERCIAL BANKS
4383,4383,RELI,INSURANCE AGENTS BROKERS &amp; SERVICES
4384,4384,FCPT,REAL ESTATE INVESTMENT TRUSTS
4385,4385,PRPL,HOUSEHOLD FURNITURE
4386,4386,ACBI,STATE COMMERCIAL BANKS
4387,4387,HPE,COMPUTER &amp; OFFICE EQUIPMENT
4388,4388,PXS,DEEP SEA FOREIGN TRANSPORTATION OF FREIGHT
4389,4389,EXTN,"SERVICES-EQUIPMENT RENTAL &amp; LEASING, NEC"
4390,4390,BRQS,SERVICES-COMPUTER INTEGRATED SYSTEMS DESIGN
4391,4391,KURA,PHARMACEUTICAL PREPARATIONS
4392,4392,EQBK,STATE COMMERCIAL BANKS
4393,4393,VYGR,BIOLOGICAL PRODUCTS (NO DIAGNOSTIC SUBSTANCES)
4394,4394,WVE,PHARMACEUTICAL PREPARATIONS
4395,4395,CERC,Pharmaceutical Preparations
4396,4396,AXSM,PHARMACEUTICAL PREPARATIONS
4397,4397,MIME,Services-Prepackaged Software
4398,4398,SQ,SERVICES-PREPACKAGED SOFTWARE
4399,4399,DLTH,RETAIL-APPAREL &amp; ACCESSORY STORES
4400,4400,KTOV,Pharmaceutical Preparations
4401,4401,UZC,Radiotelephone Communications
4402,4402,TWNK,BAKERY PRODUCTS
4403,4403,AC,"SECURITY BROKERS, DEALERS &amp; FLOTATION COMPANIES"
4404,4404,LMFA,FINANCE SERVICES
4405,4405,MTP,PHARMACEUTICAL PREPARATIONS
4406,4406,TEAM,SERVICES-PREPACKAGED SOFTWARE
4407,4407,RMR,SERVICES-MANAGEMENT CONSULTING SERVICES
4408,4408,AGR,ELECTRIC SERVICES
4409,4409,FCRZ,Unknown
4410,4410,OSG,DEEP SEA FOREIGN TRANSPORTATION OF FREIGHT
4411,4411,YRD,FINANCE SERVICES
4412,4412,CCRC,"Services-Business Services, NEC"
4413,4413,PBB,Unknown
4414,4414,RIV,Financial Services
4415,4415,NECB,"SAVINGS INSTITUTIONS, NOT FEDERALLY CHARTERED"
4416,4416,CCNC,"WHOLESALE-METALS, MINERALS (NO PETROLEUM)"
4417,4417,OCX,IN VITRO &amp; IN VIVO DIAGNOSTIC SUBSTANCES
4418,4418,NOMD,FOOD &amp; KINDRED PRODUCTS
4419,4419,NHA,Investment Offices / Funds
4420,4420,CTAA,Blank Checks
4421,4421,BGNE,PHARMACEUTICAL PREPARATIONS
4422,4422,EDIT,BIOLOGICAL PRODUCTS (NO DIAGNOSTIC SUBSTANCES)
4423,4423,GCP,CHEMICALS &amp; ALLIED PRODUCTS
4424,4424,PTI,Pharmaceutical Preparations
4425,4425,YMTX,PHARMACEUTICAL PREPARATIONS
4426,4426,FIEE,NATIONAL COMMERCIAL BANKS
4427,4427,FIHD,NATIONAL COMMERCIAL BANKS
4428,4428,LILA,CABLE &amp; OTHER PAY TELEVISION SERVICES
4429,4429,LILAK,CABLE &amp; OTHER PAY TELEVISION SERVICES
4430,4430,NBRV,PHARMACEUTICAL PREPARATIONS
4431,4431,SPI,SEMICONDUCTORS &amp; RELATED DEVICES
4432,4432,SRL,MINERAL ROYALTY TRADERS
4433,4433,WBT,Refrigeration & Service Industry Machinery
4434,4434,SNDX,PHARMACEUTICAL PREPARATIONS
4435,4435,AXO,"Savings Institution, Federally Chartered"
4436,4436,NNDM,PRINTED CIRCUIT BOARDS
4437,4437,HCM,PHARMACEUTICAL PREPARATIONS
4438,4438,SENS,"INDUSTRIAL INSTRUMENTS FOR MEASUREMENT, DISPLAY, AND CONTROL"
4439,4439,CRVS,PHARMACEUTICAL PREPARATIONS
4440,4440,ENO,ELECTRIC &amp; OTHER SERVICES COMBINED
4441,4441,HBANO,National Commercial Banks
4442,4442,VRAY,ELECTROMEDICAL &amp; ELECTROTHERAPEUTIC APPARATUS
4443,4443,WLMS,HEAVY CONSTRUCTION OTHER THAN BUILDING CONST - CONTRACTORS
4444,4444,AFI,"Plastics Products, NEC"
4445,4445,AGLE,PHARMACEUTICAL PREPARATIONS
4446,4446,CDEV,CRUDE PETROLEUM &amp; NATURAL GAS
4447,4447,BATRA,TELEVISION BROADCASTING STATIONS
4448,4448,BATRK,TELEVISION BROADCASTING STATIONS
4449,4449,FWONA,TELEVISION BROADCASTING STATIONS
4450,4450,FWONK,TELEVISION BROADCASTING STATIONS
4451,4451,LSXMA,TELEVISION BROADCASTING STATIONS
4452,4452,LSXMK,TELEVISION BROADCASTING STATIONS
4453,4453,MGP,Real Estate Investment Trusts
4454,4454,ARA,"Services-Misc Health & Allied Services, NEC"
4455,4455,LSXMB,TELEVISION BROADCASTING STATIONS
4456,4456,SCWX,SERVICES-PREPACKAGED SOFTWARE
4457,4457,PECK,Semiconductors & Related Devices
4458,4458,RRR,HOTELS &amp; MOTELS
4459,4459,ENIC,ELECTRIC SERVICES
4460,4460,GWRS,WATER SUPPLY
4461,4461,NGVT,CHEMICALS &amp; ALLIED PRODUCTS
4462,4462,FSTX,PHARMACEUTICAL PREPARATIONS
4463,4463,NTLA,IN VITRO &amp; IN VIVO DIAGNOSTIC SUBSTANCES
4464,4464,TPB,TOBACCO PRODUCTS
4465,4465,SITE,WHOLESALE-PROFESSIONAL &amp; COMMERCIAL EQUIPMENT &amp; SUPPLIES
4466,4466,ACIA,Semiconductors & Related Devices
4467,4467,GMTA,Transportation Services
4468,4468,PLSE,SURGICAL &amp; MEDICAL INSTRUMENTS &amp; APPARATUS
4469,4469,MRUS,PHARMACEUTICAL PREPARATIONS
4470,4470,SUPV,"COMMERCIAL BANKS, NEC"
4471,4471,MSBI,STATE COMMERCIAL BANKS
4472,4472,EHT,Investment Offices / Funds
4473,4473,GMS,WHOLESALE-LUMBER &amp; OTHER CONSTRUCTION MATERIALS
4474,4474,RETA,PHARMACEUTICAL PREPARATIONS
4475,4475,USFD,WHOLESALE-GROCERIES &amp; RELATED PRODUCTS
4476,4476,ZDGE,SERVICES-PREPACKAGED SOFTWARE
4477,4477,OPINI,Real Estate
4478,4478,BBU,CONSTRUCTION SPECIAL TRADE CONTRACTORS
4479,4479,BTCY,SURGICAL &amp; MEDICAL INSTRUMENTS &amp; APPARATUS
4480,4480,CLSD,PHARMACEUTICAL PREPARATIONS
4481,4481,DTJ,Electric Services
4482,4482,MBRX,PHARMACEUTICAL PREPARATIONS
4483,4483,NH,SERVICES-COMPUTER PROCESSING &amp; DATA PREPARATION
4484,4484,ATKR,"MISCELLANEOUS ELECTRICAL MACHINERY, EQUIPMENT &amp; SUPPLIES"
4485,4485,COE,SERVICES-EDUCATIONAL SERVICES
4486,4486,FTV,"INDUSTRIAL INSTRUMENTS FOR MEASUREMENT, DISPLAY, AND CONTROL"
4487,4487,OTLK,BIOLOGICAL PRODUCTS (NO DIAGNOSTIC SUBSTANCES)
4488,4488,WALA,State Commercial Banks
4489,4489,SELB,PHARMACEUTICAL PREPARATIONS
4490,4490,TWLO,SERVICES-PREPACKAGED SOFTWARE
4491,4491,SYRS,PHARMACEUTICAL PREPARATIONS
4492,4492,RNDB,STATE COMMERCIAL BANKS
4493,4493,NMTR,PHARMACEUTICAL PREPARATIONS
4494,4494,TRTN,"SERVICES-EQUIPMENT RENTAL &amp; LEASING, NEC"
4495,4495,LN,Pipe Lines (No Natural Gas)
4496,4496,REML,"Security Brokers, Dealers & Flotation Companies"
4497,4497,PI,"ELECTRONIC COMPONENTS, NEC"
4498,4498,TPIC,ENGINES &amp; TURBINES
4499,4499,MYSZ,SERVICES-PREPACKAGED SOFTWARE
4500,4500,SRTS,SURGICAL &amp; MEDICAL INSTRUMENTS &amp; APPARATUS
4501,4501,DRUA,Electric Services
4502,4502,KDMN,Pharmaceutical Preparations
4503,4503,KNSL,"FIRE, MARINE &amp; CASUALTY INSURANCE"
4504,4504,PAVM,SURGICAL &amp; MEDICAL INSTRUMENTS &amp; APPARATUS
4505,4505,TCMD,SURGICAL &amp; MEDICAL INSTRUMENTS &amp; APPARATUS
4506,4506,APOP,Pharmaceutical Preparations
4507,4507,TLND,Services-Prepackaged Software
4508,4508,APVO,PHARMACEUTICAL PREPARATIONS
4509,4509,FHB,STATE COMMERCIAL BANKS
4510,4510,HOME,"Retail-Home Furniture, Furnishings & Equipment Stores"
4511,4511,ATOM,SEMICONDUCTORS &amp; RELATED DEVICES
4512,4512,NRBO,PHARMACEUTICAL PREPARATIONS
4513,4513,MHLA,"FIRE, MARINE &amp; CASUALTY INSURANCE"
4514,4514,MEDP,SERVICES-COMMERCIAL PHYSICAL &amp; BIOLOGICAL RESEARCH
4515,4515,PTGX,PHARMACEUTICAL PREPARATIONS
4516,4516,AIRG,RADIO &amp; TV BROADCASTING &amp; COMMUNICATIONS EQUIPMENT
4517,4517,EAI,ELECTRIC SERVICES
4518,4518,WTRH,"SERVICES-BUSINESS SERVICES, NEC"
4519,4519,BSA,Investment Advice
4520,4520,MDLX,Cable & Other Pay Television Services
4521,4521,CTBB,TELEPHONE COMMUNICATIONS (NO RADIO TELEPHONE)
4522,4522,JHB,Investment Offices / Funds
4523,4523,SOHOB,REAL ESTATE INVESTMENT TRUSTS
4524,4524,ASIX,"PLASTICS, MATERIALS, SYNTH RESINS &amp; NONVULCAN ELASTOMERS"
4525,4525,NBLX,Pipe Lines (No Natural Gas)
4526,4526,EVBG,SERVICES-PREPACKAGED SOFTWARE
4527,4527,FBK,STATE COMMERCIAL BANKS
4528,4528,NTB,"COMMERCIAL BANKS, NEC"
4529,4529,NOVN,PHARMACEUTICAL PREPARATIONS
4530,4530,SOJB,Electric Services
4531,4531,TTD,"SERVICES-COMPUTER PROGRAMMING, DATA PROCESSING, ETC."
4532,4532,WHLRD,REAL ESTATE INVESTMENT TRUSTS
4533,4533,CSTR,STATE COMMERCIAL BANKS
4534,4534,ELF,"PERFUMES, COSMETICS &amp; OTHER TOILET PREPARATIONS"
4535,4535,ACIU,PHARMACEUTICAL PREPARATIONS
4536,4536,GSUM,Services-Prepackaged Software
4537,4537,VINO,LAND SUBDIVIDERS &amp; DEVELOPERS (NO CEMETERIES)
4538,4538,VVV,MISCELLANEOUS PRODUCTS OF PETROLEUM &amp;  COAL
4539,4539,DFIN,SERVICES-MISCELLANEOUS BUSINESS SERVICES
4540,4540,OPP,Financial Services
4541,4541,TYHT,Services-Advertising
4542,4542,FLGT,SERVICES-MEDICAL LABORATORIES
4543,4543,TRHC,"SERVICES-BUSINESS SERVICES, NEC"
4544,4544,NTNX,SERVICES-PREPACKAGED SOFTWARE
4545,4545,ARCH,BITUMINOUS COAL &amp; LIGNITE SURFACE MINING
4546,4546,IEA,BLANK CHECKS
4547,4547,OBLN,Pharmaceutical Preparations
4548,4548,RSLS,PHARMACEUTICAL PREPARATIONS
4549,4549,WORX,SERVICES-COMPUTER PROCESSING &amp; DATA PREPARATION
4550,4550,CWH,RETAIL-AUTO DEALERS &amp; GASOLINE STATIONS
4551,4551,MRAM,SEMICONDUCTORS &amp; RELATED DEVICES
4552,4552,AZRX,Pharmaceutical Preparations
4553,4553,AZRE,ELECTRIC SERVICES
4554,4554,ECCB,Services-Prepackaged Software
4555,4555,TUSK,"OIL, GAS FIELD SERVICES, NBC"
4556,4556,ADNT,MOTOR VEHICLE PARTS &amp; ACCESSORIES
4557,4557,YUMC,RETAIL-EATING PLACES
4558,4558,CRSP,BIOLOGICAL PRODUCTS (NO DIAGNOSTIC SUBSTANCES)
4559,4559,FRTA,"Concrete Products, Except Block & Brick"
4560,4560,IRTC,SURGICAL &amp; MEDICAL INSTRUMENTS &amp; APPARATUS
4561,4561,MYOV,PHARMACEUTICAL PREPARATIONS
4562,4562,ZTO,TRUCKING &amp; COURIER SERVICES (NO AIR)
4563,4563,BL,SERVICES-PREPACKAGED SOFTWARE
4564,4564,GOLF,"Sporting & Athletic Goods, NEC"
4565,4565,PHUN,SERVICES-COMPUTER PROCESSING &amp; DATA PREPARATION
4566,4566,LW,"CANNED, FROZEN &amp; PRESERVED FRUIT, VEG &amp; FOOD SPECIALTIES"
4567,4567,GDS,"SERVICES-COMPUTER PROGRAMMING, DATA PROCESSING, ETC."
4568,4568,GGO,Investment Offices / Funds
4569,4569,GECC,Services-Prepackaged Software
4570,4570,SND,"MINING, QUARRYING OF NONMETALLIC MINERALS (NO FUELS)"
4571,4571,INSG,"COMMUNICATIONS EQUIPMENT, NEC"
4572,4572,RZB,LIFE INSURANCE
4573,4573,MNMD,MEDICINAL CHEMICALS &amp; BOTANICAL PRODUCTS
4574,4574,INSW,WATER TRANSPORTATION
4575,4575,IHIT,Hospital & Medical Service Plans
4576,4576,EMP,ELECTRIC SERVICES
4577,4577,IIPR,REAL ESTATE
4578,4578,RA,Real Estate Investment Trusts
4579,4579,XPER,CABLE &amp; OTHER PAY TELEVISION SERVICES
4580,4580,PRTH,"SERVICES-BUSINESS SERVICES, NEC"
4581,4581,POLA,"MISCELLANEOUS ELECTRICAL MACHINERY, EQUIPMENT &amp; SUPPLIES"
4582,4582,SNES,AGRICULTURE CHEMICALS
4583,4583,ATH,Life Insurance
4584,4584,DTY,Electric Services
4585,4585,ICHR,SEMICONDUCTORS &amp; RELATED DEVICES
4586,4586,LGF.A,Services-Motion Picture & Video Tape Production
4587,4587,LGF.B,Services-Motion Picture & Video Tape Production
4588,4588,CNDT,"SERVICES-BUSINESS SERVICES, NEC"
4589,4589,PK,HOTELS &amp; MOTELS
4590,4590,HGV,"HOTELS, ROOMING HOUSE, CAMPS &amp; OTHER LODGING PLACES"
4591,4591,TRVG,SERVICES-COMPUTER PROCESSING &amp; DATA PREPARATION
4592,4592,YTRA,TRANSPORTATION SERVICES
4593,4593,FIV,Investment Offices / Funds
4594,4594,BMLP,"Commercial Banks, NEC"
4595,4595,VVPR,ELECTRIC &amp; OTHER SERVICES COMBINED
4596,4596,PVAC,Crude Petroleum & Natural Gas
4597,4597,ORGO,PHARMACEUTICAL PREPARATIONS
4598,4598,HVBC,STATE COMMERCIAL BANKS
4599,4599,AQB,"FISHING, HUNTING &amp; TRAPPING"
4600,4600,NEX,"OIL, GAS FIELD SERVICES, NBC"
4601,4601,LPTX,PHARMACEUTICAL PREPARATIONS
4602,4602,MDLQ,Cable & Other Pay Television Services
4603,4603,ANAB,PHARMACEUTICAL PREPARATIONS
4604,4604,OBSV,PHARMACEUTICAL PREPARATIONS
4605,4605,JELD,"MILLWOOD, VENEER, PLYWOOD &amp; STRUCTURAL WOOD MEMBERS"
4606,4606,JNCE,BIOLOGICAL PRODUCTS (NO DIAGNOSTIC SUBSTANCES)
4607,4607,JPT,Investment Offices / Funds
4608,4608,REVG,MOTOR VEHICLES &amp; PASSENGER CAR BODIES
4609,4609,VREX,"ELECTRONIC COMPONENTS, NEC"
4610,4610,INVH,REAL ESTATE OPERATORS (NO DEVELOPERS) &amp; LESSORS
4611,4611,LAUR,SERVICES-EDUCATIONAL SERVICES
4612,4612,KRP,CRUDE PETROLEUM &amp; NATURAL GAS
4613,4613,METC,BITUMINOUS COAL &amp; LIGNITE MINING
4614,4614,CLPR,REAL ESTATE INVESTMENT TRUSTS
4615,4615,FBM,Wholesale-Lumber & Other Construction Materials
4616,4616,SACH,REAL ESTATE INVESTMENT TRUSTS
4617,4617,IFMK,RETAIL-GROCERY STORES
4618,4618,NBEV,MALT BEVERAGES
4619,4619,BGIO,Investment Offices / Funds
4620,4620,HLNE,INVESTMENT ADVICE
4621,4621,MTNB,PHARMACEUTICAL PREPARATIONS
4622,4622,SNAP,"SERVICES-COMPUTER PROGRAMMING, DATA PROCESSING, ETC."
4623,4623,BYSI,PHARMACEUTICAL PREPARATIONS
4624,4624,JILL,"WOMEN&#39;S, MISSES&#39;, AND JUNIORS OUTERWEAR"
4625,4625,AKTS,TELEPHONE &amp; TELEGRAPH APPARATUS
4626,4626,PLYA,HOTELS &amp; MOTELS
4627,4627,ARD,Glass Containers
4628,4628,GOOS,APPAREL &amp; OTHER FINISHED PRODS OF FABRICS &amp; SIMILAR MATERIAL
4629,4629,NODK,"FIRE, MARINE &amp; CASUALTY INSURANCE"
4630,4630,PUMP,"OIL, GAS FIELD SERVICES, NBC"
4631,4631,TKAT,"RETAIL-RETAIL STORES, NEC"
4632,4632,AYX,SERVICES-PREPACKAGED SOFTWARE
4633,4633,VRRM,TRANSPORTATION SERVICES
4634,4634,IMXI,"SERVICES-BUSINESS SERVICES, NEC"
4635,4635,ICCH,"FIRE, MARINE &amp; CASUALTY INSURANCE"
4636,4636,JCO,Investment Offices / Funds
4637,4637,GAZ,"COMMERCIAL BANKS, NEC"
4638,4638,ELVT,FINANCE SERVICES
4639,4639,SNDR,TRUCKING (NO LOCAL)
4640,4640,OKTA,SERVICES-PREPACKAGED SOFTWARE
4641,4641,AZUL,"AIR TRANSPORTATION, SCHEDULED"
4642,4642,CADE,National Commercial Banks
4643,4643,FBRX,PHARMACEUTICAL PREPARATIONS
4644,4644,YEXT,SERVICES-COMPUTER PROCESSING &amp; DATA PREPARATION
4645,4645,PCSB,"SAVINGS INSTITUTIONS, NOT FEDERALLY CHARTERED"
4646,4646,WTTR,"OIL, GAS FIELD SERVICES, NBC"
4647,4647,FND,RETAIL-LUMBER &amp; OTHER BUILDING MATERIALS DEALERS
4648,4648,VRNA,PHARMACEUTICAL PREPARATIONS
4649,4649,CFBI,"Savings Institution, Federally Chartered"
4650,4650,CLDR,Services-Prepackaged Software
4651,4651,CVNA,RETAIL-AUTO DEALERS &amp; GASOLINE STATIONS
4652,4652,EEX,"SERVICES-BUSINESS SERVICES, NEC"
4653,4653,NCSM,"OIL, GAS FIELD SERVICES, NBC"
4654,4654,SOS,"SECURITY &amp; COMMODITY BROKERS, DEALERS, EXCHANGES &amp; SERVICES"
4655,4655,ZYME,PHARMACEUTICAL PREPARATIONS
4656,4656,AJXA,REAL ESTATE INVESTMENT TRUSTS
4657,4657,ALTM,Industrial Inorganic Chemicals
4658,4658,BHVN,PHARMACEUTICAL PREPARATIONS
4659,4659,URGN,PHARMACEUTICAL PREPARATIONS
4660,4660,KREF,REAL ESTATE INVESTMENT TRUSTS
4661,4661,OVID,PHARMACEUTICAL PREPARATIONS
4662,4662,USWS,"OIL, GAS FIELD SERVICES, NBC"
4663,4663,GNTY,NATIONAL COMMERCIAL BANKS
4664,4664,FPH,REAL ESTATE
4665,4665,VST,ELECTRIC SERVICES
4666,4666,IR,GENERAL INDUSTRIAL MACHINERY &amp; EQUIPMENT
4667,4667,SOI,OIL &amp; GAS FILED MACHINERY &amp; EQUIPMENT
4668,4668,VERI,SERVICES-COMPUTER PROCESSING &amp; DATA PREPARATION
4669,4669,GTHX,PHARMACEUTICAL PREPARATIONS
4670,4670,ARGX,BIOLOGICAL PRODUCTS (NO DIAGNOSTIC SUBSTANCES)
4671,4671,BEDU,SERVICES-EDUCATIONAL SERVICES
4672,4672,CARS,SERVICES-COMPUTER PROCESSING &amp; DATA PREPARATION
4673,4673,SGH,SEMICONDUCTORS &amp; RELATED DEVICES
4674,4674,APPN,SERVICES-PREPACKAGED SOFTWARE
4675,4675,WOW,CABLE &amp; OTHER PAY TELEVISION SERVICES
4676,4676,NESR,"OIL, GAS FIELD SERVICES, NBC"
4677,4677,SSTI,SERVICES-PREPACKAGED SOFTWARE
4678,4678,IMRN,PHARMACEUTICAL PREPARATIONS
4679,4679,PLYM,REAL ESTATE INVESTMENT TRUSTS
4680,4680,MYO,"ORTHOPEDIC, PROSTHETIC &amp; SURGICAL APPLIANCES &amp; SUPPLIES"
4681,4681,ATNX,PHARMACEUTICAL PREPARATIONS
4682,4682,CGBD,Financial Services
4683,4683,FRSX,SERVICES-PREPACKAGED SOFTWARE
4684,4684,BOMN,Real Estate Operators (No Developers) & Lessors
4685,4685,OSAT,Telephone Communications (No Radiotelephone)
4686,4686,ATUS,CABLE &amp; OTHER PAY TELEVISION SERVICES
4687,4687,SAFE,"LESSORS OF REAL PROPERTY, NEC"
4688,4688,GPMT,REAL ESTATE INVESTMENT TRUSTS
4689,4689,CKPT,PHARMACEUTICAL PREPARATIONS
4690,4690,ATNF,FINANCE SERVICES
4691,4691,ATXI,PHARMACEUTICAL PREPARATIONS
4692,4692,ESQ,"COMMERCIAL BANKS, NEC"
4693,4693,CBH,Loan Brokers
4694,4694,MRSN,PHARMACEUTICAL PREPARATIONS
4695,4695,ALRN,PHARMACEUTICAL PREPARATIONS
4696,4696,APRN,RETAIL-CATALOG &amp; MAIL-ORDER HOUSES
4697,4697,MGY,CRUDE PETROLEUM &amp; NATURAL GAS
4698,4698,BY,STATE COMMERCIAL BANKS
4699,4699,NDRA,ELECTROMEDICAL &amp; ELECTROTHERAPEUTIC APPARATUS
4700,4700,PIXY,SERVICES-EMPLOYMENT AGENCIES
4701,4701,BKR,OIL &amp; GAS FILED MACHINERY &amp; EQUIPMENT
4702,4702,JBGS,REAL ESTATE INVESTMENT TRUSTS
4703,4703,FCRE,Real Estate
4704,4704,YECO,"Concrete, Gypsum & Plaster Products"
4705,4705,CODX,SURGICAL &amp; MEDICAL INSTRUMENTS &amp; APPARATUS
4706,4706,TPVY,Unknown
4707,4707,CLXT,AGRICULTURE CHEMICALS
4708,4708,KALA,PHARMACEUTICAL PREPARATIONS
4709,4709,TRTX,REAL ESTATE INVESTMENT TRUSTS
4710,4710,PETQ,WHOLESALE-DRUGS PROPRIETARIES &amp; DRUGGISTS&#39; SUNDRIES
4711,4711,RBB,STATE COMMERCIAL BANKS
4712,4712,EFL,Investment Offices / Funds
4713,4713,NEWA,Sanitary Services
4714,4714,RDFN,REAL ESTATE AGENTS &amp; MANAGERS (FOR OTHERS)
4715,4715,BPRN,STATE COMMERCIAL BANKS
4716,4716,NMTC,SURGICAL &amp; MEDICAL INSTRUMENTS &amp; APPARATUS
4717,4717,CTXR,PHARMACEUTICAL PREPARATIONS
4718,4718,VNTR,INDUSTRIAL INORGANIC CHEMICALS
4719,4719,BHF,LIFE INSURANCE
4720,4720,AVCT,SERVICES-COMPUTER INTEGRATED SYSTEMS DESIGN
4721,4721,HUSN,Arrangement of  Transportation of  Freight & Cargo
4722,4722,ZEAL,PHARMACEUTICAL PREPARATIONS
4723,4723,DMTK,SERVICES-MEDICAL LABORATORIES
4724,4724,IMTE,HOUSEHOLD AUDIO &amp; VIDEO EQUIPMENT
4725,4725,RNGR,"OIL, GAS FIELD SERVICES, NBC"
4726,4726,RCA,REAL ESTATE INVESTMENT TRUSTS
4727,4727,KL,Gold and Silver Ores
4728,4728,CSSE,SERVICES-ALLIED TO MOTION PICTURE PRODUCTION
4729,4729,BBCP,CONSTRUCTION SPECIAL TRADE CONTRACTORS
4730,4730,MBIO,PHARMACEUTICAL PREPARATIONS
4731,4731,MFGP,SERVICES-PREPACKAGED SOFTWARE
4732,4732,ZKIN,MISCELLANEOUS FABRICATED METAL PRODUCTS
4733,4733,DD,"PLASTICS, MATERIALS, SYNTH RESINS &amp; NONVULCAN ELASTOMERS"
4734,4734,HFFG,WHOLESALE-GROCERIES &amp; RELATED PRODUCTS
4735,4735,FLMN,Crude Petroleum & Natural Gas
4736,4736,TRMT,Real Estate Investment Trusts
4737,4737,BEST,TRUCKING &amp; COURIER SERVICES (NO AIR)
4738,4738,CELC,SERVICES-MEDICAL LABORATORIES
4739,4739,DESP,TRANSPORTATION SERVICES
4740,4740,KRYS,BIOLOGICAL PRODUCTS (NO DIAGNOSTIC SUBSTANCES)
4741,4741,ZLAB,PHARMACEUTICAL PREPARATIONS
4742,4742,FUV,"MOTORCYCLES, BICYCLES &amp; PARTS"
4743,4743,OMP,Drilling Oil & Gas Wells
4744,4744,PETZ,REAL ESTATE AGENTS &amp; MANAGERS (FOR OTHERS)
4745,4745,SECO,"RETAIL-RETAIL STORES, NEC"
4746,4746,GPJA,ELECTRIC SERVICES
4747,4747,HBB,ELECTRIC HOUSEWARES &amp; FANS
4748,4748,JEMD,Investment Offices / Funds
4749,4749,RYB,"Computer Peripheral Equipment, NEC"
4750,4750,XFLT,Financial Services
4751,4751,DCPH,PHARMACEUTICAL PREPARATIONS
4752,4752,NCNA,PHARMACEUTICAL PREPARATIONS
4753,4753,ROKU,CABLE &amp; OTHER PAY TELEVISION SERVICES
4754,4754,ECVT,CHEMICALS &amp; ALLIED PRODUCTS
4755,4755,PQG,Chemicals & Allied Products
4756,4756,SPCE,TRANSPORTATION SERVICES
4757,4757,PDLB,"SAVINGS INSTITUTION, FEDERALLY CHARTERED"
4758,4758,RHE,"LESSORS OF REAL PROPERTY, NEC"
4759,4759,HTFA,"Plastic Materials, Synth Resins & Nonvulcan Elastomers"
4760,4760,RYTM,PHARMACEUTICAL PREPARATIONS
4761,4761,SWCH,"SERVICES-COMPUTER PROGRAMMING, DATA PROCESSING, ETC."
4762,4762,CARG,SERVICES-COMPUTER PROCESSING &amp; DATA PREPARATION
4763,4763,KIDS,SURGICAL &amp; MEDICAL INSTRUMENTS &amp; APPARATUS
4764,4764,VERO,SURGICAL &amp; MEDICAL INSTRUMENTS &amp; APPARATUS
4765,4765,OPTN,PHARMACEUTICAL PREPARATIONS
4766,4766,QD,FINANCE SERVICES
4767,4767,MDB,SERVICES-PREPACKAGED SOFTWARE
4768,4768,RMBL,SERVICES-COMPUTER PROGRAMMING SERVICES
4769,4769,LYL,FINANCE SERVICES
4770,4770,REDU,"Retail-Retail Stores, NEC"
4771,4771,TRIN,National Commercial Banks
4772,4772,FAT,RETAIL-EATING PLACES
4773,4773,AESE,SERVICES-AMUSEMENT &amp; RECREATION SERVICES
4774,4774,BPMP,Pipe Lines (No Natural Gas)
4775,4775,EYE,OPHTHALMIC GOODS
4776,4776,DCF,Commodity Contracts Brokers & Dealers
4777,4777,MBIN,STATE COMMERCIAL BANKS
4778,4778,NEXA,METAL MINING
4779,4779,GIGA,INSTRUMENTS FOR MEAS &amp; TESTING OF ELECTRICITY &amp; ELEC SIGNALS
4780,4780,LOMA,"CEMENT, HYDRAULIC"
4781,4781,ALNA,BIOLOGICAL PRODUCTS (NO DIAGNOSTIC SUBSTANCES)
4782,4782,AQUA,REFRIGERATION &amp; SERVICE INDUSTRY MACHINERY
4783,4783,FNKO,"GAMES, TOYS &amp; CHILDREN&#39;S VEHICLES (NO DOLLS &amp; BICYCLES)"
4784,4784,NAOV,"ORTHOPEDIC, PROSTHETIC &amp; SURGICAL APPLIANCES &amp; SUPPLIES"
4785,4785,ACMR,"SPECIAL INDUSTRY MACHINERY, NEC"
4786,4786,HX,"Services-Business Services, NEC"
4787,4787,FSAM,Investment Advice
4788,4788,HFRO,Real Estate Investment Trusts
4789,4789,KXIN,RETAIL-AUTO DEALERS &amp; GASOLINE STATIONS
4790,4790,TBB,TELEPHONE COMMUNICATIONS (NO RADIO TELEPHONE)
4791,4791,MRBK,NATIONAL COMMERCIAL BANKS
4792,4792,CBTX,NATIONAL COMMERCIAL BANKS
4793,4793,FEDU,SERVICES-EDUCATIONAL SERVICES
4794,4794,IFRX,PHARMACEUTICAL PREPARATIONS
4795,4795,MCB,STATE COMMERCIAL BANKS
4796,4796,APLS,PHARMACEUTICAL PREPARATIONS
4797,4797,SOGO,Services-Computer Programming Services
4798,4798,TEAR,Surgical & Medical Instruments & Apparatus
4799,4799,BAND,SERVICES-PREPACKAGED SOFTWARE
4800,4800,ERYP,BIOLOGICAL PRODUCTS (NO DIAGNOSTIC SUBSTANCES)
4801,4801,FINV,LOAN BROKERS
4802,4802,CFNB,NATIONAL COMMERCIAL BANKS
4803,4803,JT,"SERVICES-COMPUTER PROGRAMMING, DATA PROCESSING, ETC."
4804,4804,XFOR,BIOLOGICAL PRODUCTS (NO DIAGNOSTIC SUBSTANCES)
4805,4805,BXG,Real Estate Agents & Managers (For Others)
4806,4806,SAIL,Services-Prepackaged Software
4807,4807,SBT,"SAVINGS INSTITUTION, FEDERALLY CHARTERED"
4808,4808,SCPH,PHARMACEUTICAL PREPARATIONS
4809,4809,SFIX,RETAIL-CATALOG &amp; MAIL-ORDER HOUSES
4810,4810,WAYN,"Savings Institution, Federally Chartered"
4811,4811,YCBD,"PERFUMES, COSMETICS &amp; OTHER TOILET PREPARATIONS"
4812,4812,CNNE,RETAIL-EATING &amp; DRINKING PLACES
4813,4813,LOOP,CHEMICALS &amp; ALLIED PRODUCTS
4814,4814,MVCD,Miscellaneous Food Preparations & Kindred Products
4815,4815,ZOM,PHARMACEUTICAL PREPARATIONS
4816,4816,RBBN,SERVICES-COMPUTER INTEGRATED SYSTEMS DESIGN
4817,4817,CEIX,BITUMINOUS COAL &amp; LIGNITE MINING
4818,4818,RETO,ABRASIVE ASBESTOS &amp; MISC NONMETALLIC MINERAL PRODUCTS
4819,4819,BOXL,SERVICES-EDUCATIONAL SERVICES
4820,4820,IHTA,Hospital & Medical Service Plans
4821,4821,SOJC,ELECTRIC SERVICES
4822,4822,WSC,SERVICES-MISCELLANEOUS EQUIPMENT RENTAL &amp; LEASING
4823,4823,ID,SERVICES-ADVERTISING AGENCIES
4824,4824,BRPA,Pharmaceutical Preparations
4825,4825,DTW,ELECTRIC SERVICES
4826,4826,NRXP,PHARMACEUTICAL PREPARATIONS
4827,4827,CURO,FINANCE SERVICES
4828,4828,ODT,Pharmaceutical Preparations
4829,4829,QTRX,LABORATORY ANALYTICAL INSTRUMENTS
4830,4830,DNLI,BIOLOGICAL PRODUCTS (NO DIAGNOSTIC SUBSTANCES)
4831,4831,LBC,STATE COMMERCIAL BANKS
4832,4832,VVNT,"SERVICES-DETECTIVE, GUARD &amp; ARMORED CAR SERVICES"
4833,4833,RILYG,INVESTMENT ADVICE
4834,4834,CWBR,PHARMACEUTICAL PREPARATIONS
4835,4835,NMRK,REAL ESTATE AGENTS &amp; MANAGERS (FOR OTHERS)
4836,4836,BEBE,Blank Checks
4837,4837,PFBX,STATE COMMERCIAL BANKS
4838,4838,DOGZ,MISCELLANEOUS MANUFACTURING INDUSTRIES
4839,4839,LX,FINANCE SERVICES
4840,4840,ICLK,FINANCE SERVICES
4841,4841,GLBR,"Security & Commodity Brokers, Dealers, Exchanges & Services"
4842,4842,CUE,PHARMACEUTICAL PREPARATIONS
4843,4843,NTR,AGRICULTURE CHEMICALS
4844,4844,REKR,"COMMUNICATIONS EQUIPMENT, NEC"
4845,4845,ILPT,REAL ESTATE INVESTMENT TRUSTS
4846,4846,LBRT,"OIL, GAS FIELD SERVICES, NBC"
4847,4847,AAN,"SERVICES-EQUIPMENT RENTAL &amp; LEASING, NEC"
4848,4848,ABDC,Unknown
4849,4849,ABIL,"Communications Equipment, NEC"
4850,4850,ACEL,SERVICES-AMUSEMENT &amp; RECREATION SERVICES
4851,4851,ACHN,SERVICES-DIRECT MAIL ADVERTISING SERVICES
4852,4852,ACT,INSURANCE AGENTS BROKERS &amp; SERVICES
4853,4853,ADRA,"WHOLESALE-DURABLE GOODS, NEC"
4854,4854,ADRO,Pharmaceutical Preparations
4855,4855,ADSW,Refuse Systems
4856,4856,AFGH,"Fire, Marine & Casualty Insurance"
4857,4857,AFH,"Fire, Marine & Casualty Insurance"
4858,4858,AGN,Pharmaceutical Preparations
4859,4859,AI,SERVICES-PREPACKAGED SOFTWARE
4860,4860,AIMT,Pharmaceutical Preparations
4861,4861,AKCA,Pharmaceutical Preparations
4862,4862,AKG,Mining & Quarrying of  Nonmetallic Minerals (No Fuels)
4863,4863,AKRX,Pharmaceutical Preparations
4864,4864,AKS,"Steel Works, Blast Furnaces & Rolling Mills (Coke Ovens)"
4865,4865,ALO,Gold and Silver Ores
4866,4866,AM,NATURAL GAS TRANSMISSION
4867,4867,AMAG,Pharmaceutical Preparations
4868,4868,AMJL,Asset-Backed Securities
4869,4869,AMRX,PHARMACEUTICAL PREPARATIONS
4870,4870,AMTD,FINANCE SERVICES
4871,4871,AMU,National Commercial Banks
4872,4872,ANAT,Life Insurance
4873,4873,ANFI,Food and Kindred Products
4874,4874,AOBC,"Ordnance & Accessories, (No Vehicles/Guided Missiles)"
4875,4875,AON,INSURANCE AGENTS BROKERS &amp; SERVICES
4876,4876,APEX,"Coating, Engraving & Allied Services"
4877,4877,APHA,Medicinal Chemicals & Botanical Products
4878,4878,APO,INVESTMENT ADVICE
4879,4879,ARCT,PHARMACEUTICAL PREPARATIONS
4880,4880,ARES,INVESTMENT ADVICE
4881,4881,ARNC,ROLLING DRAWING &amp; EXTRUDING OF NONFERROUS METALS
4882,4882,ARPO,Pharmaceutical Preparations
4883,4883,ARQL,Pharmaceutical Preparations
4884,4884,ARTL,PHARMACEUTICAL PREPARATIONS
4885,4885,ARTX,"Miscellaneous Electrical Machinery, Equipment & Supplies"
4886,4886,ASFI,Short-Term Business Credit Institutions
4887,4887,ASNA,Retail-Apparel & Accessory Stores
4888,4888,ASRT,PHARMACEUTICAL PREPARATIONS
4889,4889,AUG,Gold and Silver Ores
4890,4890,AVCO,SERVICES-COMPUTER PROGRAMMING SERVICES
4891,4891,AVH,"Air Transportation, Scheduled"
4892,4892,AVP,"Perfumes, Cosmetics & Other Toilet Preparations"
4893,4893,AVX,Finance Services
4894,4894,AVYA,SERVICES-PREPACKAGED SOFTWARE
4895,4895,AXE,"Wholesale-Electrical Apparatus & Equipment, Wiring Supplies "
4896,4896,AXGT,Pharmaceutical Preparations
4897,4897,AYR,"Services-Equipment Rental & Leasing, NEC"
4898,4898,BAS,American Depositary Receipts
4899,4899,BBQ,RETAIL-EATING PLACES
4900,4900,BBT,"Savings Institutions, Not Federally Chartered"
4901,4901,BBX,Real Estate
4902,4902,BCOM,"Communications Services, NEC"
4903,4903,BCRH,"Fire, Marine & Casualty Insurance"
4904,4904,BCTF,"SAVINGS INSTITUTION, FEDERALLY CHARTERED"
4905,4905,BDCL,National Commercial Banks
4906,4906,BDCS,National Commercial Banks
4907,4907,BDXA,Surgical & Medical Instruments & Apparatus
4908,4908,BGG,Engines & Turbines
4909,4909,BHTG,Services-Educational Services
4910,4910,BIOS,ELECTROMEDICAL &amp; ELECTROTHERAPEUTIC APPARATUS
4911,4911,BITA,Services-Computer Processing & Data Preparation
4912,4912,BKJ,State Commercial Banks
4913,4913,BNTC,PHARMACEUTICAL PREPARATIONS
4914,4914,BOLD,Pharmaceutical Preparations
4915,4915,BPMX,Pharmaceutical Preparations
4916,4916,BQH,Investment Offices / Funds
4917,4917,BREW,Malt Beverages
4918,4918,BSGM,ELECTROMEDICAL &amp; ELECTROTHERAPEUTIC APPARATUS
4919,4919,BURG,Pharmaceutical Preparations
4920,4920,BVSN,Services-Prepackaged Software
4921,4921,BX,INVESTMENT ADVICE
4922,4922,CARB,Services-Computer Processing & Data Preparation
4923,4923,CARE,NATIONAL COMMERCIAL BANKS
4924,4924,CARO,State Commercial Banks
4925,4925,CART,"Services-Business Services, NEC"
4926,4926,CATS,"Services-Misc Health & Allied Services, NEC"
4927,4927,CBD,RETAIL-GROCERY STORES
4928,4928,CBL,REAL ESTATE INVESTMENT TRUSTS
4929,4929,CBM,Pharmaceutical Preparations
4930,4930,CBPX,"Concrete, Gypsum & Plaster Products"
4931,4931,CBS,Television Broadcasting Stations
4932,4932,CBS.A,Television Broadcasting Stations
4933,4933,CCCL,"Communications Services, NEC"
4934,4934,CCO,SERVICES-ADVERTISING
4935,4935,CECO,Industrial & Commercial Fans & Blowers & Air Purifing Equip
4936,4936,CEFL,National Commercial Banks
4937,4937,CETV,Television Broadcasting Stations
4938,4938,CG,INVESTMENT ADVICE
4939,4939,CHK,CRUDE PETROLEUM &amp; NATURAL GAS
4940,4940,CHKR,CRUDE PETROLEUM &amp; NATURAL GAS
4941,4941,CIFS,Arrangement of  Transportation of  Freight & Cargo
4942,4942,CISN,Services-Prepackaged Software
4943,4943,CLUB,Services-Membership Sports & Recreation Clubs
4944,4944,CNAT,Pharmaceutical Preparations
4945,4945,CNXM,Natural Gas Transmission
4946,4946,CNY,Commodity Contracts Brokers & Dealers
4947,4947,CORV,Pharmaceutical Preparations
4948,4948,COT,Bottled & Canned Soft Drinks & Carbonated Waters
4949,4949,CPL,Unknown
4950,4950,CPTAG,Investment Offices / Funds
4951,4951,CRC,CRUDE PETROLEUM &amp; NATURAL GAS
4952,4952,CRCM,Services-Personal Services
4953,4953,CRON,MEDICINAL CHEMICALS &amp; BOTANICAL PRODUCTS
4954,4954,CRR,"Abrasive, Asbestos & Misc Nonmetallic Mineral Prods"
4955,4955,CRZO,Crude Petroleum & Natural Gas
4956,4956,CSFL,National Commercial Banks
4957,4957,CSS,Greeting Cards
4958,4958,CTDD,TELEPHONE COMMUNICATIONS (NO RADIO TELEPHONE)
4959,4959,CTL,Telephone Communications (No Radiotelephone)
4960,4960,CTRC,Apparel & Other Finishd Prods of  Fabrics & Similar Matl
4961,4961,CTV,SERVICES-PREPACKAGED SOFTWARE
4962,4962,CTZ,Telephone Communications (No Radiotelephone)
4963,4963,CUI,"Wholesale-Electronic Parts & Equipment, NEC"
4964,4964,CUO,"Concrete, Gypsum & Plaster Products"
4965,4965,CVIA,Mining & Quarrying of  Nonmetallic Minerals (No Fuels)
4966,4966,CVTI,Trucking (No Local)
4967,4967,CY,Semiconductors & Related Devices
4968,4968,CYOU,Services-Computer Processing & Data Preparation
4969,4969,DAUD,"Security Brokers, Dealers & Flotation Companies"
4970,4970,DCAR,"Communications Services, NEC"
4971,4971,DCHF,"Security Brokers, Dealers & Flotation Companies"
4972,4972,DCIX,Deep Sea Foreign Transportation of  Freight
4973,4973,DELL,ELECTRONIC COMPUTERS
4974,4974,DERM,PHARMACEUTICAL PREPARATIONS
4975,4975,DEUR,"Security Brokers, Dealers & Flotation Companies"
4976,4976,DGAZ,"Security Brokers, Dealers & Flotation Companies"
4977,4977,DGBP,"Security Brokers, Dealers & Flotation Companies"
4978,4978,DGLD,"Security Brokers, Dealers & Flotation Companies"
4979,4979,DGSE,Retail-Jewelry Stores
4980,4980,DHXM,Services-Allied To Motion Picture Distribution
4981,4981,DIVC,National Commercial Banks
4982,4982,DJCI,National Commercial Banks
4983,4983,DJPY,"Security Brokers, Dealers & Flotation Companies"
4984,4984,DLBS,"Commercial Banks, NEC"
4985,4985,DLPH,Motor Vehicle Parts & Accessories
4986,4986,DMPI,Pharmaceutical Preparations
4987,4987,DNI,Crude Petroleum & Natural Gas
4988,4988,DNR,Crude Petroleum & Natural Gas
4989,4989,DO,DRILLING OIL &amp; GAS WELLS
4990,4990,DPLO,Retail-Drug Stores and Proprietary Stores
4991,4991,DRR,Commodity Contracts Brokers & Dealers
4992,4992,DSLV,"Security Brokers, Dealers & Flotation Companies"
4993,4993,DTO,State Commercial Banks
4994,4994,DTQ,Electric Services
4995,4995,DTSS,SERVICES-PREPACKAGED SOFTWARE
4996,4996,DTUL,"Commercial Banks, NEC"
4997,4997,DTUS,"Commercial Banks, NEC"
4998,4998,DTYL,"Commercial Banks, NEC"
4999,4999,DTYS,"Commercial Banks, NEC"
5000,5000,DVHL,National Commercial Banks
5001,5001,DVYL,National Commercial Banks
5002,5002,DWIN,SERVICES-COMMERCIAL PHYSICAL &amp; BIOLOGICAL RESEARCH
5003,5003,DXB,Unknown
5004,5004,EAB,Electric Services
5005,5005,EAE,Electric Services
5006,5006,ECA,Crude Petroleum & Natural Gas
5007,5007,ECCA,Services-Prepackaged Software
5008,5008,ECCY,Services-Prepackaged Software
5009,5009,ECOL,Refuse Systems
5010,5010,ECT,Crude Petroleum & Natural Gas
5011,5011,EE,NATURAL GAS DISTRIBUTION
5012,5012,EEI,Services-Engineering Services
5013,5013,EFBI,"SAVINGS INSTITUTION, FEDERALLY CHARTERED"
5014,5014,EFC,REAL ESTATE
5015,5015,EGIF,State Commercial Banks
5016,5016,ELGX,Surgical & Medical Instruments & Apparatus
5017,5017,EMCG,BLANK CHECKS
5018,5018,EMMS,RADIO BROADCASTING STATIONS
5019,5019,ENFC,"Savings Institutions, Not Federally Chartered"
5020,5020,ENOB,PHARMACEUTICAL PREPARATIONS
5021,5021,ENT,"Communications Services, NEC"
5022,5022,EQM,Natural Gas Transmission
5023,5023,EQX,GOLD &amp; SILVER ORES
5024,5024,ERA,"Air Transportation, Nonscheduled"
5025,5025,ERI,Hotels & Motels
5026,5026,EROS,Services-Motion Picture & Video Tape Distribution
5027,5027,ESGL,Refuse Systems
5028,5028,ESTR,Refuse Systems
5029,5029,ETFC,"Savings Institution, Federally Chartered"
5030,5030,EVGN,AGRICULTURE CHEMICALS
5031,5031,EVRG,ELECTRIC &amp; OTHER SERVICES COMBINED
5032,5032,EVSI,Semiconductors & Related Devices
5033,5033,EZT,Asset-Backed Securities
5034,5034,FCBP,State Commercial Banks
5035,5035,FCSC,Pharmaceutical Preparations
5036,5036,FDEF,State Commercial Banks
5037,5037,FFBW,"SAVINGS INSTITUTION, FEDERALLY CHARTERED"
5038,5038,FG,LIFE INSURANCE
5039,5039,FGP,Retail-Miscellaneous Retail
5040,5040,FII,Investment Advice
5041,5041,FLAT,"Commercial Banks, NEC"
5042,5042,FLNG,WATER TRANSPORTATION
5043,5043,FNJN,Patent Owners & Lessors
5044,5044,FOMX,Medicinal Chemicals & Botanical Products
5045,5045,FORK,"Plastics Products, NEC"
5046,5046,FSB,State Commercial Banks
5047,5047,FSBC,STATE COMMERCIAL BANKS
5048,5048,FSCT,"Computer Peripheral Equipment, NEC"
5049,5049,FSV,REAL ESTATE
5050,5050,FTEO,Services-Computer Processing & Data Preparation
5051,5051,FTNW,Telephone Communications (No Radiotelephone)
5052,5052,FTR,Telephone Communications (No Radiotelephone)
5053,5053,GARS,Unknown
5054,5054,GBLI,"FIRE, MARINE &amp; CASUALTY INSURANCE"
5055,5055,GCAP,Commodity Contracts Brokers & Dealers
5056,5056,GCE,Unknown
5057,5057,GDI,General Industrial Machinery & Equipment
5058,5058,GEMP,Pharmaceutical Preparations
5059,5059,GFY,Investment Offices / Funds
5060,5060,GMO,Metal Mining
5061,5061,GMZ,Hotels & Motels
5062,5062,GNC,Retail-Food Stores
5063,5063,GNMX,"Biological Products, (No Diagnostic Substances)"
5064,5064,GPOR,CRUDE PETROLEUM &amp; NATURAL GAS
5065,5065,GRI,Pharmaceutical Preparations
5066,5066,GRNQ,SERVICES-MANAGEMENT CONSULTING SERVICES
5067,5067,GRUB,"Services-Business Services, NEC"
5068,5068,GSB,Services-Prepackaged Software
5069,5069,GSH,"Railroads, Line-Haul Operating"
5070,5070,GTYH,Services-Computer Processing & Data Preparation
5071,5071,GWR,"Railroads, Line-Haul Operating"
5072,5072,HABT,Retail-Eating  Places
5073,5073,HAO,Services-Advertising Agencies
5074,5074,HCR,Mining & Quarrying of  Nonmetallic Minerals (No Fuels)
5075,5075,HDLV,Unknown
5076,5076,HEBT,Miscellaneous Fabricated Metal Products
5077,5077,HESM,CRUDE PETROLEUM &amp; NATURAL GAS
5078,5078,HEXO,MEDICINAL CHEMICALS &amp; BOTANICAL PRODUCTS
5079,5079,HHS,SERVICES-DIRECT MAIL ADVERTISING SERVICES
5080,5080,HHT,Services-Educational Services
5081,5081,HIIQ,"Insurance Agents, Brokers & Service"
5082,5082,HJV,Asset-Backed Securities
5083,5083,HOML,National Commercial Banks
5084,5084,HONE,STATE COMMERCIAL BANKS
5085,5085,HOS,Water Transportation
5086,5086,HTZ,SERVICES-AUTO RENTAL &amp; LEASING (NO DRIVERS)
5087,5087,I,"Communications Services, NEC"
5088,5088,IAC,"SERVICES-COMPUTER PROGRAMMING, DATA PROCESSING, ETC."
5089,5089,IBKC,State Commercial Banks
5090,5090,IBKCO,State Commercial Banks
5091,5091,IBKCP,State Commercial Banks
5092,5092,IDSA,Wholesale-Misc Durable Goods
5093,5093,IMMU,In Vitro & In Vivo Diagnostic Substances
5094,5094,INAP,Services-Computer Processing & Data Preparation
5095,5095,INB,Services-Computer Processing & Data Preparation
5096,5096,INF,Investment Offices / Funds
5097,5097,INNT,Pharmaceutical Preparations
5098,5098,INR,Crude Petroleum & Natural Gas
5099,5099,INST,SERVICES-PREPACKAGED SOFTWARE
5100,5100,INWK,"Services-Business Services, NEC"
5101,5101,INXN,"Services-Computer Programming, Data Processing, Etc."
5102,5102,IOTS,Semiconductors & Related Devices
5103,5103,IPHS,Wholesale-Chemicals & Allied Products
5104,5104,ISG,Life Insurance
5105,5105,JAG,Crude Petroleum & Natural Gas
5106,5106,JASN,Miscellaneous Manufacturing Industries
5107,5107,JBN,Asset-Backed Securities
5108,5108,JBR,Asset-Backed Securities
5109,5109,JCAP,Short-Term Business Credit Institutions
5110,5110,JCP,Retail-Department Stores
5111,5111,JEC,Services-Computer Integrated Systems Design
5112,5112,JHY,Investment Offices / Funds
5113,5113,JMEI,"Retail-Retail Stores, NEC"
5114,5114,JMF,Deep Sea Foreign Transportation of  Freight
5115,5115,JMLP,Investment Offices / Funds
5116,5116,JMPD,"Security Brokers, Dealers & Flotation Companies"
5117,5117,JMT,Investment Offices / Funds
5118,5118,JMU,Finance Services
5119,5119,KBLM,Finance Services
5120,5120,KGJI,"SERVICES-BUSINESS SERVICES, NEC"
5121,5121,KMPH,PHARMACEUTICAL PREPARATIONS
5122,5122,KTP,Unknown
5123,5123,LBDC,National Commercial Banks
5124,5124,LBY,"Glass & Glassware, Pressed or  Blown"
5125,5125,LGC,Services-Advertising Agencies
5126,5126,LIN,INDUSTRIAL INORGANIC CHEMICALS
5127,5127,LKSD,Commercial Printing
5128,5128,LLEX,Crude Petroleum & Natural Gas
5129,5129,LM,Investment Offices / Funds
5130,5130,LMHA,Investment Offices / Funds
5131,5131,LMHB,Investment Offices / Funds
5132,5132,LMLP,National Commercial Banks
5133,5133,LOGM,Services-Prepackaged Software
5134,5134,LONE,Crude Petroleum & Natural Gas
5135,5135,LOR,Investment Offices / Funds
5136,5136,LPT,Real Estate Investment Trusts
5137,5137,LRET,National Commercial Banks
5138,5138,LTM,"Air Transportation, Scheduled"
5139,5139,LTS,"Security Brokers, Dealers & Flotation Companies"
5140,5140,LTSL,"SECURITY BROKERS, DEALERS &amp; FLOTATION COMPANIES"
5141,5141,MAXR,RADIO &amp; TV BROADCASTING &amp; COMMUNICATIONS EQUIPMENT
5142,5142,MCBS,STATE COMMERCIAL BANKS
5143,5143,MCX,Investment Advice
5144,5144,MDCO,Pharmaceutical Preparations
5145,5145,MDR,Fabricated Plate Work (Boiler Shops)
5146,5146,MDU,"MINING, QUARRYING OF NONMETALLIC MINERALS (NO FUELS)"
5147,5147,MEET,Services-Advertising
5148,5148,MFSF,State Commercial Banks
5149,5149,MICR,ELECTROMEDICAL &amp; ELECTROTHERAPEUTIC APPARATUS
5150,5150,MINI,Fabricated Plate Work (Boiler Shops)
5151,5151,MJCO,Services-Prepackaged Software
5152,5152,MLNT,Pharmaceutical Preparations
5153,5153,MLNX,Semiconductors & Related Devices
5154,5154,MLPC,National Commercial Banks
5155,5155,MLPE,Unknown
5156,5156,MLPG,National Commercial Banks
5157,5157,MLPQ,National Commercial Banks
5158,5158,MLPZ,National Commercial Banks
5159,5159,MMAC,Real Estate
5160,5160,MNE,Investment Offices / Funds
5161,5161,MNI,Newspapers: Publishing or  Publishing & Printing
5162,5162,MNK,In Vitro & In Vivo Diagnostic Substances
5163,5163,MNTA,"Biological Products, (No Diagnostic Substances)"
5164,5164,MORL,National Commercial Banks
5165,5165,MOSC,"Services-Detective, Guard & Armored Car Services"
5166,5166,MPVD,Metal Mining
5167,5167,MR,Crude Petroleum & Natural Gas
5168,5168,MRIC,Surgical & Medical Instruments & Apparatus
5169,5169,MRRL,National Commercial Banks
5170,5170,MSBF,"Savings Institution, Federally Chartered"
5171,5171,MSG,"Savings Institution, Federally Chartered"
5172,5172,MSON,Surgical & Medical Instruments & Apparatus
5173,5173,MTCH,"SERVICES-COMPUTER PROGRAMMING, DATA PROCESSING, ETC."
5174,5174,MTFB,Pharmaceutical Preparations
5175,5175,MYL,Pharmaceutical Preparations
5176,5176,MYOK,Pharmaceutical Preparations
5177,5177,MYOS,Retail-Drug Stores and Proprietary Stores
5178,5178,NAKD,Motor Vehicles & Passenger Car Bodies
5179,5179,NBL,Crude Petroleum & Natural Gas
5180,5180,NBN,State Commercial Banks
5181,5181,NE,DRILLING OIL &amp; GAS WELLS
5182,5182,NIHD,Radiotelephone Communications
5183,5183,NLNK,Pharmaceutical Preparations
5184,5184,NMRD,SURGICAL &amp; MEDICAL INSTRUMENTS &amp; APPARATUS
5185,5185,NSCO,"Services-Equipment Rental & Leasing, NEC"
5186,5186,NTRSP,State Commercial Banks
5187,5187,NTX,National Commercial Banks
5188,5188,NWN,NATURAL GAS DISTRIBUTION
5189,5189,OAS,Crude Petroleum & Natural Gas
5190,5190,OBE,CRUDE PETROLEUM &amp; NATURAL GAS
5191,5191,OCSLL,Unknown
5192,5192,OGI,PHARMACEUTICAL PREPARATIONS
5193,5193,OHAI,Investment Offices / Funds
5194,5194,OILX,National Commercial Banks
5195,5195,OLEM,"Commercial Banks, NEC"
5196,5196,OMN,"Fabricated Rubber Products, NEC"
5197,5197,ONCE,"Biological Products, (No Diagnostic Substances)"
5198,5198,ONDK,Finance Services
5199,5199,OPB,State Commercial Banks
5200,5200,OSLE,Investment Advice
5201,5201,OTTW,"SAVINGS INSTITUTION, FEDERALLY CHARTERED"
5202,5202,PBBI,"Savings Institution, Federally Chartered"
5203,5203,PEGI,Electric Services
5204,5204,PER,Crude Petroleum & Natural Gas
5205,5205,PFH,LIFE INSURANCE
5206,5206,PFNX,Pharmaceutical Preparations
5207,5207,PFSI,MORTGAGE BANKERS &amp; LOAN CORRESPONDENTS
5208,5208,PGNX,Pharmaceutical Preparations
5209,5209,PIR,"Retail-Home Furniture, Furnishings & Equipment Stores"
5210,5210,PIY,Unknown
5211,5211,PJC,"Security Brokers, Dealers & Flotation Companies"
5212,5212,PJH,Life Insurance
5213,5213,PLAG,"CANNED, FROZEN &amp; PRESERVED FRUIT, VEG &amp; FOOD SPECIALTIES"
5214,5214,PLL,"MINING, QUARRYING OF NONMETALLIC MINERALS (NO FUELS)"
5215,5215,PMTS,COMMERCIAL PRINTING
5216,5216,POL,"RETAIL-HOME FURNITURE, FURNISHINGS &amp; EQUIPMENT STORES"
5217,5217,POPE,Forestry
5218,5218,PPLN,"Security Brokers, Dealers & Flotation Companies"
5219,5219,PRH,LIFE INSURANCE
5220,5220,PROF,SURGICAL &amp; MEDICAL INSTRUMENTS &amp; APPARATUS
5221,5221,PRTO,"Biological Products, (No Diagnostic Substances)"
5222,5222,PSDO,Wholesale-Computers & Peripheral Equipment & Software
5223,5223,PSV,Deep Sea Foreign Transportation of  Freight
5224,5224,PTLA,Pharmaceutical Preparations
5225,5225,PUB,State Commercial Banks
5226,5226,PVBC,"SAVINGS INSTITUTIONS, NOT FEDERALLY CHARTERED"
5227,5227,PWFL,"COMMUNICATIONS EQUIPMENT, NEC"
5228,5228,PYX,Wholesale-Farm Product Raw Materials
5229,5229,QBAK,MAGNETIC &amp; OPTICAL RECORDING MEDIA
5230,5230,QHC,"Services-General Medical & Surgical Hospitals, NEC"
5231,5231,QTRH,Patent Owners & Lessors
5232,5232,RAMP,SERVICES-COMPUTER PROCESSING &amp; DATA PREPARATION
5233,5233,RARX,Pharmaceutical Preparations
5234,5234,RBS,"Commercial Banks, NEC"
5235,5235,RBZ,Retail-Catalog & Mail-Order Houses
5236,5236,RCEL,SURGICAL &amp; MEDICAL INSTRUMENTS &amp; APPARATUS
5237,5237,RECN,"Services-Business Services, NEC"
5238,5238,REXN,Pharmaceutical Preparations
5239,5239,RIF,Real Estate Investment Trusts
5240,5240,ROAN,Crude Petroleum & Natural Gas
5241,5241,ROSE,BLANK CHECKS
5242,5242,ROYT,Crude Petroleum & Natural Gas
5243,5243,RRTS,ARRANGEMENT OF TRANSPORTATION OF FREIGHT &amp; CARGO
5244,5244,RSF,Investment Advice
5245,5245,RST,Services-Prepackaged Software
5246,5246,RTIX,"Orthopedic, Prosthetic & Surgical Appliances & Supplies"
5247,5247,RTN,"Search, Detection, Navigation, Guidance, Aeronautical Sys"
5248,5248,RTRX,Pharmaceutical Preparations
5249,5249,RTTR,Finance Services
5250,5250,RTW,Retail-Women's Clothing Stores
5251,5251,RUBI,Water Transportation
5252,5252,S,SERVICES-PREPACKAGED SOFTWARE
5253,5253,SAB,Investment Offices / Funds
5254,5254,SAEX,Oil & Gas Field Exploration Services
5255,5255,SAUC,Retail-Eating  Places
5256,5256,SBBX,State Commercial Banks
5257,5257,SBFGP,State Commercial Banks
5258,5258,SBGL,Unknown
5259,5259,SBNA,Deep Sea Foreign Transportation of  Freight
5260,5260,SBPH,Pharmaceutical Preparations
5261,5261,SCA,Investment Offices / Funds
5262,5262,SCON,Services-Nursing & Personal Care Facilities
5263,5263,SCU,INVESTMENT ADVICE
5264,5264,SDI,Tobacco Products
5265,5265,SDYL,National Commercial Banks
5266,5266,SERV,"General Industrial Machinery & Equipment, NEC"
5267,5267,SES,"MISCELLANEOUS ELECTRICAL MACHINERY, EQUIPMENT &amp; SUPPLIES"
5268,5268,SFET,SERVICES-PREPACKAGED SOFTWARE
5269,5269,SGB,State Commercial Banks
5270,5270,SHLO,Metal Forgings & Stampings
5271,5271,SILV,GOLD &amp; SILVER ORES
5272,5272,SITO,"Services-Business Services, NEC"
5273,5273,SKYS,Electric Services
5274,5274,SMHD,National Commercial Banks
5275,5275,SMMT,PHARMACEUTICAL PREPARATIONS
5276,5276,SMRT,SERVICES-COMPUTER INTEGRATED SYSTEMS DESIGN
5277,5277,SNDE,Crude Petroleum & Natural Gas
5278,5278,SNH,Unknown
5279,5279,SNHNI,Unknown
5280,5280,SNNA,Pharmaceutical Preparations
5281,5281,SOJA,Electric Services
5282,5282,SOLO,MOTOR VEHICLES &amp; PASSENGER CAR BODIES
5283,5283,SORL,Motor Vehicle Parts & Accessories
5284,5284,SPAR,Construction Machinery & Equip
5285,5285,SPEX,"Security Brokers, Dealers & Flotation Companies"
5286,5286,SRCI,Crude Petroleum & Natural Gas
5287,5287,SRF,Investment Offices / Funds
5288,5288,SSI,Retail-Family Clothing Stores
5289,5289,SSW,Deep Sea Foreign Transportation of  Freight
5290,5290,SSWA,Deep Sea Foreign Transportation of  Freight
5291,5291,STI,"Miscellaneous Electrical Machinery, Equipment & Supplies"
5292,5292,STML,Pharmaceutical Preparations
5293,5293,STON,SERVICES-PERSONAL SERVICES
5294,5294,STPP,"Commercial Banks, NEC"
5295,5295,TA,RETAIL-AUTO DEALERS &amp; GASOLINE STATIONS
5296,5296,TALO,CRUDE PETROLEUM &amp; NATURAL GAS
5297,5297,TANNI,RETAIL-AUTO DEALERS &amp; GASOLINE STATIONS
5298,5298,TAST,RETAIL-EATING PLACES
5299,5299,TCRD,"Communications Services, NEC"
5300,5300,TCRZ,"Communications Services, NEC"
5301,5301,TECD,Wholesale-Computers & Peripheral Equipment & Software
5302,5302,TERP,Electric Services
5303,5303,TEUM,SERVICES-COMPUTER INTEGRATED SYSTEMS DESIGN
5304,5304,TGE,Periodicals: Publishing or  Publishing & Printing
5305,5305,TGEN,AIR COND &amp; WARM AIR HEATING EQUIP &amp; COMM &amp; INDL REFRIG EQUIP
5306,5306,THGA,Real Estate Investment Trusts
5307,5307,TIVO,Services-Prepackaged Software
5308,5308,TLF,LEATHER &amp; LEATHER PRODUCTS
5309,5309,TLI,Investment Offices / Funds
5310,5310,TLRA,Services-Advertising Agencies
5311,5311,TLRD,Retail-Apparel & Accessory Stores
5312,5312,TMHC,OPERATIVE BUILDERS
5313,5313,TMSR,Wholesale-Metals & Minerals (No Petroleum)
5314,5314,TOCA,Pharmaceutical Preparations
5315,5315,TOO,Water Transportation
5316,5316,TRCB,State Commercial Banks
5317,5317,TRNX,"SPECIAL INDUSTRY MACHINERY, NEC"
5318,5318,TROV,"Biological Products, (No Diagnostic Substances)"
5319,5319,TRPX,Pharmaceutical Preparations
5320,5320,TSG,"Services-Computer Programming, Data Processing, Etc."
5321,5321,TSLF,"Communications Services, NEC"
5322,5322,TSU,Telephone Communications (No Radiotelephone)
5323,5323,TTPH,Pharmaceutical Preparations
5324,5324,TUES,Retail-Variety Stores
5325,5325,TVIX,National Commercial Banks
5326,5326,TWMC,Retail-Record & Prerecorded Tape Stores
5327,5327,UAUD,"Security Brokers, Dealers & Flotation Companies"
5328,5328,UCFC,"Savings Institutions, Not Federally Chartered"
5329,5329,UCHF,"Security Brokers, Dealers & Flotation Companies"
5330,5330,UCI,Unknown
5331,5331,UEUR,"Security Brokers, Dealers & Flotation Companies"
5332,5332,UGAZ,"Security Brokers, Dealers & Flotation Companies"
5333,5333,UGBP,"Security Brokers, Dealers & Flotation Companies"
5334,5334,UGLD,"Security Brokers, Dealers & Flotation Companies"
5335,5335,UJPY,"Security Brokers, Dealers & Flotation Companies"
5336,5336,UN,"Soap, Detergents, Cleang Preparations, Perfumes, Cosmetics"
5337,5337,UNT,Crude Petroleum & Natural Gas
5338,5338,URR,Commodity Contracts Brokers & Dealers
5339,5339,USLV,"Security Brokers, Dealers & Flotation Companies"
5340,5340,UTX,Construction Machinery & Equip
5341,5341,UZB,Radiotelephone Communications
5342,5342,VAL,DRILLING OIL &amp; GAS WELLS
5343,5343,VCIF,Real Estate Investment Trusts
5344,5344,VERB,SERVICES-PERSONAL SERVICES
5345,5345,VIAB,Television Broadcasting Stations
5346,5346,VICI,REAL ESTATE INVESTMENT TRUSTS
5347,5347,VIIX,"Security Brokers, Dealers & Flotation Companies"
5348,5348,VIV,TELEPHONE COMMUNICATIONS (NO RADIO TELEPHONE)
5349,5349,VLRX,Surgical & Medical Instruments & Apparatus
5350,5350,VMD,"SERVICES-MISC HEALTH &amp; ALLIED SERVICES, NEC"
5351,5351,VQT,"Commercial Banks, NEC"
5352,5352,VRML,In Vitro & In Vivo Diagnostic Substances
5353,5353,VSI,Retail-Food Stores
5354,5354,VSLR,"Heating Equipment, Except Electric & Warm Air Furnaces"
5355,5355,VVUS,Pharmaceutical Preparations
5356,5356,WAAS,Water Supply
5357,5357,WAIR,Wholesale-Hardware
5358,5358,WBC,Motor Vehicles & Passenger Car Bodies
5359,5359,WCG,Hospital & Medical Service Plans
5360,5360,WEBK,"Savings Institutions, Not Federally Chartered"
5361,5361,WINS,Finance Services
5362,5362,WLH,Operative Builders
5363,5363,WLL,Crude Petroleum & Natural Gas
5364,5364,WMGI,"Orthopedic, Prosthetic & Surgical Appliances & Supplies"
5365,5365,WRLS,Services-Computer Integrated Systems Design
5366,5366,WSTL,TELEPHONE &amp; TELEGRAPH APPARATUS
5367,5367,WTR,Water Supply
5368,5368,WUBA,"Services-Computer Programming, Data Processing, Etc."
5369,5369,XAIR,SURGICAL &amp; MEDICAL INSTRUMENTS &amp; APPARATUS
5370,5370,XOG,Crude Petroleum & Natural Gas
5371,5371,XON,Pharmaceutical Preparations
5372,5372,XRF,"Security & Commodity Brokers, Dealers, Exchanges & Services"
5373,5373,XRX,"COMPUTER PERIPHERAL EQUIPMENT, NEC"
5374,5374,YIN,"Security & Commodity Brokers, Dealers, Exchanges & Services"
5375,5375,YUMA,Crude Petroleum & Natural Gas
5376,5376,ZAYO,Telephone Communications (No Radiotelephone)
5377,5377,ZBIO,Pharmaceutical Preparations
5378,5378,ZBK,National Commercial Banks
5379,5379,ZFGN,Pharmaceutical Preparations
5380,5380,ZION,NATIONAL COMMERCIAL BANKS
5381,5381,ZIV,National Commercial Banks
5382,5382,ZN,Oil & Gas Field Exploration Services
5383,5383,IFS,"COMMERCIAL BANKS, NEC"
5384,5384,VXX,"COMMERCIAL BANKS, NEC"
5385,5385,VXZ,"COMMERCIAL BANKS, NEC"
5386,5386,COLD,REAL ESTATE INVESTMENT TRUSTS
5387,5387,NINE,"OIL, GAS FIELD SERVICES, NBC"
5388,5388,RWGE,Blank Checks
5389,5389,FNGD,"COMMERCIAL BANKS, NEC"
5390,5390,PAGS,SERVICES-COMPUTER PROCESSING &amp; DATA PREPARATION
5391,5391,AGS,MISCELLANEOUS MANUFACTURING INDUSTRIES
5392,5392,EYEN,PHARMACEUTICAL PREPARATIONS
5393,5393,GTES,GENERAL INDUSTRIAL MACHINERY &amp; EQUIPMENT
5394,5394,MNLO,Pharmaceutical Preparations
5395,5395,SLDB,BIOLOGICAL PRODUCTS (NO DIAGNOSTIC SUBSTANCES)
5396,5396,TORC,Pharmaceutical Preparations
5397,5397,CLGN,"ORTHOPEDIC, PROSTHETIC &amp; SURGICAL APPLIANCES &amp; SUPPLIES"
5398,5398,CAAP,"AIRPORTS, FLYING FIELDS &amp; AIRPORT TERMINAL SERVICES"
5399,5399,CLNC,Real Estate Investment Trusts
5400,5400,HUD,Retail-Misc General Merchandise Stores
5401,5401,OSS,ELECTRONIC COMPUTERS
5402,5402,SLGL,PHARMACEUTICAL PREPARATIONS
5403,5403,CEPU,ELECTRIC SERVICES
5404,5404,FTSI,"Oil & Gas Field Services, NEC"
5405,5405,EOLS,PHARMACEUTICAL PREPARATIONS
5406,5406,CDLX,"SERVICES-COMPUTER PROGRAMMING, DATA PROCESSING, ETC."
5407,5407,HMI,Electronic Computers
5408,5408,VCTR,INVESTMENT ADVICE
5409,5409,WHD,OIL &amp; GAS FILED MACHINERY &amp; EQUIPMENT
5410,5410,QES,"Oil & Gas Field Services, NEC"
5411,5411,BFRA,Pharmaceutical Preparations
5412,5412,MOTS,SURGICAL &amp; MEDICAL INSTRUMENTS &amp; APPARATUS
5413,5413,FAMI,"CANNED, FRUITS, VEG &amp; PRESERVES, JAMS &amp; JELLIES"
5414,5414,NEWTI,National Commercial Banks
5415,5415,TRMD,DEEP SEA FOREIGN TRANSPORTATION OF FREIGHT
5416,5416,AFGE,"FIRE, MARINE &amp; CASUALTY INSURANCE"
5417,5417,AGNCB,Real Estate Investment Trusts
5418,5418,AREX,Crude Petroleum & Natural Gas
5419,5419,ATIS,Industrial Organic Chemicals
5420,5420,CELG,Pharmaceutical Preparations
5421,5421,DF,Dairy Products
5422,5422,DKT,"Insurance Agents, Brokers & Service"
5423,5423,DNBF,National Commercial Banks
5424,5424,DOVA,Pharmaceutical Preparations
5425,5425,GIG,Electric Services
5426,5426,GJV,Pharmaceutical Preparations
5427,5427,JHD,Investment Offices / Funds
5428,5428,KEG,"Oil & Gas Field Services, NEC"
5429,5429,KERN,FINANCE SERVICES
5430,5430,LACQ,Pharmaceutical Preparations
5431,5431,MCRN,"Special Industry Machinery, NEC"
5432,5432,NEWM,Newspapers: Publishing or  Publishing & Printing
5433,5433,NNC,Investment Offices / Funds
5434,5434,NTC,Investment Offices / Funds
5435,5435,NVTR,Surgical & Medical Instruments & Apparatus
5436,5436,NYNY,Retail-Eating & Drinking Places
5437,5437,OLBK,State Commercial Banks
5438,5438,ORIT,State Commercial Banks
5439,5439,PPDF,Loan Brokers
5440,5440,SDR,Crude Petroleum & Natural Gas
5441,5441,SDT,Crude Petroleum & Natural Gas
5442,5442,SWJ,"Cutlery, Handtools & General Hardware"
5443,5443,TPGH,Services-Amusement & Recreation Services
5444,5444,ZF,Investment Offices / Funds
5445,5445,AREC,BITUMINOUS COAL &amp; LIGNITE MINING
5446,5446,PACK,CONVERTED PAPER &amp; PAPERBOARD PRODS (NO CONTAINERS/BOXES)
5447,5447,NEBU,Blank Checks
5448,5448,AIZP,Life Insurance
5449,5449,BTAI,PHARMACEUTICAL PREPARATIONS
5450,5450,CMSA,ELECTRIC &amp; OTHER SERVICES COMBINED
5451,5451,GLIBA,Cable & Other Pay Television Services
5452,5452,GPAQ,Services-Miscellaneous Amusement & Recreation
5453,5453,MUDS,RETAIL-MISCELLANEOUS RETAIL
5454,5454,BWB,STATE COMMERCIAL BANKS
5455,5455,RCUS,PHARMACEUTICAL PREPARATIONS
5456,5456,AIHS,SERVICES-AUTO RENTAL &amp; LEASING (NO DRIVERS)
5457,5457,FIYY,"Commercial Banks, NEC"
5458,5458,LAZY,RETAIL-AUTO DEALERS &amp; GASOLINE STATIONS
5459,5459,TSCAP,State Commercial Banks
5460,5460,ZS,SERVICES-COMPUTER PROGRAMMING SERVICES
5461,5461,DNJR,Finance Services
5462,5462,BIOX,AGRICULTURE CHEMICALS
5463,5463,DBX,SERVICES-PREPACKAGED SOFTWARE
5464,5464,STG,SERVICES-EDUCATIONAL SERVICES
5465,5465,OPES,Retail-Eating  Places
5466,5466,RDVT,SERVICES-PREPACKAGED SOFTWARE
5467,5467,FFEU,"Commercial Banks, NEC"
5468,5468,GHG,HOTELS &amp; MOTELS
5469,5469,RFL,PHARMACEUTICAL PREPARATIONS
5470,5470,BILI,SERVICES-COMPUTER PROCESSING &amp; DATA PREPARATION
5471,5471,FIXX,PHARMACEUTICAL PREPARATIONS
5472,5472,GNPX,PHARMACEUTICAL PREPARATIONS
5473,5473,IQ,SERVICES-VIDEO TAPE RENTAL
5474,5474,UMRX,Pharmaceutical Preparations
5475,5475,FRLG,State Commercial Banks
5476,5476,SPOT,RADIO BROADCASTING STATIONS
5477,5477,BFST,STATE COMMERCIAL BANKS
5478,5478,TIBR,"Insurance Agents, Brokers & Service"
5479,5479,ZUO,SERVICES-PREPACKAGED SOFTWARE
5480,5480,AABA,"Services-Business Services, NEC"
5481,5481,AAC,FABRICATED PLATE WORK (BOILER SHOPS)
5482,5482,AEH,Life Insurance
5483,5483,ALDR,Pharmaceutical Preparations
5484,5484,ATAI,PHARMACEUTICAL PREPARATIONS
5485,5485,ATU,Misc Industrial & Commercial Machinery & Equipment
5486,5486,AUO,Semiconductors & Related Devices
5487,5487,AWSM,"Wholesale-Electronic Parts & Equipment, NEC"
5488,5488,BHGE,Oil & Gas Field Machinery & Equipment
5489,5489,BID,"Services-Business Services, NEC"
5490,5490,BPL,Pipe Lines (No Natural Gas)
5491,5491,CJ,"Oil & Gas Field Services, NEC"
5492,5492,CTRP,"Services-Business Services, NEC"
5493,5493,CTWS,Water Supply
5494,5494,CUR,"Biological Products, (No Diagnostic Substances)"
5495,5495,CVRS,Surgical & Medical Instruments & Apparatus
5496,5496,DEST,Retail-Women's Clothing Stores
5497,5497,DRYS,Deep Sea Foreign Transportation of  Freight
5498,5498,EGI,Gold and Silver Ores
5499,5499,FELP,Silver Ores
5500,5500,FRAC,"Oil & Gas Field Services, NEC"
5501,5501,GHDX,Services-Medical Laboratories
5502,5502,HAIR,Surgical & Medical Instruments & Apparatus
5503,5503,HCP,SERVICES-COMPUTER PROGRAMMING SERVICES
5504,5504,HPJ,"Miscellaneous Electrical Machinery, Equipment & Supplies"
5505,5505,IDSY,"Communications Equipment, NEC"
5506,5506,IPOA,Transportation Services
5507,5507,ISCA,"Services-Racing, Including Track Operation"
5508,5508,ISRL,BLANK CHECKS
5509,5509,LHC,RADIO &amp; TV BROADCASTING &amp; COMMUNICATIONS EQUIPMENT
5510,5510,LTXB,"Savings Institution, Federally Chartered"
5511,5511,MAMS,Services-Prepackaged Software
5512,5512,MDSO,Services-Prepackaged Software
5513,5513,NANO,"Measuring & Controlling Devices, NEC"
5514,5514,NCI,Apparel & Other Finishd Prods of  Fabrics & Similar Matl
5515,5515,NRCG,Hazardous Waste Management
5516,5516,NVLN,Pharmaceutical Preparations
5517,5517,OTIV,Semiconductors & Related Devices
5518,5518,PNTR,Radio & Tv Broadcasting & Communications Equipment
5519,5519,ROX,Beverages
5520,5520,RTEC,"Industrial Instruments For Measurement, Display, and Control"
5521,5521,RVEN,Real Estate Investment Trusts
5522,5522,RVLT,Electric Lighting & Wiring Equipment
5523,5523,SHOS,Retail-Department Stores
5524,5524,SLNG,NATURAL GAS DISTRIBUTION
5525,5525,SSFN,State Commercial Banks
5526,5526,STNL,Blank Checks
5527,5527,SYMC,Services-Prepackaged Software
5528,5528,TCGP,Investment Advice
5529,5529,TOWR,Motor Vehicle Parts & Accessories
5530,5530,TTS,"Retail-Home Furniture, Furnishings & Equipment Stores"
5531,5531,TYPE,Services-Computer Programming Services
5532,5532,UBNK,"Savings Institution, Federally Chartered"
5533,5533,VSM,Miscellaneous Chemical Products
5534,5534,LRAD,Household Audio & Video Equipment
5535,5535,NVT,SPECIAL INDUSTRY MACHINERY (NO METALWORKING MACHINERY)
5536,5536,AGMH,SERVICES-COMPUTER PROGRAMMING SERVICES
5537,5537,EAF,ELECTRICAL INDUSTRIAL APPARATUS
5538,5538,SURF,BIOLOGICAL PRODUCTS (NO DIAGNOSTIC SUBSTANCES)
5539,5539,CLBK,"SAVINGS INSTITUTION, FEDERALLY CHARTERED"
5540,5540,LEVL,State Commercial Banks
5541,5541,PVTL,Services-Prepackaged Software
5542,5542,ENBA,PIPE LINES (NO NATURAL GAS)
5543,5543,CDAY,SERVICES-PREPACKAGED SOFTWARE
5544,5544,LASR,SEMICONDUCTORS &amp; RELATED DEVICES
5545,5545,APY,"Construction, Mining & Materials Handling Machinery & Equip"
5546,5546,DOCU,SERVICES-PREPACKAGED SOFTWARE
5547,5547,GSHD,INSURANCE AGENTS BROKERS &amp; SERVICES
5548,5548,SMAR,SERVICES-PREPACKAGED SOFTWARE
5549,5549,ECCX,Services-Prepackaged Software
5550,5550,BH.A,Retail-Eating  Places
5551,5551,PRT,CRUDE PETROLEUM &amp; NATURAL GAS
5552,5552,RCP,Blank Checks
5553,5553,HCXZ,Pharmaceutical Preparations
5554,5554,INSP,SURGICAL &amp; MEDICAL INSTRUMENTS &amp; APPARATUS
5555,5555,UBX,PHARMACEUTICAL PREPARATIONS
5556,5556,ASLN,PHARMACEUTICAL PREPARATIONS
5557,5557,CBLK,Services-Prepackaged Software
5558,5558,JRSH,APPAREL &amp; OTHER FINISHED PRODS OF FABRICS &amp; SIMILAR MATERIAL
5559,5559,ROAD,HEAVY CONSTRUCTION OTHER THAN BUILDING CONST - CONTRACTORS
5560,5560,STXB,State Commercial Banks
5561,5561,EVLO,PHARMACEUTICAL PREPARATIONS
5562,5562,OBNK,STATE COMMERCIAL BANKS
5563,5563,EQH,INSURANCE AGENTS BROKERS &amp; SERVICES
5564,5564,VAM,Telephone & Telegraph Apparatus
5565,5565,HUYA,"SERVICES-COMPUTER PROGRAMMING, DATA PROCESSING, ETC."
5566,5566,PS,Investment Advice
5567,5567,RTL,REAL ESTATE INVESTMENT TRUSTS
5568,5568,SMTA,Real Estate Investment Trusts
5569,5569,RILYH,Investment Advice
5570,5570,WH,HOTELS &amp; MOTELS
5571,5571,BORR,DRILLING OIL &amp; GAS WELLS
5572,5572,FEUL,Asset-Backed Securities
5573,5573,XCUR,PHARMACEUTICAL PREPARATIONS
5574,5574,EVOP,"SERVICES-BUSINESS SERVICES, NEC"
5575,5575,CLPS,SERVICES-PREPACKAGED SOFTWARE
5576,5576,DFBH,Services-Home Health Care Services
5577,5577,GSKY,"SERVICES-BUSINESS SERVICES, NEC"
5578,5578,KNSA,PHARMACEUTICAL PREPARATIONS
5579,5579,PRSP,Services-Computer Processing & Data Preparation
5580,5580,SRRK,BIOLOGICAL PRODUCTS (NO DIAGNOSTIC SUBSTANCES)
5581,5581,ITRM,PHARMACEUTICAL PREPARATIONS
5582,5582,PACQ,Blank Checks
5583,5583,WRTC,"Ordnance & Accessories, (No Vehicles/Guided Missiles)"
5584,5584,CPLG,Real Estate Investment Trusts
5585,5585,EDRY,WATER TRANSPORTATION
5586,5586,HJLI,Surgical & Medical Instruments & Apparatus
5587,5587,TMCX,Blank Checks
5588,5588,LTSF,"Security Brokers, Dealers & Flotation Companies"
5589,5589,AMR,BITUMINOUS COAL &amp; LIGNITE SURFACE MINING
5590,5590,AQ,Semiconductors & Related Devices
5591,5591,ARCI,Blank Checks
5592,5592,ASV,Construction Machinery & Equip
5593,5593,BT,Telephone Communications (No Radiotelephone)
5594,5594,CCA,Investment Offices / Funds
5595,5595,CCNI,Services-Help Supply Services
5596,5596,CHSP,Real Estate Investment Trusts
5597,5597,CNTF,"Services-Business Services, NEC"
5598,5598,CRAY,Electronic Computers
5599,5599,DAVE,FINANCE SERVICES
5600,5600,DFRG,Retail-Eating  Places
5601,5601,EMCI,"Fire, Marine & Casualty Insurance"
5602,5602,FNSR,Semiconductors & Related Devices
5603,5603,FRED,Retail-Variety Stores
5604,5604,HPT,Real Estate Investment Trusts
5605,5605,HSGX,"Biological Products, (No Diagnostic Substances)"
5606,5606,IMI,Semiconductors & Related Devices
5607,5607,JMPB,"Security Brokers, Dealers & Flotation Companies"
5608,5608,MMDM,Radio Broadcasting Stations
5609,5609,MSL,National Commercial Banks
5610,5610,NRE,Real Estate Investment Trusts
5611,5611,OAK,Investment Advice
5612,5612,OZM,Investment Advice
5613,5613,PRME,"Biological Products, (No Diagnostic Substances)"
5614,5614,SFLY,Services-Photofinishing Laboratories
5615,5615,SKIS,Hotels & Motels
5616,5616,SPN,"Oil & Gas Field Services, NEC"
5617,5617,TRCO,Television Broadcasting Stations
5618,5618,TRK,"Services-Racing, Including Track Operation"
5619,5619,TSS,"Services-Business Services, NEC"
5620,5620,BKTI,RADIO &amp; TV BROADCASTING &amp; COMMUNICATIONS EQUIPMENT
5621,5621,MGTX,BIOLOGICAL PRODUCTS (NO DIAGNOSTIC SUBSTANCES)
5622,5622,VNE,Motor Vehicle Parts & Accessories
5623,5623,VTIQ,BLANK CHECKS
5624,5624,AMAL,STATE COMMERCIAL BANKS
5625,5625,TDAC,BLANK CHECKS
5626,5626,CHRA,HAZARDOUS WASTE MANAGEMENT
5627,5627,USX,TRUCKING (NO LOCAL)
5628,5628,AVLR,SERVICES-PREPACKAGED SOFTWARE
5629,5629,NEW,Services-Educational Services
5630,5630,VRCA,PHARMACEUTICAL PREPARATIONS
5631,5631,UNMA,ACCIDENT &amp; HEALTH INSURANCE
5632,5632,EIDX,Pharmaceutical Preparations
5633,5633,ESGRP,"FIRE, MARINE &amp; CASUALTY INSURANCE"
5634,5634,APTX,PHARMACEUTICAL PREPARATIONS
5635,5635,AVRO,BIOLOGICAL PRODUCTS (NO DIAGNOSTIC SUBSTANCES)
5636,5636,EPRT,REAL ESTATE INVESTMENT TRUSTS
5637,5637,HYGS,Industrial Inorganic Chemicals
5638,5638,IIIV,SERVICES-PREPACKAGED SOFTWARE
5639,5639,KZR,PHARMACEUTICAL PREPARATIONS
5640,5640,MGTA,PHARMACEUTICAL PREPARATIONS
5641,5641,XERS,PHARMACEUTICAL PREPARATIONS
5642,5642,AUTL,BIOLOGICAL PRODUCTS (NO DIAGNOSTIC SUBSTANCES)
5643,5643,ECOR,ELECTROMEDICAL &amp; ELECTROTHERAPEUTIC APPARATUS
5644,5644,RVI,Real Estate
5645,5645,FPAC,FINANCE SERVICES
5646,5646,HYRE,SERVICES-AUTO RENTAL &amp; LEASING (NO DRIVERS)
5647,5647,LOVE,RETAIL-FURNITURE STORES
5648,5648,NTGN,"Biological Products, (No Diagnostic Substances)"
5649,5649,UXIN,"SERVICES-BUSINESS SERVICES, NEC"
5650,5650,BJ,RETAIL-VARIETY STORES
5651,5651,ENTX,BIOLOGICAL PRODUCTS (NO DIAGNOSTIC SUBSTANCES)
5652,5652,FTSV,Pharmaceutical Preparations
5653,5653,STIM,SURGICAL &amp; MEDICAL INSTRUMENTS &amp; APPARATUS
5654,5654,TCDA,PHARMACEUTICAL PREPARATIONS
5655,5655,DOMO,SERVICES-PREPACKAGED SOFTWARE
5656,5656,LFAC,BLANK CHECKS
5657,5657,SDRL,Drilling Oil & Gas Wells
5658,5658,GRAM,American Depositary Receipts
5659,5659,BROG,PETROLEUM REFINING
5660,5660,MSVB,"SAVINGS INSTITUTION, FEDERALLY CHARTERED"
5661,5661,RPAY,"SERVICES-BUSINESS SERVICES, NEC"
5662,5662,CCB,STATE COMMERCIAL BANKS
5663,5663,CRNX,PHARMACEUTICAL PREPARATIONS
5664,5664,HCCH,Gas & Other Services Combined
5665,5665,RUBY,BIOLOGICAL PRODUCTS (NO DIAGNOSTIC SUBSTANCES)
5666,5666,AFIN,Real Estate Investment Trusts
5667,5667,ALLK,PHARMACEUTICAL PREPARATIONS
5668,5668,CNST,Pharmaceutical Preparations
5669,5669,ESTA,"ORTHOPEDIC, PROSTHETIC &amp; SURGICAL APPLIANCES &amp; SUPPLIES"
5670,5670,MYFW,STATE COMMERCIAL BANKS
5671,5671,TLRY,MEDICINAL CHEMICALS &amp; BOTANICAL PRODUCTS
5672,5672,REPL,BIOLOGICAL PRODUCTS (NO DIAGNOSTIC SUBSTANCES)
5673,5673,ADOM,Motor Vehicle Parts & Accessories
5674,5674,AIY,Hotels & Motels
5675,5675,APC,Wholesale-Petroleum & Petroleum Products (No Bulk Stations)
5676,5676,APU,"Retail-Retail Stores, NEC"
5677,5677,AQXP,Pharmaceutical Preparations
5678,5678,BIQI,Agricultural Prod-Livestock & Animal Specialties
5679,5679,BKS,Retail-Miscellaneous Shopping Goods Stores
5680,5680,BRAC,BLANK CHECKS
5681,5681,CCIH,Services-Computer Processing & Data Preparation
5682,5682,CLDC,Miscellaneous Business Credit Institution
5683,5683,CMFN,Services-Employment Agencies
5684,5684,CNAC,Services-Medical Laboratories
5685,5685,DVCR,Services-Skilled Nursing Care Facilities
5686,5686,DYSL,"GLASS, GLASSWARE, PRESSED OR BLOWN"
5687,5687,HEB,"Biological Products, (No Diagnostic Substances)"
5688,5688,HIVE,FINANCE SERVICES
5689,5689,HLTH,LABORATORY ANALYTICAL INSTRUMENTS
5690,5690,IPIC,Retail-Eating & Drinking Places
5691,5691,MBTF,"Services-Business Services, NEC"
5692,5692,MPO,Crude Petroleum & Natural Gas
5693,5693,OASM,Pharmaceutical Preparations
5694,5694,PCMI,Retail-Catalog & Mail-Order Houses
5695,5695,PES,Drilling Oil & Gas Wells
5696,5696,SDLP,Drilling Oil & Gas Wells
5697,5697,TMK,Life Insurance
5698,5698,TST,Newspapers: Publishing or  Publishing & Printing
5699,5699,UBNT,Radio & Tv Broadcasting & Communications Equipment
5700,5700,UPL,Crude Petroleum & Natural Gas
5701,5701,VICL,"Biological Products, (No Diagnostic Substances)"
5702,5702,VISI,Services-Help Supply Services
5703,5703,WAGE,"Services-Business Services, NEC"
5704,5704,CHAP,Crude Petroleum & Natural Gas
5705,5705,PRVB,PHARMACEUTICAL PREPARATIONS
5706,5706,AQST,PHARMACEUTICAL PREPARATIONS
5707,5707,BE,ELECTRICAL INDUSTRIAL APPARATUS
5708,5708,BRY,CRUDE PETROLEUM &amp; NATURAL GAS
5709,5709,CANG,SERVICES-PREPACKAGED SOFTWARE
5710,5710,FOCS,INVESTMENT ADVICE
5711,5711,JG,"SERVICES-COMPUTER PROGRAMMING, DATA PROCESSING, ETC."
5712,5712,LQDA,PHARMACEUTICAL PREPARATIONS
5713,5713,PDD,"SERVICES-BUSINESS SERVICES, NEC"
5714,5714,TENB,SERVICES-PREPACKAGED SOFTWARE
5715,5715,ADIL,PHARMACEUTICAL PREPARATIONS
5716,5716,DAVA,SERVICES-COMPUTER PROGRAMMING SERVICES
5717,5717,NFC,Services-Hospitals
5718,5718,OPRA,SERVICES-PREPACKAGED SOFTWARE
5719,5719,WISA,"SERVICES-BUSINESS SERVICES, NEC"
5720,5720,GSAH,"Measuring & Controlling Devices, NEC"
5721,5721,CMLS,RADIO BROADCASTING STATIONS
5722,5722,CWK,REAL ESTATE
5723,5723,FNGO,"COMMERCIAL BANKS, NEC"
5724,5724,FNGZ,"Commercial Banks, NEC"
5725,5725,GNAF,"Commercial Banks, NEC"
5726,5726,SONO,HOUSEHOLD AUDIO &amp; VIDEO EQUIPMENT
5727,5727,ARLO,"SERVICES-DETECTIVE, GUARD &amp; ARMORED CAR SERVICES"
5728,5728,GLAC,Blank Checks
5729,5729,TBC,TELEPHONE COMMUNICATIONS (NO RADIO TELEPHONE)
5730,5730,VCNX,PHARMACEUTICAL PREPARATIONS
5731,5731,MESA,"AIR TRANSPORTATION, SCHEDULED"
5732,5732,ALGR,Blank Checks
5733,5733,ARDS,PHARMACEUTICAL PREPARATIONS
5734,5734,SIC,General Bldg Contractors - Residential Bldgs
5735,5735,PYPE,NATIONAL COMMERCIAL BANKS
5736,5736,PRS,LIFE INSURANCE
5737,5737,LTSK,"Security Brokers, Dealers & Flotation Companies"
5738,5738,TOTA,Pharmaceutical Preparations
5739,5739,BPR,Real Estate Investment Trusts
5740,5740,AMTB,NATIONAL COMMERCIAL BANKS
5741,5741,AMTBB,National Commercial Banks
5742,5742,KLXE,"OIL, GAS FIELD SERVICES, NBC"
5743,5743,SAF,Investment Offices / Funds
5744,5744,AAV,Crude Petroleum & Natural Gas
5745,5745,ABAC,Agricultural Prod-Livestock & Animal Specialties
5746,5746,ABCD,Miscellaneous Publishing
5747,5747,ABX,Investment Advice
5748,5748,ACET,PHARMACEUTICAL PREPARATIONS
5749,5749,ACXM,Services-Computer Processing & Data Preparation
5750,5750,AED,"Wholesale-Medical, Dental & Hospital Equipment & Supplies"
5751,5751,AET,Life Insurance
5752,5752,AETI,Natural Gas Distribution
5753,5753,AFSI,"Fire, Marine & Casualty Insurance"
5754,5754,AFSS,"Fire, Marine & Casualty Insurance"
5755,5755,AFST,"Fire, Marine & Casualty Insurance"
5756,5756,AHL,"Fire, Marine & Casualty Insurance"
5757,5757,AIPT,Services-Medical Laboratories
5758,5758,AKAO,Pharmaceutical Preparations
5759,5759,AKP,Investment Offices / Funds
5760,5760,ALN,"Canned, Frozen & Preservd Fruit, Veg & Food Specialties"
5761,5761,ALQA,Surgical & Medical Instruments & Apparatus
5762,5762,AMBR,Finance Services
5763,5763,AMCN,Services-Advertising Agencies
5764,5764,AMDA,Surgical & Medical Instruments & Apparatus
5765,5765,AMGP,Natural Gas Transmission
5766,5766,AMMA,Services-Computer Processing & Data Preparation
5767,5767,ANCB,"Savings Institutions, Not Federally Chartered"
5768,5768,ANCX,"Savings Institution, Federally Chartered"
5769,5769,ANDV,Petroleum Refining
5770,5770,ANDX,Pipe Lines (No Natural Gas)
5771,5771,ANW,Wholesale-Petroleum & Petroleum Products (No Bulk Stations)
5772,5772,AOI,Wholesale-Farm Product Raw Materials
5773,5773,APB,Mining & Quarrying of  Nonmetallic Minerals (No Fuels)
5774,5774,APF,"Security Brokers, Dealers & Flotation Companies"
5775,5775,APHB,"Biological Products, (No Diagnostic Substances)"
5776,5776,APRI,Pharmaceutical Preparations
5777,5777,APTI,Services-Prepackaged Software
5778,5778,ARCW,Miscellaneous Fabricated Metal Products
5779,5779,ARDM,Electromedical & Electrotherapeutic Apparatus
5780,5780,ARII,Railroad Equipment
5781,5781,ARRS,Radio & Tv Broadcasting & Communications Equipment
5782,5782,ARRY,MISCELLANEOUS MANUFACTURING INDUSTRIES
5783,5783,ASCMA,Services-Miscellaneous Business Services
5784,5784,ASNS,"COMMUNICATIONS EQUIPMENT, NEC"
5785,5785,AST,"Biological Products, (No Diagnostic Substances)"
5786,5786,ATHN,Electric Services
5787,5787,ATTU,Services-Prepackaged Software
5788,5788,AVHI,SERVICES-HEALTH SERVICES
5789,5789,BABY,Electromedical & Electrotherapeutic Apparatus
5790,5790,BALB,Unknown
5791,5791,BBOX,Computer Communications Equipment
5792,5792,BCAC,Blank Checks
5793,5793,BEL,Hotels & Motels
5794,5794,BFR,"Commercial Banks, NEC"
5795,5795,BHBK,State Commercial Banks
5796,5796,BJO,Unknown
5797,5797,BJZ,Investment Offices / Funds
5798,5798,BKHU,Electric & Other Services Combined
5799,5799,BLH,Investment Offices / Funds
5800,5800,BLMT,State Commercial Banks
5801,5801,BMS,Converted Paper & Paperboard Prods (No Contaners/Boxes)
5802,5802,BNCL,"Savings Institutions, Not Federally Chartered"
5803,5803,BOFI,"Savings Institution, Federally Chartered"
5804,5804,BOJA,Retail-Eating  Places
5805,5805,BORN,Malt Beverages
5806,5806,BPK,Investment Offices / Funds
5807,5807,BRS,"Air Transportation, Nonscheduled"
5808,5808,BRSS,Rolling Drawing & Extruding of  Nonferrous Metals
5809,5809,BSPM,Pharmaceutical Preparations
5810,5810,BSTI,Trucking & Courier Services (No Air)
5811,5811,BVX,Surgical & Medical Instruments & Apparatus
5812,5812,BXE,Crude Petroleum & Natural Gas
5813,5813,CADC,Construction - Special Trade Contractors
5814,5814,CALL,Telephone Communications (No Radiotelephone)
5815,5815,CASM,Surgical & Medical Instruments & Apparatus
5816,5816,CAW,"Perfumes, Cosmetics & Other Toilet Preparations"
5817,5817,CBA,Investment Offices / Funds
5818,5818,CBAK,"Miscellaneous Electrical Machinery, Equipment & Supplies"
5819,5819,CBK,State Commercial Banks
5820,5820,CCE,Bottled & Canned Soft Drinks & Carbonated Waters
5821,5821,CCT,"Airports, Flying Fields & Airport Terminal Services"
5822,5822,CDTI,Industrial & Commercial Fans & Blowers & Air Purifing Equip
5823,5823,CGG,Oil & Gas Field Exploration Services
5824,5824,CHFC,National Commercial Banks
5825,5825,CHKE,"Women's, Misses':  and Juniors Outerwear"
5826,5826,CIC,"Services-Equipment Rental & Leasing, NEC"
5827,5827,CLD,Beverages
5828,5828,CMTA,Pharmaceutical Preparations
5829,5829,COBZ,National Commercial Banks
5830,5830,COL,"Aircraft Parts & Auxiliary Equipment, NEC"
5831,5831,COOL,BLANK CHECKS
5832,5832,CORI,Pharmaceutical Preparations
5833,5833,CQH,Natural Gas Distribution
5834,5834,CTRL,Electronic Components & Accessories
5835,5835,CTRV,Pharmaceutical Preparations
5836,5836,CVG,Services-Computer Integrated Systems Design
5837,5837,CVON,Services-Prepackaged Software
5838,5838,CVRR,Petroleum Refining
5839,5839,CWAY,"Savings Institution, Federally Chartered"
5840,5840,CYTR,BIOLOGICAL PRODUCTS (NO DIAGNOSTIC SUBSTANCES)
5841,5841,CYTX,Surgical & Medical Instruments & Apparatus
5842,5842,DAG,State Commercial Banks
5843,5843,DATA,Services-Prepackaged Software
5844,5844,DCUD,Electric Services
5845,5845,DDE,Hotels & Motels
5846,5846,DDR,Real Estate Investment Trusts
5847,5847,DELT,Retail-Eating  Places
5848,5848,DFBG,Apparel & Other Finishd Prods of  Fabrics & Similar Matl
5849,5849,DHCP,Mortgage Bankers & Loan Correspondents
5850,5850,DM,"SPECIAL INDUSTRY MACHINERY, NEC"
5851,5851,DNB,"SERVICES-CONSUMER CREDIT REPORTING, COLLECTION AGENCIES"
5852,5852,DOD,Asset-Backed Securities
5853,5853,DOTA,"Retail-Retail Stores, NEC"
5854,5854,DSW,Retail-Variety Stores
5855,5855,DSXN,Deep Sea Foreign Transportation of  Freight
5856,5856,DTRM,Services-Prepackaged Software
5857,5857,DTV,Electric Services
5858,5858,DVMT,Electronic Computers
5859,5859,DWCH,Services-Prepackaged Software
5860,5860,DWDP,"Plastic Materials, Synth Resins & Nonvulcan Elastomers"
5861,5861,DYNC,Electric Services
5862,5862,EACQ,Finance Services
5863,5863,ECR,Crude Petroleum & Natural Gas
5864,5864,ECYT,Pharmaceutical Preparations
5865,5865,EDGW,"Services-Computer Programming, Data Processing, Etc."
5866,5866,EDR,SERVICES-AMUSEMENT &amp; RECREATION SERVICES
5867,5867,EEP,Pipe Lines (No Natural Gas)
5868,5868,EEQ,Crude Petroleum & Natural Gas
5869,5869,EFII,Computer Communications Equipment
5870,5870,EGC,Crude Petroleum & Natural Gas
5871,5871,EGL,Services-Engineering Services
5872,5872,EGLT,Pharmaceutical Preparations
5873,5873,EGN,Crude Petroleum & Natural Gas
5874,5874,EHIC,Services-Auto Rental & Leasing (No Drivers)
5875,5875,EIA,Investment Offices / Funds
5876,5876,EIO,Investment Offices / Funds
5877,5877,EIP,Investment Offices / Funds
5878,5878,EIV,Investment Offices / Funds
5879,5879,ELLI,Services-Prepackaged Software
5880,5880,EMI,Surgical & Medical Instruments & Apparatus
5881,5881,EMITF,Opeators of  Nonresidential Buildings
5882,5882,EMJ,Investment Offices / Funds
5883,5883,ENLK,Natural Gas Transmission
5884,5884,EOCC,Electric Services
5885,5885,EPE,Crude Petroleum & Natural Gas
5886,5886,EQGP,Natural Gas Transmission
5887,5887,ESES,"Oil & Gas Field Services, NEC"
5888,5888,ESIO,"Miscellaneous Electrical Machinery, Equipment & Supplies"
5889,5889,ESL,"Industrial Instruments For Measurement, Display, and Control"
5890,5890,ESNC,Electric Services
5891,5891,ESND,Wholesale-Paper & Paper Products
5892,5892,ESRX,Retail-Drug Stores and Proprietary Stores
5893,5893,ESV,Drilling Oil & Gas Wells
5894,5894,ETE,Natural Gas Transmission
5895,5895,ETP,Natural Gas Transmission
5896,5896,EVHC,"Services-General Medical & Surgical Hospitals, NEC"
5897,5897,EVJ,Investment Offices / Funds
5898,5898,EVLV,"COMPUTER PERIPHERAL EQUIPMENT, NEC"
5899,5899,EVO,PHARMACEUTICAL PREPARATIONS
5900,5900,EVP,Investment Offices / Funds
5901,5901,FBNK,"Savings Institutions, Not Federally Chartered"
5902,5902,FBR,Paper Mills
5903,5903,FCB,National Commercial Banks
5904,5904,FCE.A,Real Estate Investment Trusts
5905,5905,FDC,"Services-Business Services, NEC"
5906,5906,FLKS,Pharmaceutical Preparations
5907,5907,FOX,TELEVISION BROADCASTING STATIONS
5908,5908,FOXA,TELEVISION BROADCASTING STATIONS
5909,5909,FRSH,SERVICES-PREPACKAGED SOFTWARE
5910,5910,FSAC,Blank Checks
5911,5911,FSIC,Crude Petroleum & Natural Gas
5912,5912,FSNN,Services-Prepackaged Software
5913,5913,FTD,Retail-Nonstore Retailers
5914,5914,FWDI,Finance Services
5915,5915,GBNK,State Commercial Banks
5916,5916,GFA,General Bldg Contractors - Residential Bldgs
5917,5917,GG,Services-Miscellaneous Amusement & Recreation
5918,5918,GLF,Oil & Gas Field Machinery & Equipment
5919,5919,GNBC,National Commercial Banks
5920,5920,GOV,Real Estate
5921,5921,GOVNI,Real Estate
5922,5922,GPIC,"Games, Toys & Children's Vehicles (No Dolls & Bicycles)"
5923,5923,GSHT,Transportation Services
5924,5924,GSVC,Crude Petroleum & Natural Gas
5925,5925,GTXI,Pharmaceutical Preparations
5926,5926,GYB,Asset-Backed Securities
5927,5927,GZT,Real Estate
5928,5928,HBK,"Savings Institution, Federally Chartered"
5929,5929,HCAC,Blank Checks
5930,5930,HCLP,Mining & Quarrying of  Nonmetallic Minerals (No Fuels)
5931,5931,HDP,Services-Prepackaged Software
5932,5932,HFBC,State Commercial Banks
5933,5933,HIFR,Real Estate Investment Trusts
5934,5934,HK,Crude Petroleum & Natural Gas
5935,5935,HMNY,Services-Miscellaneous Business Services
5936,5936,HMTA,State Commercial Banks
5937,5937,HQCL,Semiconductors & Related Devices
5938,5938,HRS,"Search, Detection, Navigation, Guidance, Aeronautical Sys"
5939,5939,HTGX,Pharmaceutical Preparations
5940,5940,IAM,Retail-Eating & Drinking Places
5941,5941,IDTI,Semiconductors & Related Devices
5942,5942,IIJI,"Services-Computer Programming, Data Processing, Etc."
5943,5943,IMDZ,Pharmaceutical Preparations
5944,5944,IMMY,Pharmaceutical Preparations
5945,5945,IMPV,Services-Prepackaged Software
5946,5946,IMUC,PHARMACEUTICAL PREPARATIONS
5947,5947,INSY,Pharmaceutical Preparations
5948,5948,INTX,Services-Computer Processing & Data Preparation
5949,5949,IPAS,Services-Computer Processing & Data Preparation
5950,5950,IPCI,Pharmaceutical Preparations
5951,5951,ISF,Life Insurance
5952,5952,ITG,"Security Brokers, Dealers & Flotation Companies"
5953,5953,ITUS,Pharmaceutical Preparations
5954,5954,IVTY,Surgical & Medical Instruments & Apparatus
5955,5955,JHA,Investment Offices / Funds
5956,5956,JJAB,Unknown
5957,5957,JJGB,Unknown
5958,5958,JJSB,Unknown
5959,5959,JMBA,Retail-Eating & Drinking Places
5960,5960,JONE,Crude Petroleum & Natural Gas
5961,5961,JSYN,Semiconductors & Related Devices
5962,5962,JTPY,Blank Checks
5963,5963,KAAC,Natural Gas Transmission
5964,5964,KANG,Services-Offices & Clinics of  Doctors of  Medicine
5965,5965,KAP,Investment Offices / Funds
5966,5966,KCAP,Investment Offices / Funds
5967,5967,KERX,Pharmaceutical Preparations
5968,5968,KEYW,Services-Computer Integrated Systems Design
5969,5969,KLXEV,"Oil & Gas Field Services, NEC"
5970,5970,KLXI,Aircraft & Parts
5971,5971,KLXIV,Aircraft & Parts
5972,5972,KMG,Chemicals & Allied Products
5973,5973,KMM,Investment Offices / Funds
5974,5974,KMPA,"Fire, Marine & Casualty Insurance"
5975,5975,KONA,Retail-Eating  Places
5976,5976,KONE,Services-Computer Programming Services
5977,5977,KORS,Leather & Leather Products
5978,5978,KS,Paper Mills
5979,5979,KST,Investment Offices / Funds
5980,5980,KTWO,Blank Checks
5981,5981,LABL,Commercial Printing
5982,5982,LCA,BLANK CHECKS
5983,5983,LDF,Chemicals & Allied Products
5984,5984,LEVB,"Perfumes, Cosmetics & Other Toilet Preparations"
5985,5985,LEXEA,Retail-Nonstore Retailers
5986,5986,LGCY,Services-Educational Services
5987,5987,LHO,Real Estate Investment Trusts
5988,5988,LION,BLANK CHECKS
5989,5989,LKM,Services-Prepackaged Software
5990,5990,LLL,WHOLESALE-DURABLE GOODS
5991,5991,LOXO,Pharmaceutical Preparations
5992,5992,LPNT,"Services-General Medical & Surgical Hospitals, NEC"
5993,5993,LXFT,Services-Computer Programming Services
5994,5994,MAB,Investment Offices / Funds
5995,5995,MB,Retail-Eating  Places
5996,5996,MBFI,"Savings Institution, Federally Chartered"
5997,5997,MBNAA,National Commercial Banks
5998,5998,MBNAB,National Commercial Banks
5999,5999,MELR,State Commercial Banks
6000,6000,MFCB,Mineral Royalty Traders
6001,6001,MITL,Radio & Tv Broadcasting & Communications Equipment
6002,6002,MIW,Investment Offices / Funds
6003,6003,MMV,SERVICES-PREPACKAGED SOFTWARE
6004,6004,MNGA,"Special Industry Machinery, NEC"
6005,6005,MOC,"Services-Detective, Guard & Armored Car Services"
6006,6006,MPAC,BLANK CHECKS
6007,6007,MRT,Services-Auto Rental & Leasing (No Drivers)
6008,6008,MSF,"Security Brokers, Dealers & Flotation Companies"
6009,6009,MSP,Services-Prepackaged Software
6010,6010,MXWL,"Miscellaneous Electrical Machinery, Equipment & Supplies"
6011,6011,MYND,"Computer Peripheral Equipment, NEC"
6012,6012,MZOR,Surgical & Medical Instruments & Apparatus
6013,6013,NAO,Unknown
6014,6014,NAP,Deep Sea Foreign Transportation of  Freight
6015,6015,NAUH,SERVICES-EDUCATIONAL SERVICES
6016,6016,NAVG,"Plastics Products, NEC"
6017,6017,NBD,Investment Offices / Funds
6018,6018,NCOM,National Commercial Banks
6019,6019,NCS,Prefabricated Metal Buildings & Components
6020,6020,NDRO,Crude Petroleum & Natural Gas
6021,6021,NETS,Retail-Catalog & Mail-Order Houses
6022,6022,NFEC,"Wholesale-Drugs, Proprietaries & Druggists' Sundries"
6023,6023,NFX,Crude Petroleum & Natural Gas
6024,6024,NLST,SEMICONDUCTORS &amp; RELATED DEVICES
6025,6025,NSU,Gold and Silver Ores
6026,6026,NTRI,Retail-Catalog & Mail-Order Houses
6027,6027,NVMM,"Communications Equipment, NEC"
6028,6028,NWY,Retail-Women's Clothing Stores
6029,6029,NXEO,Wholesale-Chemicals & Allied Products
6030,6030,NXTM,Electromedical & Electrotherapeutic Apparatus
6031,6031,NYH,Investment Offices / Funds
6032,6032,NYLD,Electric Services
6033,6033,NYLD.A,Electric Services
6034,6034,NYRT,Real Estate Investment Trusts
6035,6035,OCLR,Semiconductors & Related Devices
6036,6036,OHGI,Telephone & Telegraph Apparatus
6037,6037,OHRP,Pharmaceutical Preparations
6038,6038,OLO,"SERVICES-BUSINESS SERVICES, NEC"
6039,6039,OMED,"ORTHOPEDIC, PROSTHETIC &amp; SURGICAL APPLIANCES &amp; SUPPLIES"
6040,6040,ONS,BLANK CHECKS
6041,6041,OPHT,Pharmaceutical Preparations
6042,6042,ORBK,"Industrial Instruments For Measurement, Display, and Control"
6043,6043,ORIG,Drilling Oil & Gas Wells
6044,6044,ORM,Real Estate Investment Trusts
6045,6045,ORPN,Pharmaceutical Preparations
6046,6046,OSIR,"Biological Products, (No Diagnostic Substances)"
6047,6047,OVAS,Pharmaceutical Preparations
6048,6048,P,Radio Broadcasting Stations
6049,6049,PAH,Miscellaneous Chemical Products
6050,6050,PBSK,"Savings Institution, Federally Chartered"
6051,6051,PDVW,Telephone Communications (No Radiotelephone)
6052,6052,PERY,"Men's & Boys' Furnishgs, Work Clothg, & Allied Garments"
6053,6053,PETX,Pharmaceutical Preparations
6054,6054,PF,Food and Kindred Products
6055,6055,PGLC,Gold and Silver Ores
6056,6056,PHH,"Soap, Detergents, Cleang Preparations, Perfumes, Cosmetics"
6057,6057,PHII,"Air Transportation, Nonscheduled"
6058,6058,PHIIK,"Air Transportation, Nonscheduled"
6059,6059,PKD,Drilling Oil & Gas Wells
6060,6060,PLLL,Mining & Quarrying of  Nonmetallic Minerals (No Fuels)
6061,6061,PNK,Hotels & Motels
6062,6062,PRAN,Pharmaceutical Preparations
6063,6063,PRSS,Retail-Miscellaneous Retail
6064,6064,PTIE,Pharmaceutical Preparations
6065,6065,PTX,Pharmaceutical Preparations
6066,6066,PX,INVESTMENT ADVICE
6067,6067,PYDS,"Functions Related To Depository Banking, NEC"
6068,6068,QSII,Services-Computer Integrated Systems Design
6069,6069,QTM,Computer Storage Devices
6070,6070,QTNA,Semiconductors & Related Devices
6071,6071,RDC,Drilling Oil & Gas Wells
6072,6072,REIS,"Services-Business Services, NEC"
6073,6073,REN,Crude Petroleum & Natural Gas
6074,6074,RENX,Refuse Systems
6075,6075,RGSE,Construction - Special Trade Contractors
6076,6076,RHT,Electronic Computers
6077,6077,RLJE,Services-Motion Picture & Video Tape Distribution
6078,6078,RLM,Pharmaceutical Preparations
6079,6079,RMGN,"Services-Business Services, NEC"
6080,6080,RNN,Pharmaceutical Preparations
6081,6081,RSYS,"Computer Peripheral Equipment, NEC"
6082,6082,RXII,Pharmaceutical Preparations
6083,6083,SBBC,Deep Sea Foreign Transportation of  Freight
6084,6084,SBOT,Pharmaceutical Preparations
6085,6085,SCAC,Blank Checks
6086,6086,SCG,Electric & Other Services Combined
6087,6087,SEII,SERVICES-COMPUTER INTEGRATED SYSTEMS DESIGN
6088,6088,SEND,Services-Prepackaged Software
6089,6089,SEP,Natural Gas Transmission
6090,6090,SFS,Retail-Grocery Stores
6091,6091,SGGB,Unknown
6092,6092,SGYP,Pharmaceutical Preparations
6093,6093,SGZA,"Fire, Marine & Casualty Insurance"
6094,6094,SHPG,Pharmaceutical Preparations
6095,6095,SIR,Real Estate Investment Trusts
6096,6096,SLD,Real Estate Investment Trusts
6097,6097,SLDA,Real Estate Investment Trusts
6098,6098,SLDD,Real Estate Investment Trusts
6099,6099,SLTB,Deep Sea Foreign Transportation of  Freight
6100,6100,SN,Household Appliances
6101,6101,SNHY,Miscellaneous Fabricated Metal Products
6102,6102,SNMX,Services-Commercial Physical & Biological Research
6103,6103,SODA,Household Appliances
6104,6104,SOFO,RADIO &amp; TV BROADCASTING &amp; COMMUNICATIONS EQUIPMENT
6105,6105,SONC,Retail-Eating  Places
6106,6106,SPA,Printed Circuit Boards
6107,6107,SRCLP,Hazardous Waste Management
6108,6108,SSC,Motor Vehicles & Passenger Car Bodies
6109,6109,SSLJ,"Security Brokers, Dealers & Flotation Companies"
6110,6110,SSWN,Deep Sea Foreign Transportation of  Freight
6111,6111,STBZ,State Commercial Banks
6112,6112,SVU,Wholesale-Groceries & Related Products
6113,6113,SXCP,"Steel Works, Blast Furnaces & Rolling Mills (Coke Ovens)"
6114,6114,SXE,Natural Gas Transmission
6115,6115,SYNT,Services-Computer Programming Services
6116,6116,TAHO,Gold and Silver Ores
6117,6117,TBRG,Services-Computer Programming Services
6118,6118,TCRX,BIOLOGICAL PRODUCTS (NO DIAGNOSTIC SUBSTANCES)
6119,6119,THST,Beverages
6120,6120,TI,"Communications Services, NEC"
6121,6121,TI.A,"Communications Services, NEC"
6122,6122,TIK,Electronic Components & Accessories
6123,6123,TIS,Paper Mills
6124,6124,TISA,"Computer Peripheral Equipment, NEC"
6125,6125,TLP,Pipe Lines (No Natural Gas)
6126,6126,TPIV,Pharmaceutical Preparations
6127,6127,TPNL,"Services-Business Services, NEC"
6128,6128,TRNC,Newspapers: Publishing or  Publishing & Printing
6129,6129,TSRO,Pharmaceutical Preparations
6130,6130,TVPT,Transportation Services
6131,6131,TWLV,BLANK CHECKS
6132,6132,UBSH,State Commercial Banks
6133,6133,UCBA,State Commercial Banks
6134,6134,UQM,"Electronic Components, NEC"
6135,6135,UWN,Services-Miscellaneous Amusement & Recreation
6136,6136,VEAC,Blank Checks
6137,6137,VLP,Pipe Lines (No Natural Gas)
6138,6138,VSAR,Pharmaceutical Preparations
6139,6139,VTL,Pharmaceutical Preparations
6140,6140,VTRB,Real Estate Investment Trusts
6141,6141,VVC,Gas & Other Services Combined
6142,6142,VXXB,"Commercial Banks, NEC"
6143,6143,VZA,Telephone Communications (No Radiotelephone)
6144,6144,WEB,Services-Prepackaged Software
6145,6145,WF,"COMMERCIAL BANKS, NEC"
6146,6146,WFT,Drilling Oil & Gas Wells
6147,6147,WGP,Natural Gas Transmission
6148,6148,WIN,Telephone Communications (No Radiotelephone)
6149,6149,WMIH,Finance Services
6150,6150,WMLP,Bituminous Coal & Lignite Surface Mining
6151,6151,WP,"Services-Business Services, NEC"
6152,6152,WRD,Services-Computer Integrated Systems Design
6153,6153,WSCI,Metalworkg Machinery & Equipment
6154,6154,WTW,INSURANCE AGENTS BROKERS &amp; SERVICES
6155,6155,XCRA,Instruments For Meas & Testing of  Electricity & Elec Signals
6156,6156,XGTI,"Communications Equipment, NEC"
6157,6157,XL,ELECTRIC SERVICES
6158,6158,XOXO,Retail-Nonstore Retailers
6159,6159,XRM,"Broadwoven Fabric Mills, Man Made Fiber & Silk"
6160,6160,XSPL,"Games, Toys & Children's Vehicles (No Dolls & Bicycles)"
6161,6161,YOGA,Services-Personal Services
6162,6162,ZOES,Retail-Eating  Places
6163,6163,AHPA,SERVICES-COMMERCIAL PHYSICAL &amp; BIOLOGICAL RESEARCH
6164,6164,BDD,State Commercial Banks
6165,6165,BJJN,Unknown
6166,6166,BOM,State Commercial Banks
6167,6167,CMSS,Retail-Auto Dealers & Gasoline Stations
6168,6168,COWB,Unknown
6169,6169,CZFC,"Savings Institutions, Not Federally Chartered"
6170,6170,FIEG,"Commercial Banks, NEC"
6171,6171,HUNT,Arrangement of  Transportation of  Freight & Cargo
6172,6172,HYAC,Blank Checks
6173,6173,INDU,Construction - Special Trade Contractors
6174,6174,IRDMB,"Communications Services, NEC"
6175,6175,JJCB,Unknown
6176,6176,JJMB,Unknown
6177,6177,JJPB,Unknown
6178,6178,JJTB,Unknown
6179,6179,MTEC,Services-Computer Processing & Data Preparation
6180,6180,SJIU,Natural Gas Distribution
6181,6181,SWIN,"Security Brokers, Dealers & Flotation Companies"
6182,6182,WMW,State Commercial Banks
6183,6183,BOS,State Commercial Banks
6184,6184,GSD,Wholesale-Groceries & Related Products
6185,6185,JJEB,Unknown
6186,6186,JJUB,Unknown
6187,6187,OMAD,Converted Paper & Paperboard Prods (No Contaners/Boxes)
6188,6188,SOHOK,Hotels & Motels
6189,6189,STLR,Services-Computer Processing & Data Preparation
6190,6190,SZO,State Commercial Banks
6191,6191,DYY,Commodity Contracts Brokers & Dealers
6192,6192,LEXEB,Retail-Nonstore Retailers
6193,6193,LTN,Blank Checks
6194,6194,BHAC,BLANK CHECKS
6195,6195,VXZB,"Commercial Banks, NEC"
6196,6196,GAZB,Asset-Backed Securities
6197,6197,PGMB,Unknown
6198,6198,AGF,State Commercial Banks
6199,6199,AIMCV,"General Industrial Machinery & Equipment, NEC"
6200,6200,ARCE,SERVICES-EDUCATIONAL SERVICES
6201,6201,ARVN,PHARMACEUTICAL PREPARATIONS
6202,6202,BHFAL,LIFE INSURANCE
6203,6203,BNGO,LABORATORY ANALYTICAL INSTRUMENTS
6204,6204,BSVN,STATE COMMERCIAL BANKS
6205,6205,CBMB,"Savings Institution, Federally Chartered"
6206,6206,CBNK,NATIONAL COMMERCIAL BANKS
6207,6207,CTK,Services-Computer Processing & Data Preparation
6208,6208,DUKB,ELECTRIC &amp; OTHER SERVICES COMBINED
6209,6209,EB,"SERVICES-COMPUTER PROGRAMMING, DATA PROCESSING, ETC."
6210,6210,EDNT,"Games, Toys & Children's Vehicles (No Dolls & Bicycles)"
6211,6211,ELAN,PHARMACEUTICAL PREPARATIONS
6212,6212,ETTX,Pharmaceutical Preparations
6213,6213,FMCI,Miscellaneous Food Preparations & Kindred Products
6214,6214,FTCH,"SERVICES-BUSINESS SERVICES, NEC"
6215,6215,FTDR,SERVICES-TO DWELLINGS &amp; OTHER BUILDINGS
6216,6216,GRTS,BIOLOGICAL PRODUCTS (NO DIAGNOSTIC SUBSTANCES)
6217,6217,GTX,MOTOR VEHICLE PARTS &amp; ACCESSORIES
6218,6218,HCXY,Pharmaceutical Preparations
6219,6219,IFFT,Industrial Organic Chemicals
6220,6220,LAIX,Services-Educational Services
6221,6221,NIO,MOTOR VEHICLES &amp; PASSENGER CAR BODIES
6222,6222,NMFX,"Insurance Agents, Brokers & Service"
6223,6223,PFFL,NATIONAL COMMERCIAL BANKS
6224,6224,PRNB,Pharmaceutical Preparations
6225,6225,QTT,"SERVICES-COMPUTER PROGRAMMING, DATA PROCESSING, ETC."
6226,6226,QVCD,RETAIL-CATALOG &amp; MAIL-ORDER HOUSES
6227,6227,RILYI,Investment Advice
6228,6228,RMED,SURGICAL &amp; MEDICAL INSTRUMENTS &amp; APPARATUS
6229,6229,STRO,BIOLOGICAL PRODUCTS (NO DIAGNOSTIC SUBSTANCES)
6230,6230,SVMK,"Services-Computer Programming, Data Processing, Etc."
6231,6231,TKKS,Services-Computer Processing & Data Preparation
6232,6232,UROV,Pharmaceutical Preparations
6233,6233,VIOT,HOUSEHOLD APPLIANCES
6234,6234,XYF,FINANCE SERVICES
6235,6235,YI,RETAIL-DRUG STORES AND PROPRIETARY STORES
6236,6236,YMAB,PHARMACEUTICAL PREPARATIONS
6237,6237,CMSC,ELECTRIC &amp; OTHER SERVICES COMBINED
6238,6238,MFAC,State Commercial Banks
6239,6239,PNRL,Silver Ores
6240,6240,KPFS,Retail-Eating  Places
6241,6241,DDP,Commodity Contracts Brokers & Dealers
6242,6242,ALLO,BIOLOGICAL PRODUCTS (NO DIAGNOSTIC SUBSTANCES)
6243,6243,AQNA,ELECTRIC SERVICES
6244,6244,AXNX,SURGICAL &amp; MEDICAL INSTRUMENTS &amp; APPARATUS
6245,6245,EDTX,BLANK CHECKS
6246,6246,EQ,PHARMACEUTICAL PREPARATIONS
6247,6247,ESTC,SERVICES-PREPACKAGED SOFTWARE
6248,6248,GH,SERVICES-MEDICAL LABORATORIES
6249,6249,GMDA,BIOLOGICAL PRODUCTS (NO DIAGNOSTIC SUBSTANCES)
6250,6250,KOD,BIOLOGICAL PRODUCTS (NO DIAGNOSTIC SUBSTANCES)
6251,6251,LOGC,BIOLOGICAL PRODUCTS (NO DIAGNOSTIC SUBSTANCES)
6252,6252,LTHM,CHEMICALS &amp; ALLIED PRODUCTS
6253,6253,MSC,HOTELS &amp; MOTELS
6254,6254,NIU,MOTOR VEHICLES &amp; PASSENGER CAR BODIES
6255,6255,OCCI,Financial Services
6256,6256,ORTX,BIOLOGICAL PRODUCTS (NO DIAGNOSTIC SUBSTANCES)
6257,6257,OSMT,Pharmaceutical Preparations
6258,6258,PHAS,PHARMACEUTICAL PREPARATIONS
6259,6259,PLAN,Services-Prepackaged Software
6260,6260,REZI,WHOLESALE-HARDWARE
6261,6261,RMI,Financial Services
6262,6262,SIBN,SURGICAL &amp; MEDICAL INSTRUMENTS &amp; APPARATUS
6263,6263,STNE,SERVICES-COMPUTER PROCESSING &amp; DATA PREPARATION
6264,6264,SWI,SERVICES-PREPACKAGED SOFTWARE
6265,6265,TCRW,"Communications Services, NEC"
6266,6266,TWST,BIOLOGICAL PRODUCTS (NO DIAGNOSTIC SUBSTANCES)
6267,6267,UPWK,SERVICES-COMPUTER PROCESSING &amp; DATA PREPARATION
6268,6268,YETI,"Sporting & Athletic Goods, NEC"
6269,6269,AADI,PHARMACEUTICAL PREPARATIONS
6270,6270,ACA,FABRICATED STRUCTURAL METAL PRODUCTS
6271,6271,ACGN,"Biological Products, (No Diagnostic Substances)"
6272,6272,ADEA,Cable & Other Pay Television Services
6273,6273,ALNT,Instruments For Meas & Testing of  Electricity & Elec Signals
6274,6274,ALYA,"SERVICES-COMPUTER PROGRAMMING, DATA PROCESSING, ETC."
6275,6275,ANTH,Pharmaceutical Preparations
6276,6276,ASAP,"Services-Business Services, NEC"
6277,6277,ASTI,SEMICONDUCTORS &amp; RELATED DEVICES
6278,6278,ATLX,Mining & Quarrying of  Nonmetallic Minerals (No Fuels)
6279,6279,AUID,SERVICES-PREPACKAGED SOFTWARE
6280,6280,AULT,Oil & Gas Field Machinery & Equipment
6281,6281,AVTX,PHARMACEUTICAL PREPARATIONS
6282,6282,BAL,"COMMERCIAL BANKS, NEC"
6283,6283,BALL,METAL CANS
6284,6284,BBIG,"GAMES, TOYS &amp; CHILDREN&#39;S VEHICLES (NO DOLLS &amp; BICYCLES)"
6285,6285,BDRX,Pharmaceutical Preparations
6286,6286,BFH,PERSONAL CREDIT INSTITUTIONS
6287,6287,BHRB,National Commercial Banks
6288,6288,BMTX,STATE COMMERCIAL BANKS
6289,6289,BN,Opeators of  Nonresidential Buildings
6290,6290,BPYU,Real Estate Investment Trusts
6291,6291,BRSP,REAL ESTATE INVESTMENT TRUSTS
6292,6292,BTBT,FINANCE SERVICES
6293,6293,BTCM,FINANCE SERVICES
6294,6294,BVFL,"SAVINGS INSTITUTION, FEDERALLY CHARTERED"
6295,6295,BYU,Wholesale-Metals & Minerals (No Petroleum)
6296,6296,CARM,Pharmaceutical Preparations
6297,6297,CBUS,Agricultural Chemicals
6298,6298,CCUR,Finance Services
6299,6299,CDP,SERVICES-COMPUTER PROCESSING &amp; DATA PREPARATION
6300,6300,CELZ,BIOLOGICAL PRODUCTS (NO DIAGNOSTIC SUBSTANCES)
6301,6301,CENN,MOTOR VEHICLES &amp; PASSENGER CAR BODIES
6302,6302,CETY,NATURAL GAS DISTRIBUTION
6303,6303,CHX,"CONSTRUCTION, MINING &amp; MATERIALS HANDLING MACHINERY &amp; EQUIP"
6304,6304,CLMB,Wholesale-Computers & Peripheral Equipment & Software
6305,6305,CNNB,"SAVINGS INSTITUTION, FEDERALLY CHARTERED"
6306,6306,CNVS,Services-Video Tape Rental
6307,6307,COGT,PHARMACEUTICAL PREPARATIONS
6308,6308,COSM,WHOLESALE-DRUGS PROPRIETARIES &amp; DRUGGISTS&#39; SUNDRIES
6309,6309,COW,"COMMERCIAL BANKS, NEC"
6310,6310,CRVO,Pharmaceutical Preparations
6311,6311,DINO,PIPE LINES (NO NATURAL GAS)
6312,6312,DNTH,Pharmaceutical Preparations
6313,6313,DSGR,"WHOLESALE-MACHINERY, EQUIPMENT &amp; SUPPLIES"
6314,6314,EG,"Fire, Marine & Casualty Insurance"
6315,6315,ELME,Real Estate Investment Trusts
6316,6316,ELV,HOSPITAL &amp; MEDICAL SERVICE PLANS
6317,6317,EQFN,"Savings Institution, Federally Chartered"
6318,6318,ERNA,Pharmaceutical Preparations
6319,6319,ESOA,"WATER, SEWER, PIPELINE, COMM AND POWER LINE CONSTRUCTION"
6320,6320,ETRN,NATURAL GAS TRANSMISSION
6321,6321,FBIN,"Millwood, Veneer, Plywood, & Structural Wood Members"
6322,6322,FCUV,"INDUSTRIAL INSTRUMENTS FOR MEASUREMENT, DISPLAY, AND CONTROL"
6323,6323,FRGT,ARRANGEMENT OF TRANSPORTATION OF FREIGHT &amp; CARGO
6324,6324,FTLF,MEDICINAL CHEMICALS &amp; BOTANICAL PRODUCTS
6325,6325,FWBI,PHARMACEUTICAL PREPARATIONS
6326,6326,GDYN,SERVICES-PREPACKAGED SOFTWARE
6327,6327,GEHI,"COMPUTER PERIPHERAL EQUIPMENT, NEC"
6328,6328,GHI,Finance Services
6329,6329,GMGI,SERVICES-PREPACKAGED SOFTWARE
6330,6330,GYRE,Pharmaceutical Preparations
6331,6331,HYMC,GOLD &amp; SILVER ORES
6332,6332,INLX,SERVICES-PREPACKAGED SOFTWARE
6333,6333,ITCL,"Commercial Banks, NEC"
6334,6334,JJA,"COMMERCIAL BANKS, NEC"
6335,6335,JJC,"COMMERCIAL BANKS, NEC"
6336,6336,JJG,"COMMERCIAL BANKS, NEC"
6337,6337,JJM,"COMMERCIAL BANKS, NEC"
6338,6338,JJS,"COMMERCIAL BANKS, NEC"
6339,6339,JMSB,STATE COMMERCIAL BANKS
6340,6340,JO,"COMMERCIAL BANKS, NEC"
6341,6341,JXJT,Wholesale-Durable Goods
6342,6342,KA,Pharmaceutical Preparations
6343,6343,KNTK,NATURAL GAS TRANSMISSION
6344,6344,KPRX,PHARMACEUTICAL PREPARATIONS
6345,6345,LFIN,Services-Computer Processing & Data Preparation
6346,6346,LGMK,"ORTHOPEDIC, PROSTHETIC &amp; SURGICAL APPLIANCES &amp; SUPPLIES"
6347,6347,LRFC,Investment Offices / Funds
6348,6348,LSEA,OPERATIVE BUILDERS
6349,6349,LSTA,PHARMACEUTICAL PREPARATIONS
6350,6350,MATV,PAPER MILLS
6351,6351,META,"SERVICES-COMPUTER PROGRAMMING, DATA PROCESSING, ETC."
6352,6352,MFIC,Electric Housewares & Fans
6353,6353,MINM,TELEPHONE &amp; TELEGRAPH APPARATUS
6354,6354,MNTV,"SERVICES-COMPUTER PROGRAMMING, DATA PROCESSING, ETC."
6355,6355,MULN,MOTOR VEHICLES &amp; PASSENGER CAR BODIES
6356,6356,NAAS,"RETAIL-RETAIL STORES, NEC"
6357,6357,NGNE,Pharmaceutical Preparations
6358,6358,NIC,NATIONAL COMMERCIAL BANKS
6359,6359,NISN,MISCELLANEOUS FABRICATED METAL PRODUCTS
6360,6360,NKLA,MOTOR VEHICLES &amp; PASSENGER CAR BODIES
6361,6361,NTBL,Pharmaceutical Preparations
6362,6362,NTRB,"ORTHOPEDIC, PROSTHETIC &amp; SURGICAL APPLIANCES &amp; SUPPLIES"
6363,6363,NXG,Financial Services
6364,6364,OBK,State Commercial Banks
6365,6365,OIG,"WHOLESALE-ELECTRONIC PARTS &amp; EQUIPMENT, NEC"
6366,6366,OPXS,OPTICAL INSTRUMENTS &amp; LENSES
6367,6367,PARA,TELEVISION BROADCASTING STATIONS
6368,6368,PARAA,TELEVISION BROADCASTING STATIONS
6369,6369,PFX,Financial Services
6370,6370,PHXM,"Biological Products, (No Diagnostic Substances)"
6371,6371,PR,CRUDE PETROLEUM &amp; NATURAL GAS
6372,6372,PRKR,RADIO &amp; TV BROADCASTING &amp; COMMUNICATIONS EQUIPMENT
6373,6373,PROP,Crude Petroleum & Natural Gas
6374,6374,PRSO,SEMICONDUCTORS &amp; RELATED DEVICES
6375,6375,QNRX,PHARMACEUTICAL PREPARATIONS
6376,6376,REVB,PHARMACEUTICAL PREPARATIONS
6377,6377,RITM,REAL ESTATE INVESTMENT TRUSTS
6378,6378,RVTY,Laboratory Analytical Instruments
6379,6379,RVYL,Services-Management Consulting Services
6380,6380,SABA,Newspapers: Publishing or  Publishing & Printing
6381,6381,SBFM,PHARMACEUTICAL PREPARATIONS
6382,6382,SGG,"COMMERCIAL BANKS, NEC"
6383,6383,SIGM,Semiconductors & Related Devices
6384,6384,SILO,PHARMACEUTICAL PREPARATIONS
6385,6385,SING,RETAIL-NONSTORE RETAILERS
6386,6386,SIRE,"MINING, QUARRYING OF NONMETALLIC MINERALS (NO FUELS)"
6387,6387,SMLR,ELECTROMEDICAL &amp; ELECTROTHERAPEUTIC APPARATUS
6388,6388,STEL,National Commercial Banks
6389,6389,STEW,Financial Services
6390,6390,STLY,REAL ESTATE INVESTMENT TRUSTS
6391,6391,STR,CRUDE PETROLEUM &amp; NATURAL GAS
6392,6392,TPCS,FABRICATED STRUCTURAL METAL PRODUCTS
6393,6393,TRAK,Services-Computer Processing & Data Preparation
6394,6394,UPBD,"Services-Equipment Rental & Leasing, NEC"
6395,6395,VRE,REAL ESTATE INVESTMENT TRUSTS
6396,6396,VRT,"ELECTRONIC COMPONENTS, NEC"
6397,6397,VYNE,PHARMACEUTICAL PREPARATIONS
6398,6398,WKC,Wholesale-Petroleum & Petroleum Products (No Bulk Stations)
6399,6399,WLY,BOOKS: PUBLISHING OR PUBLISHING AND PRINTING
6400,6400,WLYB,BOOKS: PUBLISHING OR PUBLISHING AND PRINTING
6401,6401,WT,"Security Brokers, Dealers & Flotation Companies"
6402,6402,XWEL,Services-Personal Services
6403,6403,ZEPP,ELECTRONIC COMPUTERS
6404,6404,ALBT,Services-Computer Programming Services
6405,6405,AVDX,SERVICES-PREPACKAGED SOFTWARE
6406,6406,BCAL,National Commercial Banks
6407,6407,BETS,Retail-Eating  Places
6408,6408,CCC,Services-Prepackaged Software
6409,6409,CHR,Services-Computer Processing & Data Preparation
6410,6410,CZFS,STATE COMMERCIAL BANKS
6411,6411,ENSC,PHARMACEUTICAL PREPARATIONS
6412,6412,JJE,"COMMERCIAL BANKS, NEC"
6413,6413,JJU,"COMMERCIAL BANKS, NEC"
6414,6414,LOAC,Blank Checks
6415,6415,LTRY,SERVICES-PREPACKAGED SOFTWARE
6416,6416,NFH,Services-Hospitals
6417,6417,PAE,"Services-Engineering, Accounting, Research, Management"
6418,6418,VIVK,REFUSE SYSTEMS
6419,6419,VLDR,"GENERAL INDUSTRIAL MACHINERY &amp; EQUIPMENT, NEC"
6420,6420,TZAC,Pharmaceutical Preparations
6421,6421,GRSH,"Services-Engineering, Accounting, Research, Management"
6422,6422,GRAF,Blank Checks
6423,6423,CTAC,Blank Checks
6424,6424,AGE,PHARMACEUTICAL PREPARATIONS
6425,6425,ALAC,Construction - Special Trade Contractors
6426,6426,BCSF,Services-Advertising
6427,6427,CNF,FINANCE SERVICES
6428,6428,ETON,PHARMACEUTICAL PREPARATIONS
6429,6429,GLADD,"Lessors of  Real Property, NEC"
6430,6430,JJP,"COMMERCIAL BANKS, NEC"
6431,6431,JJT,"COMMERCIAL BANKS, NEC"
6432,6432,MDRR,REAL ESTATE INVESTMENT TRUSTS
6433,6433,PGM,"COMMERCIAL BANKS, NEC"
6434,6434,SMSH,Retail-Eating & Drinking Places
6435,6435,TC,"SERVICES-BUSINESS SERVICES, NEC"
6436,6436,TLC,Pharmaceutical Preparations
6437,6437,TLSA,PHARMACEUTICAL PREPARATIONS
6438,6438,VAPO,SURGICAL &amp; MEDICAL INSTRUMENTS &amp; APPARATUS
6439,6439,WEI,Finance Services
6440,6440,JJN,"COMMERCIAL BANKS, NEC"
6441,6441,SMHB,NATIONAL COMMERCIAL BANKS
6442,6442,CCH,Miscellaneous Food Preparations & Kindred Products
6443,6443,SG,RETAIL-EATING PLACES
6444,6444,ARYA,Laboratory Analytical Instruments
6445,6445,APM,"MEASURING &amp; CONTROLLING DEVICES, NEC"
6446,6446,DDMX,Blank Checks
6447,6447,ESGRO,"FIRE, MARINE &amp; CASUALTY INSURANCE"
6448,6448,FLF,Life Insurance
6449,6449,JHAA,Investment Offices / Funds
6450,6450,LEGH,MOBILE HOMES
6451,6451,MOGU,"SERVICES-BUSINESS SERVICES, NEC"
6452,6452,MRNA,BIOLOGICAL PRODUCTS (NO DIAGNOSTIC SUBSTANCES)
6453,6453,NMCI,Deep Sea Foreign Transportation of  Freight
6454,6454,PACD,Drilling Oil & Gas Wells
6455,6455,PBC,Unknown
6456,6456,PHCF,INVESTMENT ADVICE
6457,6457,QFIN,FINANCE SERVICES
6458,6458,TBLT,"CUTLERY, HANDTOOLS &amp; GENERAL HARDWARE"
6459,6459,THOR,Pharmaceutical Preparations
6460,6460,TME,RADIO BROADCASTING STATIONS
6461,6461,AMCI,INDUSTRIAL ORGANIC CHEMICALS
6462,6462,BCOW,"SAVINGS INSTITUTIONS, NOT FEDERALLY CHARTERED"
6463,6463,CFXA,"Orthopedic, Prosthetic & Surgical Appliances & Supplies"
6464,6464,FTAC,Blank Checks
6465,6465,LKCO,SERVICES-COMPUTER PROGRAMMING SERVICES
6466,6466,MDJH,REAL ESTATE AGENTS &amp; MANAGERS (FOR OTHERS)
6467,6467,MTC,SERVICES-PREPACKAGED SOFTWARE
6468,6468,NFE,NATURAL GAS DISTRIBUTION
6469,6469,NRGX,Investment Offices / Funds
6470,6470,RBKB,"SAVINGS INSTITUTIONS, NOT FEDERALLY CHARTERED"
6471,6471,SXTC,PHARMACEUTICAL PREPARATIONS
6472,6472,SAMA,BLANK CHECKS
6473,6473,BWMC,Services-Management Consulting Services
6474,6474,CFFA,Flat Glass
6475,6475,ALEC,BIOLOGICAL PRODUCTS (NO DIAGNOSTIC SUBSTANCES)
6476,6476,ANCN,Pharmaceutical Preparations
6477,6477,CMSD,ELECTRIC &amp; OTHER SERVICES COMBINED
6478,6478,CTRM,DEEP SEA FOREIGN TRANSPORTATION OF FREIGHT
6479,6479,CTST,Medicinal Chemicals & Botanical Products
6480,6480,CVET,RETAIL-DRUG STORES AND PROPRIETARY STORES
6481,6481,GOSS,PHARMACEUTICAL PREPARATIONS
6482,6482,HARP,BIOLOGICAL PRODUCTS (NO DIAGNOSTIC SUBSTANCES)
6483,6483,HGLB,Commodity Contracts Brokers & Dealers
6484,6484,HOTH,PHARMACEUTICAL PREPARATIONS
6485,6485,IMAC,"Services-Specialty Outpatient Facilities, NEC"
6486,6486,INMB,BIOLOGICAL PRODUCTS (NO DIAGNOSTIC SUBSTANCES)
6487,6487,KLDO,BIOLOGICAL PRODUCTS (NO DIAGNOSTIC SUBSTANCES)
6488,6488,MITO,PHARMACEUTICAL PREPARATIONS
6489,6489,MNCL,"Wholesale-Machinery, Equipment & Supplies"
6490,6490,SLGG,SERVICES-COMPUTER INTEGRATED SYSTEMS DESIGN
6491,6491,SOLY,Surgical & Medical Instruments & Apparatus
6492,6492,TCRR,BIOLOGICAL PRODUCTS (NO DIAGNOSTIC SUBSTANCES)
6493,6493,ITMR,Surgical & Medical Instruments & Apparatus
6494,6494,AFGB,"FIRE, MARINE &amp; CASUALTY INSURANCE"
6495,6495,ANDA,Food and Kindred Products
6496,6496,CYCNV,Pharmaceutical Preparations
6497,6497,DSSI,Deep Sea Foreign Transportation of  Freight
6498,6498,DTIL,BIOLOGICAL PRODUCTS (NO DIAGNOSTIC SUBSTANCES)
6499,6499,FHL,"Security Brokers, Dealers & Flotation Companies"
6500,6500,GMHI,Motor Vehicle Parts & Accessories
6501,6501,GNFT,BIOLOGICAL PRODUCTS (NO DIAGNOSTIC SUBSTANCES)
6502,6502,HHHH,Services-Computer Processing & Data Preparation
6503,6503,LEVI,APPAREL &amp; OTHER FINISHED PRODS OF FABRICS &amp; SIMILAR MATERIAL
6504,6504,LYFT,"SERVICES-BUSINESS SERVICES, NEC"
6505,6505,MGR,INVESTMENT ADVICE
6506,6506,OSW,SERVICES-MEMBERSHIP SPORTS &amp; RECREATION CLUBS
6507,6507,PUYI,INVESTMENT ADVICE
6508,6508,RMG,Motor Vehicle Parts & Accessories
6509,6509,SWAV,SURGICAL &amp; MEDICAL INSTRUMENTS &amp; APPARATUS
6510,6510,TEAF,Investment Offices / Funds
6511,6511,THCB,"Miscellaneous Electrical Machinery, Equipment & Supplies"
6512,6512,TIGR,"SECURITY BROKERS, DEALERS &amp; FLOTATION COMPANIES"
6513,6513,TRWH,Hotels & Motels
6514,6514,PVT,"Services-Computer Programming, Data Processing, Etc."
6515,6515,JAMF,SERVICES-PREPACKAGED SOFTWARE
6516,6516,CHAC,Blank Checks
6517,6517,ALC,OPHTHALMIC GOODS
6518,6518,BWAY,SURGICAL &amp; MEDICAL INSTRUMENTS &amp; APPARATUS
6519,6519,CRSA,Services-Computer Processing & Data Preparation
6520,6520,CYCN,PHARMACEUTICAL PREPARATIONS
6521,6521,DOW,"PLASTICS, MATERIALS, SYNTH RESINS &amp; NONVULCAN ELASTOMERS"
6522,6522,GHSI,PHARMACEUTICAL PREPARATIONS
6523,6523,GNLN,"WHOLESALE-DURABLE GOODS, NEC"
6524,6524,HOOK,PHARMACEUTICAL PREPARATIONS
6525,6525,JMIA,RETAIL-CATALOG &amp; MAIL-ORDER HOUSES
6526,6526,MNRL,CRUDE PETROLEUM &amp; NATURAL GAS
6527,6527,MREO,PHARMACEUTICAL PREPARATIONS
6528,6528,NGM,PHARMACEUTICAL PREPARATIONS
6529,6529,NRGZ,"Commercial Banks, NEC"
6530,6530,PBTS,SERVICES-COMPUTER PROGRAMMING SERVICES
6531,6531,PD,SERVICES-PREPACKAGED SOFTWARE
6532,6532,PINS,"SERVICES-COMPUTER PROGRAMMING, DATA PROCESSING, ETC."
6533,6533,PLMR,"FIRE, MARINE &amp; CASUALTY INSURANCE"
6534,6534,RPLA,Blank Checks
6535,6535,RUHN,Retail-Catalog & Mail-Order Houses
6536,6536,SILK,SURGICAL &amp; MEDICAL INSTRUMENTS &amp; APPARATUS
6537,6537,TPTX,Pharmaceutical Preparations
6538,6538,TUFN,Services-Computer Integrated Systems Design
6539,6539,TW,"SECURITY &amp; COMMODITY BROKERS, DEALERS, EXCHANGES &amp; SERVICES"
6540,6540,WAFU,SERVICES-EDUCATIONAL SERVICES
6541,6541,WTRU,Water Supply
6542,6542,YGRN,"Commercial Banks, NEC"
6543,6543,ZM,"SERVICES-COMPUTER PROGRAMMING, DATA PROCESSING, ETC."
6544,6544,BNKO,"Commercial Banks, NEC"
6545,6545,PPHI,"Fire, Marine & Casualty Insurance"
6546,6546,DPHC,Motor Vehicles & Passenger Car Bodies
6547,6547,ACAM,BLANK CHECKS
6548,6548,AITB,Surgical & Medical Instruments & Apparatus
6549,6549,ATIF,SERVICES-MANAGEMENT CONSULTING SERVICES
6550,6550,AXLA,BIOLOGICAL PRODUCTS (NO DIAGNOSTIC SUBSTANCES)
6551,6551,BYND,FOOD &amp; KINDRED PRODUCTS
6552,6552,CRTX,"Biological Products, (No Diagnostic Substances)"
6553,6553,HHR,SERVICES-HELP SUPPLY SERVICES
6554,6554,JFIN,FINANCE SERVICES
6555,6555,MEC,METAL FORGING &amp; STAMPINGS
6556,6556,MIST,PHARMACEUTICAL PREPARATIONS
6557,6557,NRGO,"Commercial Banks, NEC"
6558,6558,NRUC,MISCELLANEOUS BUSINESS CREDIT INSTITUTION
6559,6559,NXTC,PHARMACEUTICAL PREPARATIONS
6560,6560,PSN,SERVICES-COMPUTER INTEGRATED SYSTEMS DESIGN
6561,6561,RRBI,STATE COMMERCIAL BANKS
6562,6562,SCPL,SERVICES-COMPUTER PROCESSING &amp; DATA PREPARATION
6563,6563,SONM,TELEPHONE &amp; TELEGRAPH APPARATUS
6564,6564,SPFI,STATE COMMERCIAL BANKS
6565,6565,SY,SERVICES-COMPUTER PROCESSING &amp; DATA PREPARATION
6566,6566,TMDX,ELECTROMEDICAL &amp; ELECTROTHERAPEUTIC APPARATUS
6567,6567,TRVI,PHARMACEUTICAL PREPARATIONS
6568,6568,UBER,"SERVICES-BUSINESS SERVICES, NEC"
6569,6569,YJ,"RETAIL-RETAIL STORES, NEC"
6570,6570,BNKZ,"Commercial Banks, NEC"
6571,6571,KNAB,"Commercial Banks, NEC"
6572,6572,APLT,PHARMACEUTICAL PREPARATIONS
6573,6573,AVTR,LABORATORY ANALYTICAL INSTRUMENTS
6574,6574,FSLY,SERVICES-PREPACKAGED SOFTWARE
6575,6575,JFK,Blank Checks
6576,6576,LK,Retail-Eating & Drinking Places
6577,6577,PSTL,REAL ESTATE INVESTMENT TRUSTS
6578,6578,XYN,Pharmaceutical Preparations
6579,6579,YGTY,"Security Brokers, Dealers & Flotation Companies"
6580,6580,SHLL,Truck & Bus Bodies
6581,6581,ACTT,Sugar & Confectionery Products
6582,6582,BCYC,PHARMACEUTICAL PREPARATIONS
6583,6583,IDYA,PHARMACEUTICAL PREPARATIONS
6584,6584,KTB,"MEN&#39;S &amp; BOYS&#39; FURNISHINGS, WORK CLOTHING, AND ALLIED GARMENTS"
6585,6585,RTLR,NATURAL GAS TRANSMISSION
6586,6586,TRNE,"Special Industry Machinery, NEC"
6587,6587,AQNB,ELECTRIC SERVICES
6588,6588,CTVA,AGRICULTURE PRODUCTION - CROPS
6589,6589,FINS,Real Estate
6590,6590,LTSH,"SECURITY BROKERS, DEALERS &amp; FLOTATION COMPANIES"
6591,6591,BRPM,Services-Miscellaneous Amusement & Recreation
6592,6592,RVLV,RETAIL-CATALOG &amp; MAIL-ORDER HOUSES
6593,6593,INSU,Retail-Auto Dealers & Gasoline Stations
6594,6594,ALPP,"COMMUNICATIONS EQUIPMENT, NEC"
6595,6595,AMCR,MISCELLANEOUS MANUFACTURING INDUSTRIES
6596,6596,ATCX,SERVICES-MANAGEMENT CONSULTING SERVICES
6597,6597,ATER,ELECTRIC HOUSEWARES &amp; FANS
6598,6598,BACK,"SERVICES-SPECIALTY OUTPATIENT FACILITIES, NEC"
6599,6599,BALY,HOTELS &amp; MOTELS
6600,6600,CAPD,"COMMERCIAL BANKS, NEC"
6601,6601,CCIF,Real Estate Investment Trusts
6602,6602,CIH,SERVICES-COMPUTER PROCESSING &amp; DATA PREPARATION
6603,6603,CMMB,PHARMACEUTICAL PREPARATIONS
6604,6604,CRWD,SERVICES-PREPACKAGED SOFTWARE
6605,6605,EQOS,FINANCE SERVICES
6606,6606,FNGR,SERVICES-PREPACKAGED SOFTWARE
6607,6607,FUTU,"SECURITY BROKERS, DEALERS &amp; FLOTATION COMPANIES"
6608,6608,FVRR,"SERVICES-BUSINESS SERVICES, NEC"
6609,6609,HYLN,TRUCK &amp; BUS BODIES
6610,6610,KULR,ELECTRONIC COMPONENTS &amp; ACCESSORIES
6611,6611,MIGI,FINANCE SERVICES
6612,6612,MVST,"MISCELLANEOUS ELECTRICAL MACHINERY, EQUIPMENT &amp; SUPPLIES"
6613,6613,NCRA,AGRICULTURE PRODUCTION - LIVESTOCK &amp; ANIMAL SPECIALTIES
6614,6614,PDX,Life Insurance
6615,6615,SJ,SERVICES-COMPUTER PROCESSING &amp; DATA PREPARATION
6616,6616,SLE,Services-Computer Integrated Systems Design
6617,6617,SRGA,"ORTHOPEDIC, PROSTHETIC &amp; SURGICAL APPLIANCES &amp; SUPPLIES"
6618,6618,UTZ,MISCELLANEOUS FOOD PREPARATIONS &amp; KINDRED PRODUCTS
6619,6619,CHWY,RETAIL-CATALOG &amp; MAIL-ORDER HOUSES
6620,6620,MWK,Electric Housewares & Fans
6621,6621,IAA,RETAIL-AUTO DEALERS &amp; GASOLINE STATIONS
6622,6622,STOK,PHARMACEUTICAL PREPARATIONS
6623,6623,AKRO,PHARMACEUTICAL PREPARATIONS
6624,6624,BCEL,PHARMACEUTICAL PREPARATIONS
6625,6625,GO,RETAIL-GROCERY STORES
6626,6626,PRVL,"Biological Products, (No Diagnostic Substances)"
6627,6627,PSNL,SERVICES-MEDICAL LABORATORIES
6628,6628,WORK,Services-Prepackaged Software
6629,6629,HSAC,"Biological Products, (No Diagnostic Substances)"
6630,6630,PAAC,Blank Checks
6631,6631,BSTZ,Financial Services
6632,6632,CMBM,RADIO &amp; TV BROADCASTING &amp; COMMUNICATIONS EQUIPMENT
6633,6633,LINX,Services-Prepackaged Software
6634,6634,ADPT,BIOLOGICAL PRODUCTS (NO DIAGNOSTIC SUBSTANCES)
6635,6635,BBIO,PHARMACEUTICAL PREPARATIONS
6636,6636,CHNG,SERVICES-COMPUTER PROCESSING &amp; DATA PREPARATION
6637,6637,MORF,PHARMACEUTICAL PREPARATIONS
6638,6638,KRTX,PHARMACEUTICAL PREPARATIONS
6639,6639,REAL,RETAIL-MISCELLANEOUS RETAIL
6640,6640,SCCB,REAL ESTATE INVESTMENT TRUSTS
6641,6641,DCUE,Electric Services
6642,6642,SREA,GAS &amp; OTHER SERVICES COMBINED
6643,6643,RMBI,STATE COMMERCIAL BANKS
6644,6644,GIX,Blank Checks
6645,6645,AFYA,SERVICES-EDUCATIONAL SERVICES
6646,6646,AMK,INVESTMENT ADVICE
6647,6647,DOYU,"SERVICES-COMPUTER PROGRAMMING, DATA PROCESSING, ETC."
6648,6648,FSEA,"SAVINGS INSTITUTION, FEDERALLY CHARTERED"
6649,6649,FULC,PHARMACEUTICAL PREPARATIONS
6650,6650,IHRT,RADIO BROADCASTING STATIONS
6651,6651,MDLA,"Services-Computer Programming, Data Processing, Etc."
6652,6652,MIRM,PHARMACEUTICAL PREPARATIONS
6653,6653,ORCC,Investment Advice
6654,6654,PBFS,"SAVINGS INSTITUTIONS, NOT FEDERALLY CHARTERED"
6655,6655,PHR,"SERVICES-BUSINESS SERVICES, NEC"
6656,6656,DEAC,Services-Miscellaneous Amusement & Recreation
6657,6657,BHAT,WHOLESALE-CHEMICALS &amp; ALLIED PRODUCTS
6658,6658,CCX,Services-Prepackaged Software
6659,6659,CSTL,SERVICES-MEDICAL LABORATORIES
6660,6660,EIC,Services-Prepackaged Software
6661,6661,HCAT,"SERVICES-COMPUTER PROGRAMMING, DATA PROCESSING, ETC."
6662,6662,LVGO,"Services-Computer Programming, Data Processing, Etc."
6663,6663,NOVA,ELECTRIC &amp; OTHER SERVICES COMBINED
6664,6664,PROS,"Fire, Marine & Casualty Insurance"
6665,6665,RCB,REAL ESTATE INVESTMENT TRUSTS
6666,6666,RMM,Financial Services
6667,6667,VIST,CRUDE PETROLEUM &amp; NATURAL GAS
6668,6668,WSG,Services-Amusement & Recreation Services
6669,6669,AGBA,INVESTMENT ADVICE
6670,6670,DT,SERVICES-PREPACKAGED SOFTWARE
6671,6671,HKIB,Finance Services
6672,6672,KRUS,RETAIL-EATING PLACES
6673,6673,SNDL,MEDICINAL CHEMICALS &amp; BOTANICAL PRODUCTS
6674,6674,THCA,BLANK CHECKS
6675,6675,SMMC,Services-Computer Programming Services
6676,6676,GXGX,Pharmaceutical Preparations
6677,6677,INMD,ELECTROMEDICAL &amp; ELECTROTHERAPEUTIC APPARATUS
6678,6678,VERY,LIFE INSURANCE
6679,6679,WTREP,"Fire, Marine & Casualty Insurance"
6680,6680,CFB,STATE COMMERCIAL BANKS
6681,6681,JFU,FINANCE SERVICES
6682,6682,NFIN,Services-Computer Processing & Data Preparation
6683,6683,PLIN,Finance Services
6684,6684,MBINO,STATE COMMERCIAL BANKS
6685,6685,PIC,Electric Services
6686,6686,SCPE,Blank Checks
6687,6687,OAC,Services-Offices & Clinics of  Doctors of  Medicine
6688,6688,CPAA,BLANK CHECKS
6689,6689,GRN,"COMMERCIAL BANKS, NEC"
6690,6690,NET,SERVICES-PREPACKAGED SOFTWARE
6691,6691,SDC,DENTAL EQUIPMENT &amp; SUPPLIES
6692,6692,SONG,Services-Amusement & Recreation Services
6693,6693,STSA,PHARMACEUTICAL PREPARATIONS
6694,6694,SWTX,BIOLOGICAL PRODUCTS (NO DIAGNOSTIC SUBSTANCES)
6695,6695,TXG,LABORATORY ANALYTICAL INSTRUMENTS
6696,6696,SBE,"Miscellaneous Electrical Machinery, Equipment & Supplies"
6697,6697,CRNCV,Services-Prepackaged Software
6698,6698,DDOG,SERVICES-PREPACKAGED SOFTWARE
6699,6699,IGMS,PHARMACEUTICAL PREPARATIONS
6700,6700,NMCO,Financial Services
6701,6701,NVST,DENTAL EQUIPMENT &amp; SUPPLIES
6702,6702,SJIJ,NATURAL GAS DISTRIBUTION
6703,6703,XGN,SERVICES-MEDICAL LABORATORIES
6704,6704,PING,SERVICES-PREPACKAGED SOFTWARE
6705,6705,JMPE,"Security Brokers, Dealers & Flotation Companies"
6706,6706,OPRT,FINANCE SERVICES
6707,6707,PTON,"Sporting & Athletic Goods, NEC"
6708,6708,APRE,PHARMACEUTICAL PREPARATIONS
6709,6709,CRNC,SERVICES-PREPACKAGED SOFTWARE
6710,6710,FREQ,PHARMACEUTICAL PREPARATIONS
6711,6711,PNNTG,"Services-Business Services, NEC"
6712,6712,PNTG,SERVICES-HEALTH SERVICES
6713,6713,SSPK,Blank Checks
6714,6714,THBR,Blank Checks
6715,6715,VIE,Pharmaceutical Preparations
6716,6716,BNTX,BIOLOGICAL PRODUCTS (NO DIAGNOSTIC SUBSTANCES)
6717,6717,HBT,STATE COMMERCIAL BANKS
6718,6718,VIR,BIOLOGICAL PRODUCTS (NO DIAGNOSTIC SUBSTANCES)
6719,6719,BRBR,FOOD &amp; KINDRED PRODUCTS
6720,6720,FDUSG,Investment Offices / Funds
6721,6721,IPHA,BIOLOGICAL PRODUCTS (NO DIAGNOSTIC SUBSTANCES)
6722,6722,OFSSI,Unknown
6723,6723,REPR,Surgical & Medical Instruments & Apparatus
6724,6724,AEFC,LIFE INSURANCE
6725,6725,AIH,"SERVICES-SPECIALTY OUTPATIENT FACILITIES, NEC"
6726,6726,BRP,INSURANCE AGENTS BROKERS &amp; SERVICES
6727,6727,CABA,BIOLOGICAL PRODUCTS (NO DIAGNOSTIC SUBSTANCES)
6728,6728,DAO,SERVICES-EDUCATIONAL SERVICES
6729,6729,HAPP,SERVICES-COMPUTER PROCESSING &amp; DATA PREPARATION
6730,6730,PGNY,"SERVICES-MISC HEALTH &amp; ALLIED SERVICES, NEC"
6731,6731,PHAT,PHARMACEUTICAL PREPARATIONS
6732,6732,TFFP,PHARMACEUTICAL PREPARATIONS
6733,6733,AIO,Loan Brokers
6734,6734,DUO,REAL ESTATE
6735,6735,FLLC,Blank Checks
6736,6736,GTEC,GENERAL INDUSTRIAL MACHINERY &amp; EQUIPMENT
6737,6737,NPA,Blank Checks
6738,6738,OYST,BIOLOGICAL PRODUCTS (NO DIAGNOSTIC SUBSTANCES)
6739,6739,PHGE,BIOLOGICAL PRODUCTS (NO DIAGNOSTIC SUBSTANCES)
6740,6740,RAPT,PHARMACEUTICAL PREPARATIONS
6741,6741,EXPC,Services-Health Services
6742,6742,AHCO,SERVICES-HOME HEALTH CARE SERVICES
6743,6743,APXT,Blank Checks
6744,6744,CNSP,PHARMACEUTICAL PREPARATIONS
6745,6745,CNTG,SERVICES-MEDICAL LABORATORIES
6746,6746,GRTX,PHARMACEUTICAL PREPARATIONS
6747,6747,KRKR,"SERVICES-BUSINESS SERVICES, NEC"
6748,6748,MOHO,RETAIL-CATALOG &amp; MAIL-ORDER HOUSES
6749,6749,ORSN,"Services-Business Services, NEC"
6750,6750,QK,INSURANCE AGENTS BROKERS &amp; SERVICES
6751,6751,SI,STATE COMMERCIAL BANKS
6752,6752,TELA,SURGICAL &amp; MEDICAL INSTRUMENTS &amp; APPARATUS
6753,6753,BRMK,REAL ESTATE INVESTMENT TRUSTS
6754,6754,BXRXV,Pharmaceutical Preparations
6755,6755,ETNB,PHARMACEUTICAL PREPARATIONS
6756,6756,GLEO,Miscellaneous Manufacturing Industries
6757,6757,SACC,REAL ESTATE INVESTMENT TRUSTS
6758,6758,YAYO,SERVICES-COMPUTER PROCESSING &amp; DATA PREPARATION
6759,6759,BXRX,PHARMACEUTICAL PREPARATIONS
6760,6760,CAN,FINANCE SERVICES
6761,6761,GSLD,Deep Sea Foreign Transportation of  Freight
6762,6762,PINE,REAL ESTATE INVESTMENT TRUSTS
6763,6763,SITM,SEMICONDUCTORS &amp; RELATED DEVICES
6764,6764,QVCC,RETAIL-CATALOG &amp; MAIL-ORDER HOUSES
6765,6765,GRWG,"RETAIL-BUILDING MATERIALS, HARDWARE, GARDEN SUPPLY"
6766,6766,LMPX,RETAIL-AUTO DEALERS &amp; GASOLINE STATIONS
6767,6767,WKEY,SERVICES-COMPUTER PROCESSING &amp; DATA PREPARATION
6768,6768,BILL,SERVICES-PREPACKAGED SOFTWARE
6769,6769,EH,"AIRCRAFT PART &amp; AUXILIARY EQUIPMENT, NEC"
6770,6770,GRNV,"Services-Business Services, NEC"
6771,6771,LATN,Blank Checks
6772,6772,MCMJ,Services-Prepackaged Software
6773,6773,OCFT,"SERVICES-COMPUTER PROGRAMMING, DATA PROCESSING, ETC."
6774,6774,RYCE,Food and Kindred Products
6775,6775,SPT,SERVICES-PREPACKAGED SOFTWARE
6776,6776,XP,"SECURITY BROKERS, DEALERS &amp; FLOTATION COMPANIES"
6777,6777,HTIA,REAL ESTATE INVESTMENT TRUSTS
6778,6778,CUBB,STATE COMMERCIAL BANKS
6779,6779,IMVT,BIOLOGICAL PRODUCTS (NO DIAGNOSTIC SUBSTANCES)
6780,6780,INDO,CRUDE PETROLEUM &amp; NATURAL GAS
6781,6781,JIH,Blank Checks
6782,6782,MNPR,PHARMACEUTICAL PREPARATIONS
6783,6783,SFTW,Radio & Tv Broadcasting & Communications Equipment
6784,6784,FSRV,"Services-Equipment Rental & Leasing, NEC"
6785,6785,NWGI,Services-Prepackaged Software
6786,6786,JOYY,Services-Computer Processing & Data Preparation
6787,6787,DHCNI,REAL ESTATE INVESTMENT TRUSTS
6788,6788,MDIAV,Radio Broadcasting Stations
6789,6789,MKD,"SERVICES-BUSINESS SERVICES, NEC"
6790,6790,SRAC,Guided Missiles & Space Vehicles & Parts
6791,6791,ALUS,Blank Checks
6792,6792,AMHC,"Biological Products, (No Diagnostic Substances)"
6793,6793,CHPM,Surgical & Medical Instruments & Apparatus
6794,6794,HUGE,PHARMACEUTICAL PREPARATIONS
6795,6795,NTCO,"PERFUMES, COSMETICS &amp; OTHER TOILET PREPARATIONS"
6796,6796,SAQN,Services-Motion Picture & Video Tape Production
6797,6797,BSBK,"SAVINGS INSTITUTIONS, NOT FEDERALLY CHARTERED"
6798,6798,DNK,Operators of  Apartment Buildings
6799,6799,IMAB,PHARMACEUTICAL PREPARATIONS
6800,6800,LIVK,Services-Management Consulting Services
6801,6801,LIZI,"SERVICES-COMPUTER PROGRAMMING, DATA PROCESSING, ETC."
6802,6802,MDIA,RADIO BROADCASTING STATIONS
6803,6803,PTAC,Services-Prepackaged Software
6804,6804,SOJD,ELECTRIC SERVICES
6805,6805,VEL,FINANCE SERVICES
6806,6806,ADXN,PHARMACEUTICAL PREPARATIONS
6807,6807,ANPC,SERVICES-MEDICAL LABORATORIES
6808,6808,ANVS,PHARMACEUTICAL PREPARATIONS
6809,6809,ARQT,PHARMACEUTICAL PREPARATIONS
6810,6810,BDTX,BIOLOGICAL PRODUCTS (NO DIAGNOSTIC SUBSTANCES)
6811,6811,BMEZ,Financial Services
6812,6812,HCCO,"Services-Misc Health & Allied Services, NEC"
6813,6813,ONEM,SERVICES-OFFICES &amp; CLINICS OF DOCTORS OF MEDICINE
6814,6814,REYN,"PLASTICS, FOIL &amp; COATED PAPER BAGS"
6815,6815,BEAM,BIOLOGICAL PRODUCTS (NO DIAGNOSTIC SUBSTANCES)
6816,6816,CCAP,"Savings Institutions, Not Federally Chartered"
6817,6817,CIIC,Blank Checks
6818,6818,CSPR,Household Furniture
6819,6819,NREF,REAL ESTATE INVESTMENT TRUSTS
6820,6820,ONEW,RETAIL-AUTO &amp; HOME SUPPLY STORES
6821,6821,PFHD,NATIONAL COMMERCIAL BANKS
6822,6822,PPD,Services-Commercial Physical & Biological Research
6823,6823,SDGR,PHARMACEUTICAL PREPARATIONS
6824,6824,CPZ,Financial Services
6825,6825,HUIZ,INSURANCE AGENTS BROKERS &amp; SERVICES
6826,6826,DUOT,SERVICES-PREPACKAGED SOFTWARE
6827,6827,GRIL,RETAIL-EATING &amp; DRINKING PLACES
6828,6828,RVMD,BIOLOGICAL PRODUCTS (NO DIAGNOSTIC SUBSTANCES)
6829,6829,ALTG,WHOLESALE-INDUSTRIAL MACHINERY &amp; EQUIPMENT
6830,6830,BATL,CRUDE PETROLEUM &amp; NATURAL GAS
6831,6831,GSMG,SERVICES-COMPUTER PROCESSING &amp; DATA PREPARATION
6832,6832,SBSW,GOLD &amp; SILVER ORES
6833,6833,ATCO,DEEP SEA FOREIGN TRANSPORTATION OF FREIGHT
6834,6834,IBTA,Services-Advertising
6835,6835,IPV,Motor Vehicle Parts & Accessories
6836,6836,PASG,BIOLOGICAL PRODUCTS (NO DIAGNOSTIC SUBSTANCES)
6837,6837,ZCMD,SERVICES-EDUCATIONAL SERVICES
6838,6838,DLY,Financial Services
6839,6839,BFYT,"Insurance Agents, Brokers & Service"
6840,6840,GFL,REFUSE SYSTEMS
6841,6841,BWMX,RETAIL-CATALOG &amp; MAIL-ORDER HOUSES
6842,6842,SCVX,"Special Industry Machinery, NEC"
6843,6843,DFNS,Services-Management Consulting Services
6844,6844,IGIC,"INSURANCE CARRIERS, NEC"
6845,6845,GHIV,Mortgage Bankers & Loan Correspondents
6846,6846,RFM,Financial Services
6847,6847,BIPC,NATURAL GAS TRANSMISSION &amp; DISTRIBUTION
6848,6848,CARR,AIR COND &amp; WARM AIR HEATING EQUIP &amp; COMM &amp; INDL REFRIG EQUIP
6849,6849,CCXX,"Services-Business Services, NEC"
6850,6850,METX,FINANCE SERVICES
6851,6851,OTIS,ELECTRONIC &amp; OTHER ELECTRICAL EQUIPMENT (NO COMPUTER EQUIP)
6852,6852,WIMI,SERVICES-PREPACKAGED SOFTWARE
6853,6853,ZNTL,PHARMACEUTICAL PREPARATIONS
6854,6854,KROS,PHARMACEUTICAL PREPARATIONS
6855,6855,MSGE,SERVICES-AMUSEMENT &amp; RECREATION SERVICES
6856,6856,CCAC,Motor Vehicle Parts & Accessories
6857,6857,DMYT,Services-Miscellaneous Amusement & Recreation
6858,6858,DKNG,SERVICES-MISCELLANEOUS AMUSEMENT &amp; RECREATION
6859,6859,ORIC,PHARMACEUTICAL PREPARATIONS
6860,6860,APG,SERVICES-TO DWELLINGS &amp; OTHER BUILDINGS
6861,6861,LYRA,SURGICAL &amp; MEDICAL INSTRUMENTS &amp; APPARATUS
6862,6862,NBAC,Miscellaneous Transportation Equipment
6863,6863,AYLA,BIOLOGICAL PRODUCTS (NO DIAGNOSTIC SUBSTANCES)
6864,6864,CLEU,SERVICES-EDUCATIONAL SERVICES
6865,6865,DBCP,State Commercial Banks
6866,6866,GAN,"SERVICES-COMPUTER PROGRAMMING, DATA PROCESSING, ETC."
6867,6867,KC,SERVICES-PREPACKAGED SOFTWARE
6868,6868,OCFCP,NATIONAL COMMERCIAL BANKS
6869,6869,ADCT,PHARMACEUTICAL PREPARATIONS
6870,6870,GNRS,"RETAIL-RETAIL STORES, NEC"
6871,6871,ZGYH,Blank Checks
6872,6872,NARI,SURGICAL &amp; MEDICAL INSTRUMENTS &amp; APPARATUS
6873,6873,SLQT,INSURANCE AGENTS BROKERS &amp; SERVICES
6874,6874,LSAC,BLANK CHECKS
6875,6875,LOAK,"Plastic Materials, Synth Resins & Nonvulcan Elastomers"
6876,6876,MTCN,"STEEL WORKS, BLAST FURNACES  ROLLING MILLS (COKE OVENS)"
6877,6877,DFPH,Services-Offices & Clinics of  Doctors of  Medicine
6878,6878,AFGD,"FIRE, MARINE &amp; CASUALTY INSURANCE"
6879,6879,AMTI,PHARMACEUTICAL PREPARATIONS
6880,6880,BDXB,SURGICAL &amp; MEDICAL INSTRUMENTS &amp; APPARATUS
6881,6881,BMRG,"Miscellaneous Electrical Machinery, Equipment & Supplies"
6882,6882,CALT,PHARMACEUTICAL PREPARATIONS
6883,6883,DADA,"SERVICES-COMPUTER PROGRAMMING, DATA PROCESSING, ETC."
6884,6884,FOUR,"SERVICES-BUSINESS SERVICES, NEC"
6885,6885,LEGN,PHARMACEUTICAL PREPARATIONS
6886,6886,PLRX,PHARMACEUTICAL PREPARATIONS
6887,6887,SBBA,DEEP SEA FOREIGN TRANSPORTATION OF FREIGHT
6888,6888,WMG,SERVICES-AMUSEMENT &amp; RECREATION SERVICES
6889,6889,ZI,SERVICES-PREPACKAGED SOFTWARE
6890,6890,AZEK,"PLASTICS PRODUCTS, NEC"
6891,6891,BNR,SERVICES-MEDICAL LABORATORIES
6892,6892,GBIO,PHARMACEUTICAL PREPARATIONS
6893,6893,IPOC,Hospital & Medical Service Plans
6894,6894,LPRO,PERSONAL CREDIT INSTITUTIONS
6895,6895,LTRN,PHARMACEUTICAL PREPARATIONS
6896,6896,NOVS,Agricultural Production-Crops
6897,6897,PCPL,Services-Computer Processing & Data Preparation
6898,6898,PCVX,BIOLOGICAL PRODUCTS (NO DIAGNOSTIC SUBSTANCES)
6899,6899,RNA,PHARMACEUTICAL PREPARATIONS
6900,6900,ROCH,Blank Checks
6901,6901,UCL,"COMMUNICATION SERVICES, NEC"
6902,6902,VRM,RETAIL-AUTO DEALERS &amp; GASOLINE STATIONS
6903,6903,CHAQ,"Biological Products, (No Diagnostic Substances)"
6904,6904,FMTX,BIOLOGICAL PRODUCTS (NO DIAGNOSTIC SUBSTANCES)
6905,6905,FSKR,Apparel & Other Finishd Prods of  Fabrics & Similar Matl
6906,6906,FVAC,Metal Mining
6907,6907,GTH,SERVICES-MEDICAL LABORATORIES
6908,6908,IPOB,Real Estate Agents & Managers (For Others)
6909,6909,LGHL,"SECURITY BROKERS, DEALERS &amp; FLOTATION COMPANIES"
6910,6910,NUZE,RETAIL-MISCELLANEOUS RETAIL
6911,6911,PROG,Pharmaceutical Preparations
6912,6912,RPRX,PHARMACEUTICAL PREPARATIONS
6913,6913,RPTX,PHARMACEUTICAL PREPARATIONS
6914,6914,ACI,RETAIL-GROCERY STORES
6915,6915,AKUS,PHARMACEUTICAL PREPARATIONS
6916,6916,API,SERVICES-PREPACKAGED SOFTWARE
6917,6917,DYFN,Real Estate
6918,6918,EBON,"SECURITY &amp; COMMODITY BROKERS, DEALERS, EXCHANGES &amp; SERVICES"
6919,6919,FREE,SUGAR &amp; CONFECTIONERY PRODUCTS
6920,6920,FTHY,Financial Services
6921,6921,FUSN,BIOLOGICAL PRODUCTS (NO DIAGNOSTIC SUBSTANCES)
6922,6922,PYPD,SURGICAL &amp; MEDICAL INSTRUMENTS &amp; APPARATUS
6923,6923,SOAC,Metal Mining
6924,6924,ACCD,"SERVICES-BUSINESS SERVICES, NEC"
6925,6925,ADTX,PHARMACEUTICAL PREPARATIONS
6926,6926,GIK,Motor Vehicles & Passenger Car Bodies
6927,6927,JWS,Services-Offices & Clinics of  Doctors of  Medicine
6928,6928,LMND,"FIRE, MARINE &amp; CASUALTY INSURANCE"
6929,6929,SAK,Investment Offices / Funds
6930,6930,HOFV,SERVICES-MISCELLANEOUS AMUSEMENT &amp; RECREATION
6931,6931,IMTX,BIOLOGICAL PRODUCTS (NO DIAGNOSTIC SUBSTANCES)
6932,6932,AMYT,PHARMACEUTICAL PREPARATIONS
6933,6933,BLCT,Services-Computer Processing & Data Preparation
6934,6934,IVA,PHARMACEUTICAL PREPARATIONS
6935,6935,NKTX,PHARMACEUTICAL PREPARATIONS
6936,6936,PSTX,BIOLOGICAL PRODUCTS (NO DIAGNOSTIC SUBSTANCES)
6937,6937,QH,"SERVICES-BUSINESS SERVICES, NEC"
6938,6938,TXAC,Pharmaceutical Preparations
6939,6939,LGVW,X-Ray Apparatus & Tubes & Related Irradiation Apparatus
6940,6940,ALXO,PHARMACEUTICAL PREPARATIONS
6941,6941,BLI,LABORATORY ANALYTICAL INSTRUMENTS
6942,6942,DMS,"SERVICES-BUSINESS SERVICES, NEC"
6943,6943,GOCO,INSURANCE AGENTS BROKERS &amp; SERVICES
6944,6944,NCNO,SERVICES-PREPACKAGED SOFTWARE
6945,6945,PAND,Pharmaceutical Preparations
6946,6946,RLAY,BIOLOGICAL PRODUCTS (NO DIAGNOSTIC SUBSTANCES)
6947,6947,RNLX,SERVICES-MEDICAL LABORATORIES
6948,6948,TIG,"FIRE, MARINE &amp; CASUALTY INSURANCE"
6949,6949,WPF,"Services-Business Services, NEC"
6950,6950,ANNX,PHARMACEUTICAL PREPARATIONS
6951,6951,BRLI,SERVICES-MANAGEMENT CONSULTING SERVICES
6952,6952,EDTK,SERVICES-EDUCATIONAL SERVICES
6953,6953,INZY,PHARMACEUTICAL PREPARATIONS
6954,6954,ITOS,BIOLOGICAL PRODUCTS (NO DIAGNOSTIC SUBSTANCES)
6955,6955,MEG,SERVICES-MANAGEMENT CONSULTING SERVICES
6956,6956,NRIX,PHARMACEUTICAL PREPARATIONS
6957,6957,ALVR,BIOLOGICAL PRODUCTS (NO DIAGNOSTIC SUBSTANCES)
6958,6958,ARYB,Pharmaceutical Preparations
6959,6959,ASGI,Financial Services
6960,6960,BEPC,ELECTRIC SERVICES
6961,6961,FTHM,REAL ESTATE AGENTS &amp; MANAGERS (FOR OTHERS)
6962,6962,GOED,"Retail-Home Furniture, Furnishings & Equipment Stores"
6963,6963,HEC,Services-Health Services
6964,6964,ITRG,GOLD &amp; SILVER ORES
6965,6965,LI,MOTOR VEHICLES &amp; PASSENGER CAR BODIES
6966,6966,VERX,SERVICES-PREPACKAGED SOFTWARE
6967,6967,VITL,FOOD &amp; KINDRED PRODUCTS
6968,6968,VSTA,SERVICES-EDUCATIONAL SERVICES
6969,6969,AFIB,SURGICAL &amp; MEDICAL INSTRUMENTS &amp; APPARATUS
6970,6970,BIGC,SERVICES-PREPACKAGED SOFTWARE
6971,6971,CMPI,"Biological Products, (No Diagnostic Substances)"
6972,6972,FCRW,Unknown
6973,6973,FRLN,BIOLOGICAL PRODUCTS (NO DIAGNOSTIC SUBSTANCES)
6974,6974,HSAQ,SURGICAL &amp; MEDICAL INSTRUMENTS &amp; APPARATUS
6975,6975,IBEX,SERVICES-COMPUTER PROCESSING &amp; DATA PREPARATION
6976,6976,OSH,SERVICES-HEALTH SERVICES
6977,6977,RACA,Pharmaceutical Preparations
6978,6978,RKT,MORTGAGE BANKERS &amp; LOAN CORRESPONDENTS
6979,6979,RXT,"SERVICES-COMPUTER PROGRAMMING, DATA PROCESSING, ETC."
6980,6980,TREB,"Services-Computer Programming, Data Processing, Etc."
6981,6981,MLAC,MOTOR VEHICLES &amp; PASSENGER CAR BODIES
6982,6982,BEKE,REAL ESTATE AGENTS &amp; MANAGERS (FOR OTHERS)
6983,6983,CVAC,PHARMACEUTICAL PREPARATIONS
6984,6984,DCT,SERVICES-PREPACKAGED SOFTWARE
6985,6985,FSDC,Pharmaceutical Preparations
6986,6986,FUSE,Services-Computer Integrated Systems Design
6987,6987,KBNT,SERVICES-COMPUTER INTEGRATED SYSTEMS DESIGN
6988,6988,NTST,REAL ESTATE INVESTMENT TRUSTS
6989,6989,KCAC,Blank Checks
6990,6990,AOUTV,"Sporting & Athletic Goods, NEC"
6991,6991,HRMY,PHARMACEUTICAL PREPARATIONS
6992,6992,INBX,BIOLOGICAL PRODUCTS (NO DIAGNOSTIC SUBSTANCES)
6993,6993,KYMR,BIOLOGICAL PRODUCTS (NO DIAGNOSTIC SUBSTANCES)
6994,6994,NNOX,X-RAY APPARATUS &amp; TUBES &amp; RELATED IRRADIATION APPARATUS
6995,6995,NYC,REAL ESTATE INVESTMENT TRUSTS
6996,6996,PANA,BLANK CHECKS
6997,6997,UZD,RADIO TELEPHONE COMMUNICATIONS
6998,6998,VMAC,Radio Broadcasting Stations
6999,6999,MAXNV,Semiconductors & Related Devices
7000,7000,AOUT,"Sporting & Athletic Goods, NEC"
7001,7001,GB,SERVICES-COMPUTER PROCESSING &amp; DATA PREPARATION
7002,7002,GP,TRUCK &amp; BUS BODIES
7003,7003,HPK,DRILLING OIL &amp; GAS WELLS
7004,7004,MAXN,SEMICONDUCTORS &amp; RELATED DEVICES
7005,7005,MCAC,CONSTRUCTION SPECIAL TRADE CONTRACTORS
7006,7006,MDNA,PHARMACEUTICAL PREPARATIONS
7007,7007,NDMO,Financial Services
7008,7008,SNBP,Pharmaceutical Preparations
7009,7009,XPEV,MOTOR VEHICLES &amp; PASSENGER CAR BODIES
7010,7010,PSAC,Motor Vehicles & Passenger Car Bodies
7011,7011,AACQ,Industrial Organic Chemicals
7012,7012,AKU,SERVICES-MEDICAL LABORATORIES
7013,7013,AUVI,ELECTRIC LIGHTING &amp; WIRING EQUIPMENT
7014,7014,BCTG,Pharmaceutical Preparations
7015,7015,DEH,"Orthopedic, Prosthetic & Surgical Appliances & Supplies"
7016,7016,GRCY,BLANK CHECKS
7017,7017,PRFX,PHARMACEUTICAL PREPARATIONS
7018,7018,HPX,BLANK CHECKS
7019,7019,LSPD,SERVICES-PREPACKAGED SOFTWARE
7020,7020,PSTH,Blank Checks
7021,7021,SCCC,REAL ESTATE INVESTMENT TRUSTS
7022,7022,SLN,PHARMACEUTICAL PREPARATIONS
7023,7023,ACND,Services-Prepackaged Software
7024,7024,ACEV,PRINTED CIRCUIT BOARDS
7025,7025,AMWL,"SERVICES-BUSINESS SERVICES, NEC"
7026,7026,ATHA,BIOLOGICAL PRODUCTS (NO DIAGNOSTIC SUBSTANCES)
7027,7027,BIVI,PHARMACEUTICAL PREPARATIONS
7028,7028,BNL,REAL ESTATE INVESTMENT TRUSTS
7029,7029,CCIV,Motor Vehicles & Passenger Car Bodies
7030,7030,CMPS,PHARMACEUTICAL PREPARATIONS
7031,7031,DFHT,Services-Nursing & Personal Care Facilities
7032,7032,DYN,PHARMACEUTICAL PREPARATIONS
7033,7033,ERES,INVESTMENT ADVICE
7034,7034,ETAC,BLANK CHECKS
7035,7035,FROG,SERVICES-PREPACKAGED SOFTWARE
7036,7036,MNSBP,STATE COMMERCIAL BANKS
7037,7037,MTCR,PHARMACEUTICAL PREPARATIONS
7038,7038,OM,ELECTROMEDICAL &amp; ELECTROTHERAPEUTIC APPARATUS
7039,7039,PTVE,"PLASTICS, FOIL &amp; COATED PAPER BAGS"
7040,7040,SNOW,SERVICES-PREPACKAGED SOFTWARE
7041,7041,STEP,INVESTMENT ADVICE
7042,7042,SUMO,SERVICES-PREPACKAGED SOFTWARE
7043,7043,U,SERVICES-PREPACKAGED SOFTWARE
7044,7044,VTRU,SERVICES-EDUCATIONAL SERVICES
7045,7045,PRPB,Blank Checks
7046,7046,DEN,CRUDE PETROLEUM &amp; NATURAL GAS
7047,7047,AMST,SERVICES-PREPACKAGED SOFTWARE
7048,7048,BCAT,"Security Brokers, Dealers & Flotation Companies"
7049,7049,BSY,SERVICES-PREPACKAGED SOFTWARE
7050,7050,CRSR,"COMPUTER PERIPHERAL EQUIPMENT, NEC"
7051,7051,FIII,Motor Vehicles & Passenger Car Bodies
7052,7052,GDRX,SERVICES-COMPUTER PROCESSING &amp; DATA PREPARATION
7053,7053,GLSI,PHARMACEUTICAL PREPARATIONS
7054,7054,GOAC,Blank Checks
7055,7055,GRAY,PHARMACEUTICAL PREPARATIONS
7056,7056,LSF,FOOD &amp; KINDRED PRODUCTS
7057,7057,NHIC,BLANK CHECKS
7058,7058,OFSSG,Unknown
7059,7059,PMVP,PHARMACEUTICAL PREPARATIONS
7060,7060,PRLD,PHARMACEUTICAL PREPARATIONS
7061,7061,PTK,Blank Checks
7062,7062,SOJE,ELECTRIC SERVICES
7063,7063,TSHA,BIOLOGICAL PRODUCTS (NO DIAGNOSTIC SUBSTANCES)
7064,7064,VIAO,SEMICONDUCTORS &amp; RELATED DEVICES
7065,7065,YAC,Blank Checks
7066,7066,ASAN,SERVICES-PREPACKAGED SOFTWARE
7067,7067,ASO,RETAIL-MISCELLANEOUS SHOPPING GOODS STORES
7068,7068,AVO,AGRICULTURE SERVICES
7069,7069,BQ,"RETAIL-RETAIL STORES, NEC"
7070,7070,CCCC,BIOLOGICAL PRODUCTS (NO DIAGNOSTIC SUBSTANCES)
7071,7071,CD,"SERVICES-COMPUTER PROGRAMMING, DATA PROCESSING, ETC."
7072,7072,FAII,Services-Nursing & Personal Care Facilities
7073,7073,GRSV,Blank Checks
7074,7074,IMNM,PHARMACEUTICAL PREPARATIONS
7075,7075,KSMT,Blank Checks
7076,7076,LUNG,SURGICAL &amp; MEDICAL INSTRUMENTS &amp; APPARATUS
7077,7077,LXEH,SERVICES-EDUCATIONAL SERVICES
7078,7078,MGRB,INVESTMENT ADVICE
7079,7079,ONCR,PHARMACEUTICAL PREPARATIONS
7080,7080,ORPH,Pharmaceutical Preparations
7081,7081,PLTR,SERVICES-PREPACKAGED SOFTWARE
7082,7082,THRY,SERVICES-ADVERTISING
7083,7083,YALA,"SERVICES-COMPUTER PROGRAMMING, DATA PROCESSING, ETC."
7084,7084,DGNR,Services-Prepackaged Software
7085,7085,DMYD,Blank Checks
7086,7086,HOL,Transportation Services
7087,7087,LNSR,SURGICAL &amp; MEDICAL INSTRUMENTS &amp; APPARATUS
7088,7088,RBAC,Services-Miscellaneous Amusement & Recreation
7089,7089,AONE,Surgical & Medical Instruments & Apparatus
7090,7090,AZYO,BIOLOGICAL PRODUCTS (NO DIAGNOSTIC SUBSTANCES)
7091,7091,DTB,ELECTRIC SERVICES
7092,7092,MPLN,"SERVICES-BUSINESS SERVICES, NEC"
7093,7093,NGA,Blank Checks
7094,7094,RADI,"LESSORS OF REAL PROPERTY, NEC"
7095,7095,SAII,Blank Checks
7096,7096,SQFT,REAL ESTATE INVESTMENT TRUSTS
7097,7097,STPK,Services-Computer Integrated Systems Design
7098,7098,VNT,TOTALIZING FLUID METERS &amp; COUNTING DEVICES
7099,7099,BTAQ,Blank Checks
7100,7100,CLA,"Services-Business Services, NEC"
7101,7101,FST,Blank Checks
7102,7102,HZAC,Blank Checks
7103,7103,IH,SERVICES-EDUCATIONAL SERVICES
7104,7104,KRON,PHARMACEUTICAL PREPARATIONS
7105,7105,SPRB,PHARMACEUTICAL PREPARATIONS
7106,7106,STTK,PHARMACEUTICAL PREPARATIONS
7107,7107,ALGS,BIOLOGICAL PRODUCTS (NO DIAGNOSTIC SUBSTANCES)
7108,7108,ASAQ,BLANK CHECKS
7109,7109,BUR,FINANCE SERVICES
7110,7110,CDAK,BIOLOGICAL PRODUCTS (NO DIAGNOSTIC SUBSTANCES)
7111,7111,CFII,Motor Vehicle Parts & Accessories
7112,7112,CURI,SERVICES-MOTION PICTURE &amp; VIDEO TAPE PRODUCTION
7113,7113,EAR,"ORTHOPEDIC, PROSTHETIC &amp; SURGICAL APPLIANCES &amp; SUPPLIES"
7114,7114,EBC,"SAVINGS INSTITUTION, FEDERALLY CHARTERED"
7115,7115,FTOC,Blank Checks
7116,7116,FVAM,BLANK CHECKS
7117,7117,KRBP,BIOLOGICAL PRODUCTS (NO DIAGNOSTIC SUBSTANCES)
7118,7118,MNSO,RETAIL-VARIETY STORES
7119,7119,PRAX,PHARMACEUTICAL PREPARATIONS
7120,7120,SFT,RETAIL-AUTO DEALERS &amp; GASOLINE STATIONS
7121,7121,TARS,BIOLOGICAL PRODUCTS (NO DIAGNOSTIC SUBSTANCES)
7122,7122,TIMB,TELEPHONE COMMUNICATIONS (NO RADIO TELEPHONE)
7123,7123,TTCF,MISCELLANEOUS FOOD PREPARATIONS &amp; KINDRED PRODUCTS
7124,7124,ABCM,BIOLOGICAL PRODUCTS (NO DIAGNOSTIC SUBSTANCES)
7125,7125,AMTR,NATIONAL COMMERCIAL BANKS
7126,7126,BAMH,OPERATORS OF NONRESIDENTIAL BUILDINGS
7127,7127,BLSA,BLANK CHECKS
7128,7128,BOWX,Opeators of  Nonresidential Buildings
7129,7129,FHTX,PHARMACEUTICAL PREPARATIONS
7130,7130,GHLD,MORTGAGE BANKERS &amp; LOAN CORRESPONDENTS
7131,7131,HLXA,Pharmaceutical Preparations
7132,7132,MCFE,SERVICES-PREPACKAGED SOFTWARE
7133,7133,PAYA,"SERVICES-BUSINESS SERVICES, NEC"
7134,7134,TWND,"MISCELLANEOUS ELECTRICAL MACHINERY, EQUIPMENT &amp; SUPPLIES"
7135,7135,YGMZ,TRANSPORTATION SERVICES
7136,7136,RIDE,MOTOR VEHICLES &amp; PASSENGER CAR BODIES
7137,7137,HCDI,OPERATIVE BUILDERS
7138,7138,ADV,"SERVICES-BUSINESS SERVICES, NEC"
7139,7139,ALGM,SEMICONDUCTORS &amp; RELATED DEVICES
7140,7140,AVIR,PHARMACEUTICAL PREPARATIONS
7141,7141,BDSX,SERVICES-MEDICAL LABORATORIES
7142,7142,CERE,PHARMACEUTICAL PREPARATIONS
7143,7143,CRHC,BLANK CHECKS
7144,7144,FSR,MOTOR VEHICLES &amp; PASSENGER CAR BODIES
7145,7145,GATO,GOLD &amp; SILVER ORES
7146,7146,GLTO,PHARMACEUTICAL PREPARATIONS
7147,7147,IACA,Blank Checks
7148,7148,ITAC,Semiconductors & Related Devices
7149,7149,JUPW,"PERFUMES, COSMETICS &amp; OTHER TOILET PREPARATIONS"
7150,7150,LESL,"RETAIL-RETAIL STORES, NEC"
7151,7151,LU,FINANCE SERVICES
7152,7152,MAX,"SERVICES-BUSINESS SERVICES, NEC"
7153,7153,PTA,Services-Computer Processing & Data Preparation
7154,7154,ROOT,"FIRE, MARINE &amp; CASUALTY INSURANCE"
7155,7155,SQZ,BIOLOGICAL PRODUCTS (NO DIAGNOSTIC SUBSTANCES)
7156,7156,TLMD,"Services-Misc Health & Allied Services, NEC"
7157,7157,BSN,Blank Checks
7158,7158,LEAP,Blank Checks
7159,7159,NSH,"Communications Services, NEC"
7160,7160,PIAI,BLANK CHECKS
7161,7161,SNPR,Miscellaneous Transportation Equipment
7162,7162,CMLF,Services-Health Services
7163,7163,ENPC,BLANK CHECKS
7164,7164,EQD,BLANK CHECKS
7165,7165,INAQ,PATENT OWNERS &amp; LESSORS
7166,7166,RTP,Aircraft
7167,7167,SBG,"Measuring & Controlling Devices, NEC"
7168,7168,SVAC,Electric Services
7169,7169,TMTS,Blank Checks
7170,7170,TWCT,Blank Checks
7171,7171,OACB,Blank Checks
7172,7172,CAPA,"Measuring & Controlling Devices, NEC"
7173,7173,ASPL,"Air Transportation, Nonscheduled"
7174,7174,PMVC,BLANK CHECKS
7175,7175,TRIT,Services-Computer Processing & Data Preparation
7176,7176,PDAC,Blank Checks
7177,7177,NMMC,SERVICES-PREPACKAGED SOFTWARE
7178,7178,BFT,"Services-Business Services, NEC"
7179,7179,VIH,Finance Services
7180,7180,FTIV,Finance Services
7181,7181,AVAN,BLANK CHECKS
7182,7182,CLII,"Services-Automotive Repair, Services & Parking"
7183,7183,DBDR,Finance Services
7184,7184,DGNS,Services-Prepackaged Software
7185,7185,EOSE,"MISCELLANEOUS ELECTRICAL MACHINERY, EQUIPMENT &amp; SUPPLIES"
7186,7186,FCAC,Services-Health Services
7187,7187,FGNA,Finance Services
7188,7188,GCMG,INVESTMENT ADVICE
7189,7189,JYAC,BLANK CHECKS
7190,7190,LSAQ,Services-Commercial Physical & Biological Research
7191,7191,MP,METAL MINING
7192,7192,MRVI,PHARMACEUTICAL PREPARATIONS
7193,7193,NBA,Radio & Tv Broadcasting & Communications Equipment
7194,7194,NGMS,SERVICES-AMUSEMENT &amp; RECREATION SERVICES
7195,7195,OLMA,PHARMACEUTICAL PREPARATIONS
7196,7196,PAIC,Pharmaceutical Preparations
7197,7197,PRTC,PHARMACEUTICAL PREPARATIONS
7198,7198,SEAH,Wholesale-Misc Durable Goods
7199,7199,SHC,"SERVICES-MISC HEALTH &amp; ALLIED SERVICES, NEC"
7200,7200,TLS,SERVICES-COMPUTER INTEGRATED SYSTEMS DESIGN
7201,7201,UK,"SERVICES-BUSINESS SERVICES, NEC"
7202,7202,VGAC,Pharmaceutical Preparations
7203,7203,VTRS,PHARMACEUTICAL PREPARATIONS
7204,7204,VYGG,BLANK CHECKS
7205,7205,YSG,"PERFUMES, COSMETICS &amp; OTHER TOILET PREPARATIONS"
7206,7206,APSG,Transportation Services
7207,7207,CNXCV,"Services-Business Services, NEC"
7208,7208,IMPX,"MOTORCYCLES, BICYCLES &amp; PARTS"
7209,7209,VACQ,Guided Missiles & Space Vehicles & Parts
7210,7210,VSPR,Surgical & Medical Instruments & Apparatus
7211,7211,RCHG,BLANK CHECKS
7212,7212,ACTC,Motor Vehicles & Passenger Car Bodies
7213,7213,AIZN,"INSURANCE CARRIERS, NEC"
7214,7214,BAMI,OPERATORS OF NONRESIDENTIAL BUILDINGS
7215,7215,DTP,ELECTRIC SERVICES
7216,7216,ECOLW,Refuse Systems
7217,7217,ELAT,PHARMACEUTICAL PREPARATIONS
7218,7218,FMAC,Blank Checks
7219,7219,HAACU,BLANK CHECKS
7220,7220,HFEN,Real Estate
7221,7221,IPOD,BLANK CHECKS
7222,7222,IPOE,Finance Services
7223,7223,IPOF,BLANK CHECKS
7224,7224,LUXE,Retail-Catalog & Mail-Order Houses
7225,7225,OZON,RETAIL-CATALOG &amp; MAIL-ORDER HOUSES
7226,7226,PACE,Services-Educational Services
7227,7227,QELL,Blank Checks
7228,7228,QS,"MISCELLANEOUS ELECTRICAL MACHINERY, EQUIPMENT &amp; SUPPLIES"
7229,7229,SDHY,Financial Services
7230,7230,SOLN,Electric Services
7231,7231,STWO,"Miscellaneous Electrical Machinery, Equipment & Supplies"
7232,7232,SWT,"CUTLERY, HANDTOOLS &amp; GENERAL HARDWARE"
7233,7233,VMAR,SHIP &amp; BOAT BUILDING &amp; REPAIRING
7234,7234,AHAC,"Soap, Detergents, Cleang Preparations, Perfumes, Cosmetics"
7235,7235,IGAC,BLANK CHECKS
7236,7236,TPGY,BLANK CHECKS
7237,7237,AGC,Blank Checks
7238,7238,CNXC,"SERVICES-BUSINESS SERVICES, NEC"
7239,7239,LAZR,MOTOR VEHICLE PARTS &amp; ACCESSORIES
7240,7240,PBLA,PHARMACEUTICAL PREPARATIONS
7241,7241,PRG,"SERVICES-EQUIPMENT RENTAL &amp; LEASING, NEC"
7242,7242,PTPI,PHARMACEUTICAL PREPARATIONS
7243,7243,WRAP,"ORDNANCE &amp; ACCESSORIES, (NO VEHICLES/GUIDED MISSILES)"
7244,7244,LCY,"Cutlery, Handtools & General Hardware"
7245,7245,DCBO,SERVICES-PREPACKAGED SOFTWARE
7246,7246,DSAC,Blank Checks
7247,7247,KNTE,PHARMACEUTICAL PREPARATIONS
7248,7248,SBTX,PHARMACEUTICAL PREPARATIONS
7249,7249,SEER,LABORATORY ANALYTICAL INSTRUMENTS
7250,7250,SGTX,PHARMACEUTICAL PREPARATIONS
7251,7251,YQ,SERVICES-EDUCATIONAL SERVICES
7252,7252,MAAC,Blank Checks
7253,7253,ONDS,RADIO &amp; TV BROADCASTING &amp; COMMUNICATIONS EQUIPMENT
7254,7254,MACU,Blank Checks
7255,7255,ABCL,PHARMACEUTICAL PREPARATIONS
7256,7256,ABNB,SERVICES-TO DWELLINGS &amp; OTHER BUILDINGS
7257,7257,ADOC,FATS &amp; OILS
7258,7258,ATAC,Investment Advice
7259,7259,BTWN,BLANK CHECKS
7260,7260,CERT,SERVICES-PREPACKAGED SOFTWARE
7261,7261,DASH,"SERVICES-BUSINESS SERVICES, NEC"
7262,7262,FDMT,BIOLOGICAL PRODUCTS (NO DIAGNOSTIC SUBSTANCES)
7263,7263,GWAC,Finance Services
7264,7264,HIGA,BLANK CHECKS
7265,7265,HTOO,MISC INDUSTRIAL &amp; COMMERCIAL MACHINERY &amp; EQUIPMENT
7266,7266,HYFM,WHOLESALE-MISCELLANEOUS NONDURABLE GOODS
7267,7267,HZON,BLANK CHECKS
7268,7268,NBTX,PHARMACEUTICAL PREPARATIONS
7269,7269,NGAC,Motor Vehicle Parts & Accessories
7270,7270,PUBM,"SERVICES-COMPUTER PROGRAMMING, DATA PROCESSING, ETC."
7271,7271,RICE,Blank Checks
7272,7272,SGAM,Services-Video Tape Rental
7273,7273,SPNV,Real Estate Agents & Managers (For Others)
7274,7274,SV,Blank Checks
7275,7275,VVOS,SURGICAL &amp; MEDICAL INSTRUMENTS &amp; APPARATUS
7276,7276,XPOA,Blank Checks
7277,7277,YSAC,Real Estate
7278,7278,MOTN,Services-Health Services
7279,7279,ACAC,BLANK CHECKS
7280,7280,ACIC,"Fire, Marine & Casualty Insurance"
7281,7281,AIRC,REAL ESTATE INVESTMENT TRUSTS
7282,7282,AJAX,Blank Checks
7283,7283,BCAB,BIOLOGICAL PRODUCTS (NO DIAGNOSTIC SUBSTANCES)
7284,7284,BFI,RETAIL-EATING PLACES
7285,7285,BHSE,FINANCE SERVICES
7286,7286,BOAC,BLANK CHECKS
7287,7287,CLVR,PHARMACEUTICAL PREPARATIONS
7288,7288,DCRB,Electrical Industrial Apparatus
7289,7289,FGF,FINANCE SERVICES
7290,7290,LFTR,BLANK CHECKS
7291,7291,LUXA,BLANK CHECKS
7292,7292,MASS,"MEASURING &amp; CONTROLLING DEVICES, NEC"
7293,7293,OCG,SERVICES-MISCELLANEOUS BUSINESS SERVICES
7294,7294,OTRA,Pharmaceutical Preparations
7295,7295,PCGU,ELECTRIC &amp; OTHER SERVICES COMBINED
7296,7296,RVPH,PHARMACEUTICAL PREPARATIONS
7297,7297,SCPS,PHARMACEUTICAL PREPARATIONS
7298,7298,SKLZ,SERVICES-COMPUTER PROCESSING &amp; DATA PREPARATION
7299,7299,STIC,"Retail-Retail Stores, NEC"
7300,7300,UPST,FINANCE SERVICES
7301,7301,UZE,RADIO TELEPHONE COMMUNICATIONS
7302,7302,VIRI,PHARMACEUTICAL PREPARATIONS
7303,7303,WISH,RETAIL-CATALOG &amp; MAIL-ORDER HOUSES
7304,7304,WNW,"SOAP, DETERGENT, CLEANING PREPARATIONS, PERFUMES, COSMETICS"
7305,7305,ARKO,RETAIL-CONVENIENCE STORES
7306,7306,ASLE,"WHOLESALE-MACHINERY, EQUIPMENT &amp; SUPPLIES"
7307,7307,BREZ,BLANK CHECKS
7308,7308,GBS,SURGICAL &amp; MEDICAL INSTRUMENTS &amp; APPARATUS
7309,7309,GOEV,MOTOR VEHICLE PARTS &amp; ACCESSORIES
7310,7310,IKT,BIOLOGICAL PRODUCTS (NO DIAGNOSTIC SUBSTANCES)
7311,7311,OPEN,REAL ESTATE AGENTS &amp; MANAGERS (FOR OTHERS)
7312,7312,ORLA,GOLD &amp; SILVER ORES
7313,7313,PHAR,PHARMACEUTICAL PREPARATIONS
7314,7314,PPBT,PHARMACEUTICAL PREPARATIONS
7315,7315,PRCH,SERVICES-PREPACKAGED SOFTWARE
7316,7316,VINC,PHARMACEUTICAL PREPARATIONS
7317,7317,SRSA,BLANK CHECKS
7318,7318,TEKK,BLANK CHECKS
7319,7319,TMPM,BLANK CHECKS
7320,7320,BWAC,BEVERAGES
7321,7321,CLNN,PHARMACEUTICAL PREPARATIONS
7322,7322,DMYI,Services-Computer Integrated Systems Design
7323,7323,DNMR,"PLASTICS, MATERIALS, SYNTH RESINS &amp; NONVULCAN ELASTOMERS"
7324,7324,EUCR,BLANK CHECKS
7325,7325,GEG,SERVICES-PREPACKAGED SOFTWARE
7326,7326,GNOG,Services-Prepackaged Software
7327,7327,IPA,PHARMACEUTICAL PREPARATIONS
7328,7328,MRM,SERVICES-PERSONAL SERVICES
7329,7329,RMO,MOTOR VEHICLE PARTS &amp; ACCESSORIES
7330,7330,RSI,SERVICES-MISCELLANEOUS AMUSEMENT &amp; RECREATION
7331,7331,STRR,ELECTROMEDICAL &amp; ELECTROTHERAPEUTIC APPARATUS
7332,7332,TSIA,Wholesale-Hardware
7333,7333,AGCB,BLANK CHECKS
7334,7334,CFAC,Motor Vehicle Parts & Accessories
7335,7335,CHFW,"Biological Products, (No Diagnostic Substances)"
7336,7336,CLOV,HOSPITAL &amp; MEDICAL SERVICE PLANS
7337,7337,GRCL,PHARMACEUTICAL PREPARATIONS
7338,7338,HCAR,BLANK CHECKS
7339,7339,IIAC,Blank Checks
7340,7340,LNFA,Unknown
7341,7341,MODV,TRANSPORTATION SERVICES
7342,7342,OMEG,BLANK CHECKS
7343,7343,PIPP,BLANK CHECKS
7344,7344,ROCC,CRUDE PETROLEUM &amp; NATURAL GAS
7345,7345,RSVA,"Miscellaneous Electrical Machinery, Equipment & Supplies"
7346,7346,RTPZ,"Fire, Marine & Casualty Insurance"
7347,7347,ZNTE,Aircraft
7348,7348,PHIC,BLANK CHECKS
7349,7349,AFRM,PERSONAL CREDIT INSTITUTIONS
7350,7350,ARBG,BLANK CHECKS
7351,7351,ARBGW,BLANK CHECKS
7352,7352,BTRS,SERVICES-COMPUTER PROGRAMMING SERVICES
7353,7353,DRVN,"SERVICES-AUTOMOTIVE REPAIR, SERVICES &amp; PARKING"
7354,7354,FRX,Retail-Nonstore Retailers
7355,7355,GBNY,"SAVINGS INSTITUTION, FEDERALLY CHARTERED"
7356,7356,GNPK,Guided Missiles & Space Vehicles & Parts
7357,7357,HAAC,BLANK CHECKS
7358,7358,KUKE,SERVICES-EDUCATIONAL SERVICES
7359,7359,MSGM,SERVICES-PREPACKAGED SOFTWARE
7360,7360,OCA,"Fire, Marine & Casualty Insurance"
7361,7361,PLTK,SERVICES-COMPUTER PROCESSING &amp; DATA PREPARATION
7362,7362,POSH,RETAIL-CATALOG &amp; MAIL-ORDER HOUSES
7363,7363,QLI,PHARMACEUTICAL PREPARATIONS
7364,7364,TBA,Blank Checks
7365,7365,TINV,"SERVICES-COMPUTER PROGRAMMING, DATA PROCESSING, ETC."
7366,7366,VCVC,Motor Vehicle Parts & Accessories
7367,7367,WOOF,"RETAIL-RETAIL STORES, NEC"
7368,7368,AFBI,"SAVINGS INSTITUTIONS, NOT FEDERALLY CHARTERED"
7369,7369,CAP,Title Insurance
7370,7370,DFH,OPERATIVE BUILDERS
7371,7371,HIMS,SERVICES-OFFICES &amp; CLINICS OF DOCTORS OF MEDICINE
7372,7372,HUDI,STEEL PIPE &amp; TUBES
7373,7373,ISUN,SEMICONDUCTORS &amp; RELATED DEVICES
7374,7374,LOKB,Semiconductors & Related Devices
7375,7375,LOTZ,RETAIL-AUTO DEALERS &amp; GASOLINE STATIONS
7376,7376,MNTK,GAS &amp; OTHER SERVICES COMBINED
7377,7377,MYTE,RETAIL-CATALOG &amp; MAIL-ORDER HOUSES
7378,7378,PAX,INVESTMENT ADVICE
7379,7379,RLX,CIGARETTES
7380,7380,SPFR,"Special Industry Machinery, NEC"
7381,7381,TACA,Blank Checks
7382,7382,UWMC,MORTGAGE BANKERS &amp; LOAN CORRESPONDENTS
7383,7383,VRDN,PHARMACEUTICAL PREPARATIONS
7384,7384,AGFY,AGRICULTURE SERVICES
7385,7385,ALTO,INDUSTRIAL ORGANIC CHEMICALS
7386,7386,ALTU,"ORTHOPEDIC, PROSTHETIC &amp; SURGICAL APPLIANCES &amp; SUPPLIES"
7387,7387,APPH,AGRICULTURE PRODUCTION - CROPS
7388,7388,ATA,"SERVICES-BUSINESS SERVICES, NEC"
7389,7389,BENE,BLANK CHECKS
7390,7390,BTNB,Blank Checks
7391,7391,CBAH,Electric Services
7392,7392,CLVT,SERVICES-COMPUTER PROCESSING &amp; DATA PREPARATION
7393,7393,CND,BLANK CHECKS
7394,7394,CRKN,"ELECTRONIC COMPONENTS, NEC"
7395,7395,EZGO,"MOTORCYCLES, BICYCLES &amp; PARTS"
7396,7396,FTCV,BLANK CHECKS
7397,7397,HCAQ,Electromedical & Electrotherapeutic Apparatus
7398,7398,HMCO,BLANK CHECKS
7399,7399,HMPT,MORTGAGE BANKERS &amp; LOAN CORRESPONDENTS
7400,7400,MOTV,"Security & Commodity Brokers, Dealers, Exchanges & Services"
7401,7401,NEBC,Services-Personal Services
7402,7402,NLSP,PHARMACEUTICAL PREPARATIONS
7403,7403,NOAC,BLANK CHECKS
7404,7404,OCDX,In Vitro & In Vivo Diagnostic Substances
7405,7405,PDO,Life Insurance
7406,7406,PTIC,REAL ESTATE AGENTS &amp; MANAGERS (FOR OTHERS)
7407,7407,RMGB,Blank Checks
7408,7408,SHLS,SEMICONDUCTORS &amp; RELATED DEVICES
7409,7409,SVFA,BLANK CHECKS
7410,7410,TIRX,INSURANCE AGENTS BROKERS &amp; SERVICES
7411,7411,VINP,INVESTMENT ADVICE
7412,7412,XM,SERVICES-PREPACKAGED SOFTWARE
7413,7413,ZIM,DEEP SEA FOREIGN TRANSPORTATION OF FREIGHT
7414,7414,PCPC,BLANK CHECKS
7415,7415,VS,SERVICES-COMPUTER PROCESSING &amp; DATA PREPARATION
7416,7416,ACKIT,Blank Checks
7417,7417,ADN,"MISCELLANEOUS ELECTRICAL MACHINERY, EQUIPMENT &amp; SUPPLIES"
7418,7418,ANGN,PHARMACEUTICAL PREPARATIONS
7419,7419,ATC,Miscellaneous Chemical Products
7420,7420,BOLT,PHARMACEUTICAL PREPARATIONS
7421,7421,CCV,BLANK CHECKS
7422,7422,CGNT,SERVICES-PREPACKAGED SOFTWARE
7423,7423,CNEY,INDUSTRIAL ORGANIC CHEMICALS
7424,7424,CTAQ,BLANK CHECKS
7425,7425,ETWO,SERVICES-COMPUTER PROCESSING &amp; DATA PREPARATION
7426,7426,EVAX,BIOLOGICAL PRODUCTS (NO DIAGNOSTIC SUBSTANCES)
7427,7427,FWAA,Services-Computer Integrated Systems Design
7428,7428,GFX,BLANK CHECKS
7429,7429,GHVI,Services-Prepackaged Software
7430,7430,GLAQ,Blank Checks
7431,7431,HTPA,BLANK CHECKS
7432,7432,IMCR,BIOLOGICAL PRODUCTS (NO DIAGNOSTIC SUBSTANCES)
7433,7433,KINZ,SERVICES-PREPACKAGED SOFTWARE
7434,7434,LABP,PHARMACEUTICAL PREPARATIONS
7435,7435,LHDX,IN VITRO &amp; IN VIVO DIAGNOSTIC SUBSTANCES
7436,7436,MRAC,"Services-Business Services, NEC"
7437,7437,ONTF,SERVICES-PREPACKAGED SOFTWARE
7438,7438,PHVS,PHARMACEUTICAL PREPARATIONS
7439,7439,SANA,BIOLOGICAL PRODUCTS (NO DIAGNOSTIC SUBSTANCES)
7440,7440,SCOA,BLANK CHECKS
7441,7441,SNRH,BLANK CHECKS
7442,7442,SNSE,PHARMACEUTICAL PREPARATIONS
7443,7443,TERN,PHARMACEUTICAL PREPARATIONS
7444,7444,TIXT,SERVICES-COMPUTER PROCESSING &amp; DATA PREPARATION
7445,7445,VHAQ,PHARMACEUTICAL PREPARATIONS
7446,7446,VOR,BIOLOGICAL PRODUCTS (NO DIAGNOSTIC SUBSTANCES)
7447,7447,VTAQ,SERVICES-PREPACKAGED SOFTWARE
7448,7448,AEI,REAL ESTATE
7449,7449,ADAG,PHARMACEUTICAL PREPARATIONS
7450,7450,APR,Services-Home Health Care Services
7451,7451,BAOS,"SERVICES-BUSINESS SERVICES, NEC"
7452,7452,BLUW,Blank Checks
7453,7453,BMBL,"SERVICES-COMPUTER PROGRAMMING, DATA PROCESSING, ETC."
7454,7454,BPTS,PHARMACEUTICAL PREPARATIONS
7455,7455,BSPE,Beverages
7456,7456,BVS,SURGICAL &amp; MEDICAL INSTRUMENTS &amp; APPARATUS
7457,7457,DBTX,PHARMACEUTICAL PREPARATIONS
7458,7458,DSP,"SERVICES-COMPUTER PROGRAMMING, DATA PROCESSING, ETC."
7459,7459,FLAC,BLANK CHECKS
7460,7460,GMTX,PHARMACEUTICAL PREPARATIONS
7461,7461,IIII,BLANK CHECKS
7462,7462,LDI,FINANCE SERVICES
7463,7463,LGVN,PHARMACEUTICAL PREPARATIONS
7464,7464,MILE,"Fire, Marine & Casualty Insurance"
7465,7465,MTAC,SURGICAL &amp; MEDICAL INSTRUMENTS &amp; APPARATUS
7466,7466,NEXI,PHARMACEUTICAL PREPARATIONS
7467,7467,NSTB,BLANK CHECKS
7468,7468,NUVB,PHARMACEUTICAL PREPARATIONS
7469,7469,PLBY,RETAIL-MISCELLANEOUS RETAIL
7470,7470,RAAC,"General Industrial Machinery & Equipment, NEC"
7471,7471,RAAS,SERVICES-PREPACKAGED SOFTWARE
7472,7472,SDH,"Miscellaneous Electrical Machinery, Equipment & Supplies"
7473,7473,SGFY,SERVICES-HOME HEALTH CARE SERVICES
7474,7474,SVOK,Retail-Catalog & Mail-Order Houses
7475,7475,TFSA,REAL ESTATE INVESTMENT TRUSTS
7476,7476,TLIS,LABORATORY ANALYTICAL INSTRUMENTS
7477,7477,TVAC,Blank Checks
7478,7478,UGRO,"WHOLESALE-MACHINERY, EQUIPMENT &amp; SUPPLIES"
7479,7479,VII,SERVICES-PREPACKAGED SOFTWARE
7480,7480,VLON,PHARMACEUTICAL PREPARATIONS
7481,7481,WAFDP,NATIONAL COMMERCIAL BANKS
7482,7482,ABGI,BLANK CHECKS
7483,7483,AUUD,SERVICES-COMPUTER PROCESSING &amp; DATA PREPARATION
7484,7484,BFLY,X-RAY APPARATUS &amp; TUBES &amp; RELATED IRRADIATION APPARATUS
7485,7485,BWSN,"HEATING EQUIPMENT, EXCEPT ELECTRIC &amp; WARM AIR FURNACES"
7486,7486,CFIV,BLANK CHECKS
7487,7487,DUNE,INDUSTRIAL INORGANIC CHEMICALS
7488,7488,FSII,Pharmaceutical Preparations
7489,7489,KWAC,BLANK CHECKS
7490,7490,PPTA,GOLD &amp; SILVER ORES
7491,7491,RCC,REAL ESTATE INVESTMENT TRUSTS
7492,7492,VRPX,PHARMACEUTICAL PREPARATIONS
7493,7493,WGLD,Commodity Contracts Brokers & Dealers
7494,7494,AKIC,BLANK CHECKS
7495,7495,ARYD,BLANK CHECKS
7496,7496,EPWR,BLANK CHECKS
7497,7497,FOXW,BLANK CHECKS
7498,7498,FVT,BLANK CHECKS
7499,7499,IVAN,"Miscellaneous Electrical Machinery, Equipment & Supplies"
7500,7500,KAIR,BLANK CHECKS
7501,7501,PPGH,Blank Checks
7502,7502,PRTG,FINANCE SERVICES
7503,7503,RFMZ,Financial Services
7504,7504,SCR,Services-Miscellaneous Amusement & Recreation
7505,7505,SWBK,Blank Checks
7506,7506,CHPT,"MISCELLANEOUS ELECTRICAL MACHINERY, EQUIPMENT &amp; SUPPLIES"
7507,7507,ADEX,FINANCE SERVICES
7508,7508,ASAI,RETAIL-GROCERY STORES
7509,7509,ASXC,SURGICAL &amp; MEDICAL INSTRUMENTS &amp; APPARATUS
7510,7510,BLTS,BLANK CHECKS
7511,7511,CLAS,BLANK CHECKS
7512,7512,DLCA,BLANK CHECKS
7513,7513,EAC,ARRANGEMENT OF TRANSPORTATION OF FREIGHT &amp; CARGO
7514,7514,ENFA,"Communications Services, NEC"
7515,7515,EPHY,BLANK CHECKS
7516,7516,FCAX,BLANK CHECKS
7517,7517,FORA,SERVICES-COMPUTER PROCESSING &amp; DATA PREPARATION
7518,7518,GPAC,PRIMARY SMELTING &amp; REFINING OF NONFERROUS METALS
7519,7519,GSAQ,Blank Checks
7520,7520,IDBA,SERVICES-COMPUTER INTEGRATED SYSTEMS DESIGN
7521,7521,IMCC,MEDICINAL CHEMICALS &amp; BOTANICAL PRODUCTS
7522,7522,INKA,SERVICES-COMPUTER PROCESSING &amp; DATA PREPARATION
7523,7523,KLAQ,BLANK CHECKS
7524,7524,KVSA,BLANK CHECKS
7525,7525,LEGO,Blank Checks
7526,7526,LHAA,BLANK CHECKS
7527,7527,LJAQ,BLANK CHECKS
7528,7528,LWAC,Blank Checks
7529,7529,NGAB,Services-Computer Integrated Systems Design
7530,7530,OSCR,HOSPITAL &amp; MEDICAL SERVICE PLANS
7531,7531,PACX,BLANK CHECKS
7532,7532,PAQC,SERVICES-PREPACKAGED SOFTWARE
7533,7533,PNTM,BLANK CHECKS
7534,7534,PRSR,BLANK CHECKS
7535,7535,ROT,Services-Prepackaged Software
7536,7536,TMKR,BLANK CHECKS
7537,7537,VCKA,BIOLOGICAL PRODUCTS (NO DIAGNOSTIC SUBSTANCES)
7538,7538,FINM,BLANK CHECKS
7539,7539,ADER,BLANK CHECKS
7540,7540,AEAC,BLANK CHECKS
7541,7541,AESC,COGENERATION SERVICES &amp; SMALL POWER PRODUCERS
7542,7542,AEVA,MOTOR VEHICLE PARTS &amp; ACCESSORIES
7543,7543,CPNG,RETAIL-CATALOG &amp; MAIL-ORDER HOUSES
7544,7544,CSAN,RETAIL-AUTO DEALERS &amp; GASOLINE STATIONS
7545,7545,ENVI,"Biological Products, (No Diagnostic Substances)"
7546,7546,EUSG,Blank Checks
7547,7547,FHS,SERVICES-EDUCATIONAL SERVICES
7548,7548,GNAC,BLANK CHECKS
7549,7549,GROY,GOLD &amp; SILVER ORES
7550,7550,HAYW,REFRIGERATION &amp; SERVICE INDUSTRY MACHINERY
7551,7551,HCCC,"Services-Misc Health & Allied Services, NEC"
7552,7552,HCIC,BLANK CHECKS
7553,7553,IGNY,BIOLOGICAL PRODUCTS (NO DIAGNOSTIC SUBSTANCES)
7554,7554,JOAN,RETAIL-MISCELLANEOUS SHOPPING GOODS STORES
7555,7555,LBPH,PHARMACEUTICAL PREPARATIONS
7556,7556,MITC,Food and Kindred Products
7557,7557,OCAX,BLANK CHECKS
7558,7558,OSTR,BLANK CHECKS
7559,7559,OUST,"GENERAL INDUSTRIAL MACHINERY &amp; EQUIPMENT, NEC"
7560,7560,PV,BLANK CHECKS
7561,7561,PYR,PHARMACEUTICAL PREPARATIONS
7562,7562,QFTA,BLANK CHECKS
7563,7563,RBLX,SERVICES-PREPACKAGED SOFTWARE
7564,7564,RXDX,PHARMACEUTICAL PREPARATIONS
7565,7565,SLCR,BLANK CHECKS
7566,7566,SPRQ,Finance Services
7567,7567,SVFB,BLANK CHECKS
7568,7568,SVFC,"General Industrial Machinery & Equipment, NEC"
7569,7569,TZPS,BLANK CHECKS
7570,7570,VAQC,BLANK CHECKS
7571,7571,VIEW,FLAT GLASS
7572,7572,VWTR,REAL ESTATE
7573,7573,MON,BLANK CHECKS
7574,7574,HLAH,BLANK CHECKS
7575,7575,CAHC,Blank Checks
7576,7576,AFCG,Real Estate
7577,7577,ASAX,TRANSPORTATION SERVICES
7578,7578,BIOT,BLANK CHECKS
7579,7579,BLUA,SURGICAL &amp; MEDICAL INSTRUMENTS &amp; APPARATUS
7580,7580,CLIM,BLANK CHECKS
7581,7581,CNTB,PHARMACEUTICAL PREPARATIONS
7582,7582,CSTA,BLANK CHECKS
7583,7583,EQHA,BLANK CHECKS
7584,7584,FNCH,BIOLOGICAL PRODUCTS (NO DIAGNOSTIC SUBSTANCES)
7585,7585,FSSI,BLANK CHECKS
7586,7586,GANX,PHARMACEUTICAL PREPARATIONS
7587,7587,GBNH,"SERVICES-MISC HEALTH &amp; ALLIED SERVICES, NEC"
7588,7588,GMBT,Blank Checks
7589,7589,GMII,"Hotels, Rooming Houses, Camps & Other Lodging Places"
7590,7590,JCIC,BLANK CHECKS
7591,7591,JWEL,RETAIL-NONSTORE RETAILERS
7592,7592,LMACA,BLANK CHECKS
7593,7593,LMAO,SURGICAL &amp; MEDICAL INSTRUMENTS &amp; APPARATUS
7594,7594,MCAD,Blank Checks
7595,7595,MIT,BLANK CHECKS
7596,7596,NAAC,BLANK CHECKS
7597,7597,NAPA,BEVERAGES
7598,7598,PCT,"PLASTICS, MATERIALS, SYNTH RESINS &amp; NONVULCAN ELASTOMERS"
7599,7599,PGRW,BLANK CHECKS
7600,7600,RACB,BLANK CHECKS
7601,7601,SHAC,BLANK CHECKS
7602,7602,SNCY,"AIR TRANSPORTATION, SCHEDULED"
7603,7603,SSAA,BLANK CHECKS
7604,7604,TIL,BIOLOGICAL PRODUCTS (NO DIAGNOSTIC SUBSTANCES)
7605,7605,TLGA,"MISCELLANEOUS ELECTRICAL MACHINERY, EQUIPMENT &amp; SUPPLIES"
7606,7606,TUYA,SERVICES-PREPACKAGED SOFTWARE
7607,7607,VEI,Crude Petroleum & Natural Gas
7608,7608,VOSO,Blank Checks
7609,7609,DNZ,BLANK CHECKS
7610,7610,OEPW,BLANK CHECKS
7611,7611,ITHX,Blank Checks
7612,7612,ACVA,"SERVICES-BUSINESS SERVICES, NEC"
7613,7613,AGAC,BLANK CHECKS
7614,7614,ALHC,HOSPITAL &amp; MEDICAL SERVICE PLANS
7615,7615,ARVL,MOTOR VEHICLES &amp; PASSENGER CAR BODIES
7616,7616,ATMR,Fabricated Structural Metal Products
7617,7617,BIGZ,Investment Offices / Funds
7618,7618,CPUH,BLANK CHECKS
7619,7619,CRCT,"SPECIAL INDUSTRY MACHINERY, NEC"
7620,7620,DGNU,BLANK CHECKS
7621,7621,DHHC,OPERATIVE BUILDERS
7622,7622,DOCN,"SERVICES-COMPUTER PROGRAMMING, DATA PROCESSING, ETC."
7623,7623,DSEY,"SPECIALTY CLEANING, POLISHING AND SANITATION PREPARATIONS"
7624,7624,DSGN,PHARMACEUTICAL PREPARATIONS
7625,7625,ECCW,Services-Prepackaged Software
7626,7626,EEIQ,SERVICES-EDUCATIONAL SERVICES
7627,7627,EWTX,PHARMACEUTICAL PREPARATIONS
7628,7628,GCAC,Motor Vehicle Parts & Accessories
7629,7629,GHAC,BLANK CHECKS
7630,7630,GSQD,BLANK CHECKS
7631,7631,HHLA,SERVICES-MEDICAL LABORATORIES
7632,7632,HYW,INVESTMENT ADVICE
7633,7633,IKNA,BIOLOGICAL PRODUCTS (NO DIAGNOSTIC SUBSTANCES)
7634,7634,JWSM,BLANK CHECKS
7635,7635,KVSB,"Services-Computer Programming, Data Processing, Etc."
7636,7636,KVSC,BLANK CHECKS
7637,7637,LBPS,Pharmaceutical Preparations
7638,7638,LVTX,PHARMACEUTICAL PREPARATIONS
7639,7639,MDH,BLANK CHECKS
7640,7640,MOVE,SERVICES-COMPUTER PROCESSING &amp; DATA PREPARATION
7641,7641,NVVE,"POWER, DISTRIBUTION &amp; SPECIALTY TRANSFORMERS"
7642,7642,OLK,LABORATORY ANALYTICAL INSTRUMENTS
7643,7643,PUCK,BLANK CHECKS
7644,7644,SEMR,SERVICES-PREPACKAGED SOFTWARE
7645,7645,SJIV,NATURAL GAS DISTRIBUTION
7646,7646,TDUP,RETAIL-CATALOG &amp; MAIL-ORDER HOUSES
7647,7647,TMAC,BLANK CHECKS
7648,7648,UPC,PHARMACEUTICAL PREPARATIONS
7649,7649,VZIO,HOUSEHOLD AUDIO &amp; VIDEO EQUIPMENT
7650,7650,ZH,"SERVICES-BUSINESS SERVICES, NEC"
7651,7651,CFV,Blank Checks
7652,7652,CLRM,BLANK CHECKS
7653,7653,CRU,BLANK CHECKS
7654,7654,HCII,BLANK CHECKS
7655,7655,NXU,Truck & Bus Bodies
7656,7656,PRPC,BLANK CHECKS
7657,7657,ROCR,"Water, Sewer, Pipeline, Comm & Power Line Construction"
7658,7658,THMA,Services-Health Services
7659,7659,KRNL,BLANK CHECKS
7660,7660,NRAC,BLANK CHECKS
7661,7661,STPC,Food and Kindred Products
7662,7662,ACHL,BIOLOGICAL PRODUCTS (NO DIAGNOSTIC SUBSTANCES)
7663,7663,APGB,BLANK CHECKS
7664,7664,CCVI,BLANK CHECKS
7665,7665,COMP,REAL ESTATE AGENTS &amp; MANAGERS (FOR OTHERS)
7666,7666,COUR,SERVICES-PREPACKAGED SOFTWARE
7667,7667,COVA,BLANK CHECKS
7668,7668,CTOS,"SERVICES-EQUIPMENT RENTAL &amp; LEASING, NEC"
7669,7669,CVII,BLANK CHECKS
7670,7670,DCRN,Electrical Industrial Apparatus
7671,7671,EM,SERVICES-PERSONAL SERVICES
7672,7672,FOA,MORTGAGE BANKERS &amp; LOAN CORRESPONDENTS
7673,7673,IACB,Services-Prepackaged Software
7674,7674,ISLE,Blank Checks
7675,7675,ITQ,BLANK CHECKS
7676,7676,JOFF,BLANK CHECKS
7677,7677,KARO,SERVICES-PREPACKAGED SOFTWARE
7678,7678,PICC,BLANK CHECKS
7679,7679,PSFE,"SERVICES-BUSINESS SERVICES, NEC"
7680,7680,RMGC,ELECTRICAL INDUSTRIAL APPARATUS
7681,7681,SLAC,FINANCE SERVICES
7682,7682,TBCP,BLANK CHECKS
7683,7683,TWOA,BLANK CHECKS
7684,7684,ULCC,"AIR TRANSPORTATION, SCHEDULED"
7685,7685,ZWRK,BLANK CHECKS
7686,7686,BITE,BLANK CHECKS
7687,7687,BOAS,BLANK CHECKS
7688,7688,CENH,Blank Checks
7689,7689,CPTK,WHOLESALE-HARDWARE
7690,7690,ENNV,Fabricated Structural Metal Products
7691,7691,KURI,Services-Health Services
7692,7692,RCLF,SURGICAL &amp; MEDICAL INSTRUMENTS &amp; APPARATUS
7693,7693,SDAC,BLANK CHECKS
7694,7694,EVOJ,BLANK CHECKS
7695,7695,ASTS,"COMMUNICATION SERVICES, NEC"
7696,7696,AUD,RADIO BROADCASTING STATIONS
7697,7697,FORE,Services-Health Services
7698,7698,HTFB,"Plastic Materials, Synth Resins & Nonvulcan Elastomers"
7699,7699,LGAC,BLANK CHECKS
7700,7700,MACA,BLANK CHECKS
7701,7701,MSAC,BLANK CHECKS
7702,7702,RPHM,PHARMACEUTICAL PREPARATIONS
7703,7703,SCLE,ELECTRIC SERVICES
7704,7704,SCOB,BLANK CHECKS
7705,7705,SPGS,BLANK CHECKS
7706,7706,SPTK,BLANK CHECKS
7707,7707,TCAC,Services-Computer Programming Services
7708,7708,TPGS,Blank Checks
7709,7709,TSIB,BLANK CHECKS
7710,7710,TWNI,BLANK CHECKS
7711,7711,UTME,ELECTRONIC &amp; OTHER ELECTRICAL EQUIPMENT (NO COMPUTER EQUIP)
7712,7712,VECT,BIOLOGICAL PRODUCTS (NO DIAGNOSTIC SUBSTANCES)
7713,7713,XPDI,Finance Services
7714,7714,FACA,BLANK CHECKS
7715,7715,INVZ,MOTOR VEHICLE PARTS &amp; ACCESSORIES
7716,7716,PFDR,SERVICES-PREPACKAGED SOFTWARE
7717,7717,PSAG,BLANK CHECKS
7718,7718,AGL,"SERVICES-MISC HEALTH &amp; ALLIED SERVICES, NEC"
7719,7719,AKYA,LABORATORY ANALYTICAL INSTRUMENTS
7720,7720,ALKT,SERVICES-PREPACKAGED SOFTWARE
7721,7721,ANAC,BLANK CHECKS
7722,7722,APP,"SERVICES-COMPUTER PROGRAMMING, DATA PROCESSING, ETC."
7723,7723,ASPC,Blank Checks
7724,7724,ASZ,BLANK CHECKS
7725,7725,AUS,BLANK CHECKS
7726,7726,BEPH,ELECTRIC SERVICES
7727,7727,BMEA,PHARMACEUTICAL PREPARATIONS
7728,7728,CFVI,"SERVICES-COMPUTER PROGRAMMING, DATA PROCESSING, ETC."
7729,7729,COIN,FINANCE SERVICES
7730,7730,COLI,BLANK CHECKS
7731,7731,EBET,SERVICES-AMUSEMENT &amp; RECREATION SERVICES
7732,7732,FACT,CONSTRUCTION SPECIAL TRADE CONTRACTORS
7733,7733,FLME,CRUDE PETROLEUM &amp; NATURAL GAS
7734,7734,FSNB,BLANK CHECKS
7735,7735,GBRG,BLANK CHECKS
7736,7736,HUGS,BLANK CHECKS
7737,7737,KRT,"PLASTICS PRODUCTS, NEC"
7738,7738,LIII,Agricultural Production-Crops
7739,7739,NVSA,BLANK CHECKS
7740,7740,RXRX,BIOLOGICAL PRODUCTS (NO DIAGNOSTIC SUBSTANCES)
7741,7741,SLAM,"COMMUNICATION SERVICES, NEC"
7742,7742,SLAMW,"COMMUNICATION SERVICES, NEC"
7743,7743,TCVA,BLANK CHECKS
7744,7744,TSP,SERVICES-COMPUTER INTEGRATED SYSTEMS DESIGN
7745,7745,VELO,BLANK CHECKS
7746,7746,VENA,SERVICES-COMPUTER PROGRAMMING SERVICES
7747,7747,WARR,BLANK CHECKS
7748,7748,YTPG,BLANK CHECKS
7749,7749,GSEV,BLANK CHECKS
7750,7750,HIII,BLANK CHECKS
7751,7751,IBER,BLANK CHECKS
7752,7752,KAII,BLANK CHECKS
7753,7753,FSRX,BLANK CHECKS
7754,7754,BCTX,PHARMACEUTICAL PREPARATIONS
7755,7755,KIII,BLANK CHECKS
7756,7756,ATSPT,Services-Prepackaged Software
7757,7757,CMII,Blank Checks
7758,7758,AGTI,SERVICES-MISCELLANEOUS EQUIPMENT RENTAL &amp; LEASING
7759,7759,AMPI,BLANK CHECKS
7760,7760,ARRW,SERVICES-PREPACKAGED SOFTWARE
7761,7761,ATAQ,BLANK CHECKS
7762,7762,DHBC,BLANK CHECKS
7763,7763,DMYQ,Radio & Tv Broadcasting & Communications Equipment
7764,7764,DV,"SERVICES-COMPUTER PROGRAMMING, DATA PROCESSING, ETC."
7765,7765,EGLX,SERVICES-AMUSEMENT &amp; RECREATION SERVICES
7766,7766,FTEV,BLANK CHECKS
7767,7767,GENI,SERVICES-MISCELLANEOUS AMUSEMENT &amp; RECREATION
7768,7768,GIIX,INDUSTRIAL ORGANIC CHEMICALS
7769,7769,IFBD,SERVICES-PREPACKAGED SOFTWARE
7770,7770,IMPL,PHARMACEUTICAL PREPARATIONS
7771,7771,IPVA,SERVICES-AUTO RENTAL &amp; LEASING (NO DRIVERS)
7772,7772,IPVF,"SECURITY BROKERS, DEALERS &amp; FLOTATION COMPANIES"
7773,7773,KKRS,INVESTMENT ADVICE
7774,7774,KNBE,"SERVICES-COMPUTER PROGRAMMING, DATA PROCESSING, ETC."
7775,7775,LGO,"MINING, QUARRYING OF NONMETALLIC MINERALS (NO FUELS)"
7776,7776,LOKM,BLANK CHECKS
7777,7777,MACQ,"Services-Computer Programming, Data Processing, Etc."
7778,7778,MBAC,"COMMUNICATION SERVICES, NEC"
7779,7779,NDAC,BLANK CHECKS
7780,7780,NIMC,ELECTRIC &amp; OTHER SERVICES COMBINED
7781,7781,NPCE,SURGICAL &amp; MEDICAL INSTRUMENTS &amp; APPARATUS
7782,7782,OHPA,BLANK CHECKS
7783,7783,PATH,SERVICES-PREPACKAGED SOFTWARE
7784,7784,RAIN,PHARMACEUTICAL PREPARATIONS
7785,7785,SKYT,SEMICONDUCTORS &amp; RELATED DEVICES
7786,7786,SRNG,"Biological Products, (No Diagnostic Substances)"
7787,7787,SWIM,"PLASTICS PRODUCTS, NEC"
7788,7788,TMCI,SURGICAL &amp; MEDICAL INSTRUMENTS &amp; APPARATUS
7789,7789,TRCA,BLANK CHECKS
7790,7790,TRKA,CABLE &amp; OTHER PAY TELEVISION SERVICES
7791,7791,TSPQ,BLANK CHECKS
7792,7792,TWNT,Guided Missiles & Space Vehicles & Parts
7793,7793,VPCC,Finance Services
7794,7794,WPCA,BLANK CHECKS
7795,7795,WPCB,BLANK CHECKS
7796,7796,ZY,SERVICES-COMMERCIAL PHYSICAL &amp; BIOLOGICAL RESEARCH
7797,7797,ISOS,Services-Amusement & Recreation Services
7798,7798,DHCA,SERVICES-COMPUTER INTEGRATED SYSTEMS DESIGN
7799,7799,EJFA,Blank Checks
7800,7800,FTAA,BLANK CHECKS
7801,7801,MACC,BLANK CHECKS
7802,7802,NSTC,BLANK CHECKS
7803,7803,NSTD,BLANK CHECKS
7804,7804,SNII,Real Estate Agents & Managers (For Others)
7805,7805,ANZU,"ORTHOPEDIC, PROSTHETIC &amp; SURGICAL APPLIANCES &amp; SUPPLIES"
7806,7806,PMGM,PHARMACEUTICAL PREPARATIONS
7807,7807,NBST,BLANK CHECKS
7808,7808,ACAH,BLANK CHECKS
7809,7809,AVAH,SERVICES-HOME HEALTH CARE SERVICES
7810,7810,CLAA,"SERVICES-BUSINESS SERVICES, NEC"
7811,7811,FTCI,SEMICONDUCTORS &amp; RELATED DEVICES
7812,7812,GAPA,BLANK CHECKS
7813,7813,HERA,BLANK CHECKS
7814,7814,HOWL,PHARMACEUTICAL PREPARATIONS
7815,7815,IACC,BLANK CHECKS
7816,7816,IPVI,BLANK CHECKS
7817,7817,NPCT,Financial Services
7818,7818,PRVA,SERVICES-HEALTH SERVICES
7819,7819,ROSS,BLANK CHECKS
7820,7820,RXRA,BLANK CHECKS
7821,7821,SBEA,Blank Checks
7822,7822,STEM,SERVICES-COMPUTER INTEGRATED SYSTEMS DESIGN
7823,7823,UROY,Commodity Contracts Brokers & Dealers
7824,7824,VACC,PHARMACEUTICAL PREPARATIONS
7825,7825,AMAO,PATENT OWNERS &amp; LESSORS
7826,7826,AURC,LOAN BROKERS
7827,7827,DTOC,SERVICES-HEALTH SERVICES
7828,7828,ESM,BLANK CHECKS
7829,7829,SBII,BLANK CHECKS
7830,7830,VPCB,BLANK CHECKS
7831,7831,FRW,BLANK CHECKS
7832,7832,PDOT,BLANK CHECKS
7833,7833,AAQC,BLANK CHECKS
7834,7834,ALF,"SERVICES-COMPUTER PROGRAMMING, DATA PROCESSING, ETC."
7835,7835,ANEB,PHARMACEUTICAL PREPARATIONS
7836,7836,BLDE,SERVICES-HEALTH SERVICES
7837,7837,BWMN,SERVICES-MANAGEMENT CONSULTING SERVICES
7838,7838,FRON,BLANK CHECKS
7839,7839,FRSG,BLANK CHECKS
7840,7840,FRXB,BLANK CHECKS
7841,7841,FYBR,TELEPHONE COMMUNICATIONS (NO RADIO TELEPHONE)
7842,7842,FZT,BLANK CHECKS
7843,7843,GOTU,SERVICES-EDUCATIONAL SERVICES
7844,7844,GTPB,BLANK CHECKS
7845,7845,HNST,RETAIL-CATALOG &amp; MAIL-ORDER HOUSES
7846,7846,HROWL,PHARMACEUTICAL PREPARATIONS
7847,7847,KAHC,BLANK CHECKS
7848,7848,LCAA,BLANK CHECKS
7849,7849,LEV,MOTOR VEHICLES &amp; PASSENGER CAR BODIES
7850,7850,LGV,BLANK CHECKS
7851,7851,OG,RETAIL-CATALOG &amp; MAIL-ORDER HOUSES
7852,7852,PTOC,SERVICES-PREPACKAGED SOFTWARE
7853,7853,RTPY,Services-Computer Integrated Systems Design
7854,7854,SKIN,SURGICAL &amp; MEDICAL INSTRUMENTS &amp; APPARATUS
7855,7855,TALS,BIOLOGICAL PRODUCTS (NO DIAGNOSTIC SUBSTANCES)
7856,7856,VALN,BIOLOGICAL PRODUCTS (NO DIAGNOSTIC SUBSTANCES)
7857,7857,WDH,INSURANCE AGENTS BROKERS &amp; SERVICES
7858,7858,ZEV,MOTOR VEHICLES &amp; PASSENGER CAR BODIES
7859,7859,FVIV,BLANK CHECKS
7860,7860,GAMC,INDUSTRIAL ORGANIC CHEMICALS
7861,7861,PLMI,SERVICES-COMPUTER INTEGRATED SYSTEMS DESIGN
7862,7862,CFFE,"SERVICES-BUSINESS SERVICES, NEC"
7863,7863,SPKB,BLANK CHECKS
7864,7864,MBTC,ELECTROMEDICAL &amp; ELECTROTHERAPEUTIC APPARATUS
7865,7865,BGSX,BLANK CHECKS
7866,7866,BYTS,SERVICES-PREPACKAGED SOFTWARE
7867,7867,DBGI,RETAIL-APPAREL &amp; ACCESSORY STORES
7868,7868,EJH,SERVICES-MISCELLANEOUS REPAIR SERVICES
7869,7869,FLGC,WHOLESALE-DRUGS PROPRIETARIES &amp; DRUGGISTS&#39; SUNDRIES
7870,7870,GLBE,SERVICES-PREPACKAGED SOFTWARE
7871,7871,GLSPT,Services-Prepackaged Software
7872,7872,GTPA,BLANK CHECKS
7873,7873,IPW,"RETAIL-BUILDING MATERIALS, HARDWARE, GARDEN SUPPLY"
7874,7874,REVH,BLANK CHECKS
7875,7875,RKTA,BLANK CHECKS
7876,7876,SCAQ,OIL &amp; GAS FILED MACHINERY &amp; EQUIPMENT
7877,7877,SMWB,"SERVICES-COMPUTER PROGRAMMING, DATA PROCESSING, ETC."
7878,7878,SVFD,AGRICULTURE CHEMICALS
7879,7879,VERA,PHARMACEUTICAL PREPARATIONS
7880,7880,VGII,Retail-Catalog & Mail-Order Houses
7881,7881,DCRC,Electrical Industrial Apparatus
7882,7882,EBAC,BLANK CHECKS
7883,7883,GGPI,Blank Checks
7884,7884,GLHA,BLANK CHECKS
7885,7885,GXII,BLANK CHECKS
7886,7886,KSI,BLANK CHECKS
7887,7887,NGC,BLANK CHECKS
7888,7888,OPA,BLANK CHECKS
7889,7889,STRE,BLANK CHECKS
7890,7890,ACQR,BLANK CHECKS
7891,7891,AGGR,BLANK CHECKS
7892,7892,LDHA,BLANK CHECKS
7893,7893,LVRA,BLANK CHECKS
7894,7894,NGCA,"Search, Detection, Navigation, Guidance, Aeronautical Sys"
7895,7895,TETC,BLANK CHECKS
7896,7896,DISA,BLANK CHECKS
7897,7897,ACTD,Gas & Other Services Combined
7898,7898,JZXN,RETAIL-AUTO DEALERS &amp; GASOLINE STATIONS
7899,7899,NEWP,GOLD &amp; SILVER ORES
7900,7900,OTLY,FOOD &amp; KINDRED PRODUCTS
7901,7901,OWL,INVESTMENT ADVICE
7902,7902,OXSQG,Real Estate Investment Trusts
7903,7903,PCOR,SERVICES-PREPACKAGED SOFTWARE
7904,7904,POLY,TELEPHONE &amp; TELEGRAPH APPARATUS
7905,7905,SQSP,SERVICES-PREPACKAGED SOFTWARE
7906,7906,WALD,"PERFUMES, COSMETICS &amp; OTHER TOILET PREPARATIONS"
7907,7907,MSDA,BLANK CHECKS
7908,7908,NMG,MISCELLANEOUS METAL ORES
7909,7909,ACBA,BLANK CHECKS
7910,7910,ATVC,Blank Checks
7911,7911,LEGA,BLANK CHECKS
7912,7912,AFAQ,BLANK CHECKS
7913,7913,BIPH,NATURAL GAS TRANSMISSION &amp; DISTRIBUTION
7914,7914,BRCN,DAIRY PRODUCTS
7915,7915,CNTA,PHARMACEUTICAL PREPARATIONS
7916,7916,DAWN,PHARMACEUTICAL PREPARATIONS
7917,7917,DYNS,"Biological Products, (No Diagnostic Substances)"
7918,7918,FCRX,"Savings Institutions, Not Federally Chartered"
7919,7919,FIGS,APPAREL &amp; OTHER FINISHED PRODS OF FABRICS &amp; SIMILAR MATERIAL
7920,7920,FLYW,"SERVICES-BUSINESS SERVICES, NEC"
7921,7921,FWAC,REAL ESTATE
7922,7922,NBXG,Financial Services
7923,7923,OMIC,LABORATORY ANALYTICAL INSTRUMENTS
7924,7924,PAY,"SERVICES-BUSINESS SERVICES, NEC"
7925,7925,QIPT,"SERVICES-MISC HEALTH &amp; ALLIED SERVICES, NEC"
7926,7926,TUEM,RETAIL-VARIETY STORES
7927,7927,UGIC,GAS &amp; OTHER SERVICES COMBINED
7928,7928,VMEO,"SERVICES-COMPUTER PROGRAMMING, DATA PROCESSING, ETC."
7929,7929,ZIP,"SERVICES-COMPUTER PROGRAMMING, DATA PROCESSING, ETC."
7930,7930,CMLT,Pharmaceutical Preparations
7931,7931,ADF,Blank Checks
7932,7932,CANO,SERVICES-OFFICES &amp; CLINICS OF DOCTORS OF MEDICINE
7933,7933,DLO,"SERVICES-BUSINESS SERVICES, NEC"
7934,7934,FMIV,BLANK CHECKS
7935,7935,HITI,"RETAIL-RETAIL STORES, NEC"
7936,7936,LTCH,WHOLESALE-HARDWARE
7937,7937,OGN,PHARMACEUTICAL PREPARATIONS
7938,7938,SOFI,FINANCE SERVICES
7939,7939,WFRD,OIL &amp; GAS FILED MACHINERY &amp; EQUIPMENT
7940,7940,TBSA,BLANK CHECKS
7941,7941,TIOA,BLANK CHECKS
7942,7942,CRZN,BLANK CHECKS
7943,7943,ATY,SERVICES-COMPUTER PROCESSING &amp; DATA PREPARATION
7944,7944,BZ,"SERVICES-COMPUTER PROGRAMMING, DATA PROCESSING, ETC."
7945,7945,CMAX,SERVICES-NURSING &amp; PERSONAL CARE FACILITIES
7946,7946,DIBS,RETAIL-CATALOG &amp; MAIL-ORDER HOUSES
7947,7947,INDI,SEMICONDUCTORS &amp; RELATED DEVICES
7948,7948,ISAA,BLANK CHECKS
7949,7949,JANX,PHARMACEUTICAL PREPARATIONS
7950,7950,JBI,"METAL DOORS, SASH, FRAMES, MOLDING &amp; TRIM"
7951,7951,KPLT,"SERVICES-EQUIPMENT RENTAL &amp; LEASING, NEC"
7952,7952,LFST,SERVICES-HEALTH SERVICES
7953,7953,MAQC,SERVICES-PREPACKAGED SOFTWARE
7954,7954,MNDY,SERVICES-PREPACKAGED SOFTWARE
7955,7955,MQ,SERVICES-PREPACKAGED SOFTWARE
7956,7956,NAUT,LABORATORY ANALYTICAL INSTRUMENTS
7957,7957,QSI,"MEASURING &amp; CONTROLLING DEVICES, NEC"
7958,7958,SBEV,BEVERAGES
7959,7959,SKIL,SERVICES-PREPACKAGED SOFTWARE
7960,7960,SLHG,Services-Offices & Clinics of  Doctors of  Medicine
7961,7961,TASK,SERVICES-COMPUTER PROCESSING &amp; DATA PREPARATION
7962,7962,UPH,SERVICES-HEALTH SERVICES
7963,7963,VWE,BEVERAGES
7964,7964,ZETA,SERVICES-PREPACKAGED SOFTWARE
7965,7965,ZME,Services-Educational Services
7966,7966,ALZN,PHARMACEUTICAL PREPARATIONS
7967,7967,AMAM,BIOLOGICAL PRODUCTS (NO DIAGNOSTIC SUBSTANCES)
7968,7968,AOMR,REAL ESTATE
7969,7969,ATIP,SERVICES-NURSING &amp; PERSONAL CARE FACILITIES
7970,7970,CNVY,"SERVICES-MISC HEALTH &amp; ALLIED SERVICES, NEC"
7971,7971,CYT,PHARMACEUTICAL PREPARATIONS
7972,7972,DNAY,LABORATORY ANALYTICAL INSTRUMENTS
7973,7973,ECCC,Services-Prepackaged Software
7974,7974,ERO,METAL MINING
7975,7975,FEMY,SURGICAL &amp; MEDICAL INSTRUMENTS &amp; APPARATUS
7976,7976,GAME,SERVICES-AMUSEMENT &amp; RECREATION SERVICES
7977,7977,GROM,"SERVICES-COMPUTER PROGRAMMING, DATA PROCESSING, ETC."
7978,7978,HUT,FINANCE SERVICES
7979,7979,IPSC,BIOLOGICAL PRODUCTS (NO DIAGNOSTIC SUBSTANCES)
7980,7980,ISPC,SERVICES-COMMERCIAL PHYSICAL &amp; BIOLOGICAL RESEARCH
7981,7981,LYEL,PHARMACEUTICAL PREPARATIONS
7982,7982,MAPS,SERVICES-PREPACKAGED SOFTWARE
7983,7983,ME,PHARMACEUTICAL PREPARATIONS
7984,7984,MOLN,BIOLOGICAL PRODUCTS (NO DIAGNOSTIC SUBSTANCES)
7985,7985,PTRA,MOTOR VEHICLES &amp; PASSENGER CAR BODIES
7986,7986,REAX,REAL ESTATE AGENTS &amp; MANAGERS (FOR OTHERS)
7987,7987,RERE,"RETAIL-RETAIL STORES, NEC"
7988,7988,TPTA,REAL ESTATE INVESTMENT TRUSTS
7989,7989,TRMR,"SERVICES-COMPUTER PROGRAMMING, DATA PROCESSING, ETC."
7990,7990,VERV,PHARMACEUTICAL PREPARATIONS
7991,7991,WKME,SERVICES-PREPACKAGED SOFTWARE
7992,7992,MCAE,BLANK CHECKS
7993,7993,ACXP,PHARMACEUTICAL PREPARATIONS
7994,7994,BAMR,"INSURANCE CARRIERS, NEC"
7995,7995,BHG,HOSPITAL &amp; MEDICAL SERVICE PLANS
7996,7996,BITF,FINANCE SERVICES
7997,7997,BODY,RETAIL-NONSTORE RETAILERS
7998,7998,BON,MEDICINAL CHEMICALS &amp; BOTANICAL PRODUCTS
7999,7999,CFLT,SERVICES-PREPACKAGED SOFTWARE
8000,8000,CXM,SERVICES-PREPACKAGED SOFTWARE
8001,8001,DKDCA,SERVICES-COMMERCIAL PHYSICAL &amp; BIOLOGICAL RESEARCH
8002,8002,DOCS,SERVICES-COMPUTER PROGRAMMING SERVICES
8003,8003,ELEV,BIOLOGICAL PRODUCTS (NO DIAGNOSTIC SUBSTANCES)
8004,8004,ELMS,Motor Vehicles & Passenger Car Bodies
8005,8005,FA,SERVICES-COMPUTER PROCESSING &amp; DATA PREPARATION
8006,8006,GHRS,PHARMACEUTICAL PREPARATIONS
8007,8007,GLUE,BIOLOGICAL PRODUCTS (NO DIAGNOSTIC SUBSTANCES)
8008,8008,GMVD,SURGICAL &amp; MEDICAL INSTRUMENTS &amp; APPARATUS
8009,8009,GRVI,Finance Services
8010,8010,LVOX,SERVICES-COMPUTER PROCESSING &amp; DATA PREPARATION
8011,8011,MCW,"SERVICES-AUTOMOTIVE REPAIR, SERVICES &amp; PARKING"
8012,8012,MF,"RETAIL-RETAIL STORES, NEC"
8013,8013,MIRO,BIOLOGICAL PRODUCTS (NO DIAGNOSTIC SUBSTANCES)
8014,8014,MYPS,SERVICES-PREPACKAGED SOFTWARE
8015,8015,PWP,FINANCE SERVICES
8016,8016,TKNO,IN VITRO &amp; IN VIVO DIAGNOSTIC SUBSTANCES
8017,8017,TUGC,Finance Services
8018,8018,VLAT,BLANK CHECKS
8019,8019,WDI,Financial Services
8020,8020,YMM,SERVICES-PREPACKAGED SOFTWARE
8021,8021,BSKY,BLANK CHECKS
8022,8022,ABOS,BIOLOGICAL PRODUCTS (NO DIAGNOSTIC SUBSTANCES)
8023,8023,ASTR,TRANSPORTATION SERVICES
8024,8024,AVPT,SERVICES-PREPACKAGED SOFTWARE
8025,8025,AVTE,PHARMACEUTICAL PREPARATIONS
8026,8026,BRIV,BLANK CHECKS
8027,8027,CPOP,SERVICES-AMUSEMENT &amp; RECREATION SERVICES
8028,8028,CURV,RETAIL-APPAREL &amp; ACCESSORY STORES
8029,8029,CVRX,SURGICAL &amp; MEDICAL INSTRUMENTS &amp; APPARATUS
8030,8030,DDL,RETAIL-CATALOG &amp; MAIL-ORDER HOUSES
8031,8031,DIDI,"Services-Business Services, NEC"
8032,8032,DNAA,Surgical & Medical Instruments & Apparatus
8033,8033,DNAB,BLANK CHECKS
8034,8034,DNAC,"Biological Products, (No Diagnostic Substances)"
8035,8035,DNAD,BLANK CHECKS
8036,8036,DNUT,RETAIL-FOOD STORES
8037,8037,DTM,NATURAL GAS TRANSMISSION
8038,8038,EVCM,SERVICES-PREPACKAGED SOFTWARE
8039,8039,EVGO,"SERVICES-AUTOMOTIVE REPAIR, SERVICES &amp; PARKING"
8040,8040,GOBI,Blank Checks
8041,8041,HEPS,RETAIL-CATALOG &amp; MAIL-ORDER HOUSES
8042,8042,HVBT,Finance Services
8043,8043,IAS,"SERVICES-COMPUTER PROGRAMMING, DATA PROCESSING, ETC."
8044,8044,INTA,SERVICES-PREPACKAGED SOFTWARE
8045,8045,IS,SERVICES-COMPUTER PROCESSING &amp; DATA PREPARATION
8046,8046,LZ,SERVICES-COMPUTER PROCESSING &amp; DATA PREPARATION
8047,8047,PAYO,"SERVICES-BUSINESS SERVICES, NEC"
8048,8048,PNT,PHARMACEUTICAL PREPARATIONS
8049,8049,SHCR,SERVICES-HEALTH SERVICES
8050,8050,TBLA,"SERVICES-COMPUTER PROGRAMMING, DATA PROCESSING, ETC."
8051,8051,VRAR,SERVICES-COMPUTER PROGRAMMING SERVICES
8052,8052,WAVE,ELECTRIC SERVICES
8053,8053,XMTR,"SERVICES-BUSINESS SERVICES, NEC"
8054,8054,YOU,SERVICES-PREPACKAGED SOFTWARE
8055,8055,AGRI,FINANCE SERVICES
8056,8056,ALCC,ELECTRIC SERVICES
8057,8057,ALIT,"SERVICES-BUSINESS SERVICES, NEC"
8058,8058,CDZIP,Water Supply
8059,8059,CLBR,SERVICES-ADVERTISING
8060,8060,FREY,"MISCELLANEOUS ELECTRICAL MACHINERY, EQUIPMENT &amp; SUPPLIES"
8061,8061,GIW,BLANK CHECKS
8062,8062,MITQ,PHOTOGRAPHIC EQUIPMENT &amp; SUPPLIES
8063,8063,OSI,BLANK CHECKS
8064,8064,POND,BLANK CHECKS
8065,8065,RAM,BLANK CHECKS
8066,8066,RNAZ,PHARMACEUTICAL PREPARATIONS
8067,8067,SNTG,FINANCE SERVICES
8068,8068,SUNL,FINANCE SERVICES
8069,8069,VEV,MOTOR VEHICLES &amp; PASSENGER CAR BODIES
8070,8070,GFOR,BIOLOGICAL PRODUCTS (NO DIAGNOSTIC SUBSTANCES)
8071,8071,ORIA,BLANK CHECKS
8072,8072,ARTA,Blank Checks
8073,8073,ARYE,BLANK CHECKS
8074,8074,BLFY,"SAVINGS INSTITUTIONS, NOT FEDERALLY CHARTERED"
8075,8075,BLND,"SERVICES-COMPUTER PROGRAMMING, DATA PROCESSING, ETC."
8076,8076,BRDG,INVESTMENT ADVICE
8077,8077,CELU,PHARMACEUTICAL PREPARATIONS
8078,8078,CPAR,BLANK CHECKS
8079,8079,EGGF,"AIR TRANSPORTATION, NONSCHEDULED"
8080,8080,ENVX,"MISCELLANEOUS ELECTRICAL MACHINERY, EQUIPMENT &amp; SUPPLIES"
8081,8081,ERAS,PHARMACEUTICAL PREPARATIONS
8082,8082,FXLV,WHOLESALE-PROFESSIONAL &amp; COMMERCIAL EQUIPMENT &amp; SUPPLIES
8083,8083,HLLY,MOTOR VEHICLE PARTS &amp; ACCESSORIES
8084,8084,HLMN,"CUTLERY, HANDTOOLS &amp; GENERAL HARDWARE"
8085,8085,HYZN,ELECTRICAL INDUSTRIAL APPARATUS
8086,8086,IINN,SURGICAL &amp; MEDICAL INSTRUMENTS &amp; APPARATUS
8087,8087,IMGO,PHARMACEUTICAL PREPARATIONS
8088,8088,MCG,HOTELS &amp; MOTELS
8089,8089,MKFG,"COMPUTER PERIPHERAL EQUIPMENT, NEC"
8090,8090,OWLT,"MEASURING &amp; CONTROLLING DEVICES, NEC"
8091,8091,PBBK,"SAVINGS INSTITUTIONS, NOT FEDERALLY CHARTERED"
8092,8092,PECO,REAL ESTATE INVESTMENT TRUSTS
8093,8093,PSPC,BLANK CHECKS
8094,8094,RGC,MEDICINAL CHEMICALS &amp; BOTANICAL PRODUCTS
8095,8095,RPID,LABORATORY ANALYTICAL INSTRUMENTS
8096,8096,SERA,SERVICES-MEDICAL LABORATORIES
8097,8097,SGHT,SURGICAL &amp; MEDICAL INSTRUMENTS &amp; APPARATUS
8098,8098,SLI,CHEMICALS &amp; ALLIED PRODUCTS
8099,8099,STVN,SURGICAL &amp; MEDICAL INSTRUMENTS &amp; APPARATUS
8100,8100,TCBS,"SAVINGS INSTITUTIONS, NOT FEDERALLY CHARTERED"
8101,8101,UNCY,PHARMACEUTICAL PREPARATIONS
8102,8102,UP,"AIR TRANSPORTATION, NONSCHEDULED"
8103,8103,AAIN,REAL ESTATE INVESTMENT TRUSTS
8104,8104,SKYA,BLANK CHECKS
8105,8105,AATC,"MEASURING &amp; CONTROLLING DEVICES, NEC"
8106,8106,ABSI,SERVICES-COMMERCIAL PHYSICAL &amp; BIOLOGICAL RESEARCH
8107,8107,BASE,SERVICES-PREPACKAGED SOFTWARE
8108,8108,BGRY,"GENERAL INDUSTRIAL MACHINERY &amp; EQUIPMENT, NEC"
8109,8109,CNM,"WHOLESALE-DURABLE GOODS, NEC"
8110,8110,CRBU,BIOLOGICAL PRODUCTS (NO DIAGNOSTIC SUBSTANCES)
8111,8111,CTKB,LABORATORY ANALYTICAL INSTRUMENTS
8112,8112,FFIE,MOTOR VEHICLES &amp; PASSENGER CAR BODIES
8113,8113,GAMB,SERVICES-MISCELLANEOUS AMUSEMENT &amp; RECREATION
8114,8114,HCWB,PHARMACEUTICAL PREPARATIONS
8115,8115,KLTR,SERVICES-PREPACKAGED SOFTWARE
8116,8116,LAW,SERVICES-PREPACKAGED SOFTWARE
8117,8117,MGRD,INVESTMENT ADVICE
8118,8118,MKTW,SERVICES-PREPACKAGED SOFTWARE
8119,8119,MTTR,SERVICES-PREPACKAGED SOFTWARE
8120,8120,NABL,SERVICES-PREPACKAGED SOFTWARE
8121,8121,OB,"SERVICES-COMPUTER PROGRAMMING, DATA PROCESSING, ETC."
8122,8122,OPFI,FINANCE SERVICES
8123,8123,OTEC,"ORTHOPEDIC, PROSTHETIC &amp; SURGICAL APPLIANCES &amp; SUPPLIES"
8124,8124,PYCR,SERVICES-PREPACKAGED SOFTWARE
8125,8125,REE,MOTOR VEHICLES &amp; PASSENGER CAR BODIES
8126,8126,RYAN,INSURANCE AGENTS BROKERS &amp; SERVICES
8127,8127,SMFR,SERVICES-HEALTH SERVICES
8128,8128,SNAX,FOOD &amp; KINDRED PRODUCTS
8129,8129,SOPH,SERVICES-COMPUTER PROCESSING &amp; DATA PREPARATION
8130,8130,TCBC,"SAVINGS INSTITUTION, FEDERALLY CHARTERED"
8131,8131,USCB,STATE COMMERCIAL BANKS
8132,8132,VEEE,SHIP &amp; BOAT BUILDING &amp; REPAIRING
8133,8133,VTEX,SERVICES-PREPACKAGED SOFTWARE
8134,8134,XPOF,SERVICES-MISCELLANEOUS AMUSEMENT &amp; RECREATION
8135,8135,ZENV,SERVICES-PREPACKAGED SOFTWARE
8136,8136,ZVIA,BOTTLED &amp; CANNED SOFT DRINKS CARBONATED WATERS
8137,8137,LAAA,BLANK CHECKS
8138,8138,BSGA,SERVICES-COMPUTER PROCESSING &amp; DATA PREPARATION
8139,8139,CADL,BIOLOGICAL PRODUCTS (NO DIAGNOSTIC SUBSTANCES)
8140,8140,CCCS,SERVICES-PREPACKAGED SOFTWARE
8141,8141,COOK,HOUSEHOLD APPLIANCES
8142,8142,CYXT,"SERVICES-COMPUTER PROGRAMMING, DATA PROCESSING, ETC."
8143,8143,DALS,BLANK CHECKS
8144,8144,DOLE,AGRICULTURE PRODUCTION - CROPS
8145,8145,DOMA,TITLE INSURANCE
8146,8146,DPRO,AIRCRAFT
8147,8147,DUOL,SERVICES-PREPACKAGED SOFTWARE
8148,8148,FTRP,Services-Health Services
8149,8149,GACQ,MISCELLANEOUS MANUFACTURING INDUSTRIES
8150,8150,GXO,TRANSPORTATION SERVICES
8151,8151,HOOD,"SECURITY BROKERS, DEALERS &amp; FLOTATION COMPANIES"
8152,8152,ICVX,BIOLOGICAL PRODUCTS (NO DIAGNOSTIC SUBSTANCES)
8153,8153,IMRX,PHARMACEUTICAL PREPARATIONS
8154,8154,INAB,BIOLOGICAL PRODUCTS (NO DIAGNOSTIC SUBSTANCES)
8155,8155,LCID,MOTOR VEHICLES &amp; PASSENGER CAR BODIES
8156,8156,MCAF,BLANK CHECKS
8157,8157,MLNK,SERVICES-PREPACKAGED SOFTWARE
8158,8158,NUVL,PHARMACEUTICAL PREPARATIONS
8159,8159,OMGA,BIOLOGICAL PRODUCTS (NO DIAGNOSTIC SUBSTANCES)
8160,8160,PWSC,SERVICES-PREPACKAGED SOFTWARE
8161,8161,RANI,PHARMACEUTICAL PREPARATIONS
8162,8162,RLYB,PHARMACEUTICAL PREPARATIONS
8163,8163,ROVR,SERVICES-PERSONAL SERVICES
8164,8164,RSKD,"SERVICES-BUSINESS SERVICES, NEC"
8165,8165,RSVR,SERVICES-AMUSEMENT &amp; RECREATION SERVICES
8166,8166,RXST,OPHTHALMIC GOODS
8167,8167,SNPO,ELECTRONIC COMPONENTS &amp; ACCESSORIES
8168,8168,TBLD,Financial Services
8169,8169,TNYA,BIOLOGICAL PRODUCTS (NO DIAGNOSTIC SUBSTANCES)
8170,8170,SPK,BIOLOGICAL PRODUCTS (NO DIAGNOSTIC SUBSTANCES)
8171,8171,SMIH,BLANK CHECKS
8172,8172,GPCO,"SERVICES-COMPUTER PROGRAMMING, DATA PROCESSING, ETC."
8173,8173,ADGI,BIOLOGICAL PRODUCTS (NO DIAGNOSTIC SUBSTANCES)
8174,8174,AMBP,METAL CANS
8175,8175,CLAQ,"GENERAL INDUSTRIAL MACHINERY &amp; EQUIPMENT, NEC"
8176,8176,EWCZ,SERVICES-PERSONAL SERVICES
8177,8177,HCNE,BLANK CHECKS
8178,8178,HIPO,"FIRE, MARINE &amp; CASUALTY INSURANCE"
8179,8179,MIO,Investment Offices / Funds
8180,8180,RONI,ELECTRICAL INDUSTRIAL APPARATUS
8181,8181,STGW,SERVICES-ADVERTISING AGENCIES
8182,8182,VSCO,RETAIL-WOMEN&#39;S CLOTHING STORES
8183,8183,WEBR,HOUSEHOLD APPLIANCES
8184,8184,DILA,BLANK CHECKS
8185,8185,GSQB,BLANK CHECKS
8186,8186,LITT,BLANK CHECKS
8187,8187,CLAY,SEMICONDUCTORS &amp; RELATED DEVICES
8188,8188,CRDL,BIOLOGICAL PRODUCTS (NO DIAGNOSTIC SUBSTANCES)
8189,8189,DATS,TELEGRAPH &amp; OTHER MESSAGE COMMUNICATIONS
8190,8190,DRMA,PHARMACEUTICAL PREPARATIONS
8191,8191,ELYM,PHARMACEUTICAL PREPARATIONS
8192,8192,JOBY,AIRCRAFT
8193,8193,JUGG,BLANK CHECKS
8194,8194,LICY,HAZARDOUS WASTE MANAGEMENT
8195,8195,MNTS,GUIDED MISSILES &amp; SPACE VEHICLES &amp; PARTS
8196,8196,RKLY,SEMICONDUCTORS &amp; RELATED DEVICES
8197,8197,SRZN,BIOLOGICAL PRODUCTS (NO DIAGNOSTIC SUBSTANCES)
8198,8198,SSBK,STATE COMMERCIAL BANKS
8199,8199,TNGX,PHARMACEUTICAL PREPARATIONS
8200,8200,TRON,BLANK CHECKS
8201,8201,VQS,"SERVICES-COMPUTER PROGRAMMING, DATA PROCESSING, ETC."
8202,8202,HLBZ,"SERVICES-BUSINESS SERVICES, NEC"
8203,8203,MIMO,RADIO &amp; TV BROADCASTING &amp; COMMUNICATIONS EQUIPMENT
8204,8204,MITA,BLANK CHECKS
8205,8205,ZT,BLANK CHECKS
8206,8206,EOCW,BLANK CHECKS
8207,8207,FTVI,BLANK CHECKS
8208,8208,GGGV,Blank Checks
8209,8209,IMAQ,SERVICES-MOTION PICTURE &amp; VIDEO TAPE PRODUCTION
8210,8210,LIDR,MOTOR VEHICLE PARTS &amp; ACCESSORIES
8211,8211,NLIT,FINANCE SERVICES
8212,8212,OTMO,SERVICES-PREPACKAGED SOFTWARE
8213,8213,XOS,MOTOR VEHICLE PARTS &amp; ACCESSORIES
8214,8214,CORS,BLANK CHECKS
8215,8215,SHQA,BLANK CHECKS
8216,8216,ACRO,BLANK CHECKS
8217,8217,AGIL,SERVICES-MANAGEMENT CONSULTING SERVICES
8218,8218,BRAG,SERVICES-COMPUTER RENTAL &amp; LEASING
8219,8219,CIFR,FINANCE SERVICES
8220,8220,CNTQ,"MISCELLANEOUS ELECTRICAL MACHINERY, EQUIPMENT &amp; SUPPLIES"
8221,8221,CZOO,RETAIL-AUTO DEALERS &amp; GASOLINE STATIONS
8222,8222,EFTR,PHARMACEUTICAL PREPARATIONS
8223,8223,FATBB,RETAIL-EATING PLACES
8224,8224,GDEV,SERVICES-COMPUTER PROGRAMMING SERVICES
8225,8225,GLTA,SERVICES-AUTO RENTAL &amp; LEASING (NO DRIVERS)
8226,8226,GWII,BLANK CHECKS
8227,8227,HUMA,BIOLOGICAL PRODUCTS (NO DIAGNOSTIC SUBSTANCES)
8228,8228,ICCM,SURGICAL &amp; MEDICAL INSTRUMENTS &amp; APPARATUS
8229,8229,IRNT,SERVICES-PREPACKAGED SOFTWARE
8230,8230,RKLB,GUIDED MISSILES &amp; SPACE VEHICLES &amp; PARTS
8231,8231,RNW,ELECTRIC SERVICES
8232,8232,RNXT,PHARMACEUTICAL PREPARATIONS
8233,8233,SQL,SERVICES-HELP SUPPLY SERVICES
8234,8234,VLTA,MISCELLANEOUS TRANSPORTATION EQUIPMENT
8235,8235,ASPA,SERVICES-MANAGEMENT CONSULTING SERVICES
8236,8236,CHRB,HAZARDOUS WASTE MANAGEMENT
8237,8237,CLBT,SERVICES-PREPACKAGED SOFTWARE
8238,8238,DDI,SERVICES-COMPUTER PROCESSING &amp; DATA PREPARATION
8239,8239,INCR,PHARMACEUTICAL PREPARATIONS
8240,8240,OPAD,REAL ESTATE AGENTS &amp; MANAGERS (FOR OTHERS)
8241,8241,RCOR,BIOLOGICAL PRODUCTS (NO DIAGNOSTIC SUBSTANCES)
8242,8242,RDW,GUIDED MISSILES &amp; SPACE VEHICLES &amp; PARTS
8243,8243,SLGC,SERVICES-COMMERCIAL PHYSICAL &amp; BIOLOGICAL RESEARCH
8244,8244,STAB,PHARMACEUTICAL PREPARATIONS
8245,8245,JATT,BIOLOGICAL PRODUCTS (NO DIAGNOSTIC SUBSTANCES)
8246,8246,ROCG,SEMICONDUCTORS &amp; RELATED DEVICES
8247,8247,RICO,Agricultural Production-Crops
8248,8248,THCP,BLANK CHECKS
8249,8249,ARQQ,SERVICES-PREPACKAGED SOFTWARE
8250,8250,ATXS,PHARMACEUTICAL PREPARATIONS
8251,8251,BKSY,RADIO &amp; TV BROADCASTING &amp; COMMUNICATIONS EQUIPMENT
8252,8252,BSAQ,BLANK CHECKS
8253,8253,CLOE,SERVICES-MISCELLANEOUS AMUSEMENT &amp; RECREATION
8254,8254,CRXT,BIOLOGICAL PRODUCTS (NO DIAGNOSTIC SUBSTANCES)
8255,8255,TMC,METAL MINING
8256,8256,TNT,SERVICES-PREPACKAGED SOFTWARE
8257,8257,TRTL,BLANK CHECKS
8258,8258,TWCB,BLANK CHECKS
8259,8259,WLTH,Finance Services
8260,8260,APAC,SERVICES-PREPACKAGED SOFTWARE
8261,8261,FICV,BLANK CHECKS
8262,8262,UPTD,BIOLOGICAL PRODUCTS (NO DIAGNOSTIC SUBSTANCES)
8263,8263,ACHR,AIRCRAFT
8264,8264,BLNG,BLANK CHECKS
8265,8265,BROS,RETAIL-EATING &amp; DRINKING PLACES
8266,8266,DH,SERVICES-PREPACKAGED SOFTWARE
8267,8267,DICE,PHARMACEUTICAL PREPARATIONS
8268,8268,DNA,BIOLOGICAL PRODUCTS (NO DIAGNOSTIC SUBSTANCES)
8269,8269,EZFL,RETAIL-AUTO DEALERS &amp; GASOLINE STATIONS
8270,8270,FORG,SERVICES-PREPACKAGED SOFTWARE
8271,8271,GREE,FINANCE SERVICES
8272,8272,JXN,LIFE INSURANCE
8273,8273,KTTA,PHARMACEUTICAL PREPARATIONS
8274,8274,LFG,GAS &amp; OTHER SERVICES COMBINED
8275,8275,LILM,AIRCRAFT
8276,8276,MDVA,Blank Checks
8277,8277,MEAC,SURGICAL &amp; MEDICAL INSTRUMENTS &amp; APPARATUS
8278,8278,MTAL,BLANK CHECKS
8279,8279,ONON,RUBBER &amp; PLASTICS FOOTWEAR
8280,8280,PRCT,SURGICAL &amp; MEDICAL INSTRUMENTS &amp; APPARATUS
8281,8281,RBOT,"ORTHOPEDIC, PROSTHETIC &amp; SURGICAL APPLIANCES &amp; SUPPLIES"
8282,8282,SGML,METAL MINING
8283,8283,SRAD,"SERVICES-COMPUTER PROGRAMMING, DATA PROCESSING, ETC."
8284,8284,TWKS,SERVICES-COMPUTER PROGRAMMING SERVICES
8285,8285,TYRA,PHARMACEUTICAL PREPARATIONS
8286,8286,VATE,FABRICATED STRUCTURAL METAL PRODUCTS
8287,8287,WRAC,BLANK CHECKS
8288,8288,ALPA,"SOAP, DETERGENT, CLEANING PREPARATIONS, PERFUMES, COSMETICS"
8289,8289,APTM,BLANK CHECKS
8290,8290,AKA,RETAIL-CATALOG &amp; MAIL-ORDER HOUSES
8291,8291,ARBK,FINANCE SERVICES
8292,8292,BRLT,"JEWELRY, SILVERWARE &amp; PLATED WARE"
8293,8293,CHWA,Services-Personal Services
8294,8294,CWAN,SERVICES-PREPACKAGED SOFTWARE
8295,8295,ESMT,SERVICES-PREPACKAGED SOFTWARE
8296,8296,ML,FINANCE SERVICES
8297,8297,NRDY,SERVICES-EDUCATIONAL SERVICES
8298,8298,PFTA,BLANK CHECKS
8299,8299,RELY,"SERVICES-BUSINESS SERVICES, NEC"
8300,8300,SOVO,FOOD &amp; KINDRED PRODUCTS
8301,8301,STER,SERVICES-COMPUTER PROCESSING &amp; DATA PREPARATION
8302,8302,SWAG,Services-Advertising Agencies
8303,8303,SWSS,BLANK CHECKS
8304,8304,THRN,PHARMACEUTICAL PREPARATIONS
8305,8305,TOST,SERVICES-COMPUTER PROCESSING &amp; DATA PREPARATION
8306,8306,VBNK,"COMMERCIAL BANKS, NEC"
8307,8307,XPAX,BLANK CHECKS
8308,8308,JSPR,BIOLOGICAL PRODUCTS (NO DIAGNOSTIC SUBSTANCES)
8309,8309,HWEL,BLANK CHECKS
8310,8310,AFTR,BLANK CHECKS
8311,8311,AMPL,SERVICES-PREPACKAGED SOFTWARE
8312,8312,BHIL,FOOD &amp; KINDRED PRODUCTS
8313,8313,DWAC,"SERVICES-COMPUTER PROGRAMMING, DATA PROCESSING, ETC."
8314,8314,ECAT,Financial Services
8315,8315,EXAI,BIOLOGICAL PRODUCTS (NO DIAGNOSTIC SUBSTANCES)
8316,8316,FWRG,RETAIL-EATING PLACES
8317,8317,GFAI,"SERVICES-DETECTIVE, GUARD &amp; ARMORED CAR SERVICES"
8318,8318,GLEE,SERVICES-PREPACKAGED SOFTWARE
8319,8319,IONM,SURGICAL &amp; MEDICAL INSTRUMENTS &amp; APPARATUS
8320,8320,IONQ,SERVICES-COMPUTER INTEGRATED SYSTEMS DESIGN
8321,8321,JAQC,BLANK CHECKS
8322,8322,KCGI,BLANK CHECKS
8323,8323,KORE,"COMMUNICATION SERVICES, NEC"
8324,8324,LMDX,PHARMACEUTICAL PREPARATIONS
8325,8325,MEKA,BLANK CHECKS
8326,8326,NFGC,GOLD &amp; SILVER ORES
8327,8327,NVNO,SURGICAL &amp; MEDICAL INSTRUMENTS &amp; APPARATUS
8328,8328,OLPX,"PERFUMES, COSMETICS &amp; OTHER TOILET PREPARATIONS"
8329,8329,PAFO,BLANK CHECKS
8330,8330,PROC,PHARMACEUTICAL PREPARATIONS
8331,8331,ROIV,PHARMACEUTICAL PREPARATIONS
8332,8332,SEVN,REAL ESTATE INVESTMENT TRUSTS
8333,8333,SHPW,MISCELLANEOUS MANUFACTURING INDUSTRIES
8334,8334,SLVM,PAPER MILLS
8335,8335,SNT,"COMMUNICATIONS EQUIPMENT, NEC"
8336,8336,STRC,SERVICES-PREPACKAGED SOFTWARE
8337,8337,TDCX,SERVICES-COMPUTER INTEGRATED SYSTEMS DESIGN
8338,8338,VLD,"SPECIAL INDUSTRY MACHINERY, NEC"
8339,8339,VLN,SEMICONDUCTORS &amp; RELATED DEVICES
8340,8340,WOLF,SEMICONDUCTORS &amp; RELATED DEVICES
8341,8341,WRBY,OPHTHALMIC GOODS
8342,8342,DCRD,BLANK CHECKS
8343,8343,NOVV,BLANK CHECKS
8344,8344,OXAC,"AIR TRANSPORTATION, NONSCHEDULED"
8345,8345,VCXA,AGRICULTURE PRODUCTION - CROPS
8346,8346,WBX,"MISCELLANEOUS ELECTRICAL MACHINERY, EQUIPMENT &amp; SUPPLIES"
8347,8347,WQGA,BLANK CHECKS
8348,8348,ARBE,SERVICES-COMPUTER INTEGRATED SYSTEMS DESIGN
8349,8349,BWC,BLANK CHECKS
8350,8350,CCSI,SERVICES-PREPACKAGED SOFTWARE
8351,8351,CENQ,INDUSTRIAL ORGANIC CHEMICALS
8352,8352,CGTX,BIOLOGICAL PRODUCTS (NO DIAGNOSTIC SUBSTANCES)
8353,8353,CION,Financial Services
8354,8354,GIPR,REAL ESTATE INVESTMENT TRUSTS
8355,8355,GWH,"MISCELLANEOUS ELECTRICAL MACHINERY, EQUIPMENT &amp; SUPPLIES"
8356,8356,ISO,LABORATORY ANALYTICAL INSTRUMENTS
8357,8357,LTH,SERVICES-MEMBERSHIP SPORTS &amp; RECREATION CLUBS
8358,8358,LVO,RETAIL-EATING PLACES
8359,8359,MNDT,"COMPUTER PERIPHERAL EQUIPMENT, NEC"
8360,8360,NVEI,"SERVICES-BUSINESS SERVICES, NEC"
8361,8361,OXUS,FOOD &amp; KINDRED PRODUCTS
8362,8362,PYXS,PHARMACEUTICAL PREPARATIONS
8363,8363,SNCE,SERVICES-COMMERCIAL PHYSICAL &amp; BIOLOGICAL RESEARCH
8364,8364,TCN,REAL ESTATE OPERATORS (NO DEVELOPERS) &amp; LESSORS
8365,8365,THRX,PHARMACEUTICAL PREPARATIONS
8366,8366,VLCN,MOTOR VEHICLES &amp; PASSENGER CAR BODIES
8367,8367,APMI,BLANK CHECKS
8368,8368,PONO,AIRCRAFT
8369,8369,PPHP,BLANK CHECKS
8370,8370,WAVC,BLANK CHECKS
8371,8371,WINV,BLANK CHECKS
8372,8372,BBLG,"ORTHOPEDIC, PROSTHETIC &amp; SURGICAL APPLIANCES &amp; SUPPLIES"
8373,8373,BBLGW,"ORTHOPEDIC, PROSTHETIC &amp; SURGICAL APPLIANCES &amp; SUPPLIES"
8374,8374,BKKT,FINANCE SERVICES
8375,8375,CLST,"SAVINGS INSTITUTION, FEDERALLY CHARTERED"
8376,8376,ENJY,"Services-Business Services, NEC"
8377,8377,FNA,SURGICAL &amp; MEDICAL INSTRUMENTS &amp; APPARATUS
8378,8378,GTLB,SERVICES-PREPACKAGED SOFTWARE
8379,8379,IHS,RADIO TELEPHONE COMMUNICATIONS
8380,8380,INKT,BIOLOGICAL PRODUCTS (NO DIAGNOSTIC SUBSTANCES)
8381,8381,IVT,REAL ESTATE INVESTMENT TRUSTS
8382,8382,LUCD,SURGICAL &amp; MEDICAL INSTRUMENTS &amp; APPARATUS
8383,8383,OZ,REAL ESTATE
8384,8384,SISI,AGRICULTURE PRODUCTION - CROPS
8385,8385,VGFC,FOOD &amp; KINDRED PRODUCTS
8386,8386,XRTX,PHARMACEUTICAL PREPARATIONS
8387,8387,RVAC,Blank Checks
8388,8388,ARIS,"OIL, GAS FIELD SERVICES, NBC"
8389,8389,ASTL,"STEEL WORKS, BLAST FURNACES  ROLLING MILLS (COKE OVENS)"
8390,8390,BBLN,SERVICES-HEALTH SERVICES
8391,8391,CCAI,BLANK CHECKS
8392,8392,CNDA,BLANK CHECKS
8393,8393,CNTX,PHARMACEUTICAL PREPARATIONS
8394,8394,COCO,BEVERAGES
8395,8395,CYN,SERVICES-COMPUTER PROGRAMMING SERVICES
8396,8396,ENFN,SERVICES-PREPACKAGED SOFTWARE
8397,8397,FBRT,REAL ESTATE INVESTMENT TRUSTS
8398,8398,GET,"SERVICES-BUSINESS SERVICES, NEC"
8399,8399,HHH,Real Estate Investment Trusts
8400,8400,MEOA,SERVICES-COMPUTER PROCESSING &amp; DATA PREPARATION
8401,8401,MIR,"MEASURING &amp; CONTROLLING DEVICES, NEC"
8402,8402,NVTS,SEMICONDUCTORS &amp; RELATED DEVICES
8403,8403,PTLO,RETAIL-EATING PLACES
8404,8404,RDBX,Services-Video Tape Rental
8405,8405,REVE,SERVICES-MISCELLANEOUS AMUSEMENT &amp; RECREATION
8406,8406,RWAY,Miscellaneous Business Credit Institution
8407,8407,SABS,BIOLOGICAL PRODUCTS (NO DIAGNOSTIC SUBSTANCES)
8408,8408,SDIG,FINANCE SERVICES
8409,8409,SEAT,SERVICES-MISCELLANEOUS AMUSEMENT &amp; RECREATION
8410,8410,UTRS,SURGICAL &amp; MEDICAL INSTRUMENTS &amp; APPARATUS
8411,8411,VTYX,PHARMACEUTICAL PREPARATIONS
8412,8412,WE,OPERATORS OF NONRESIDENTIAL BUILDINGS
8413,8413,XLO,PHARMACEUTICAL PREPARATIONS
8414,8414,AIP,SEMICONDUCTORS &amp; RELATED DEVICES
8415,8415,AIRS,SERVICES-OFFICES &amp; CLINICS OF DOCTORS OF MEDICINE
8416,8416,AUGX,"SERVICES-BUSINESS SERVICES, NEC"
8417,8417,AURA,BIOLOGICAL PRODUCTS (NO DIAGNOSTIC SUBSTANCES)
8418,8418,BFRI,PHARMACEUTICAL PREPARATIONS
8419,8419,BNIX,SERVICES-PREPACKAGED SOFTWARE
8420,8420,BNNR,BLANK CHECKS
8421,8421,BTTX,SERVICES-HEALTH SERVICES
8422,8422,BXSL,Financial Services
8423,8423,DTC,"Sporting & Athletic Goods, NEC"
8424,8424,DTRT,BLANK CHECKS
8425,8425,EICA,Services-Prepackaged Software
8426,8426,FLNC,"MISCELLANEOUS ELECTRICAL MACHINERY, EQUIPMENT &amp; SUPPLIES"
8427,8427,GFS,SEMICONDUCTORS &amp; RELATED DEVICES
8428,8428,HRT,"SERVICES-BUSINESS SERVICES, NEC"
8429,8429,INFA,SERVICES-PREPACKAGED SOFTWARE
8430,8430,MEGI,Financial Services
8431,8431,MRAI,"SERVICES-MISC HEALTH &amp; ALLIED SERVICES, NEC"
8432,8432,NN,"SEARCH, DETECTION, NAVIGATION, GUIDANCE, AERONAUTICAL SYS"
8433,8433,OFSSH,Unknown
8434,8434,PRBM,BLANK CHECKS
8435,8435,RENT,"RETAIL-RETAIL STORES, NEC"
8436,8436,SONX,DENTAL EQUIPMENT &amp; SUPPLIES
8437,8437,TPBA,BLANK CHECKS
8438,8438,TRDA,PHARMACEUTICAL PREPARATIONS
8439,8439,UDMY,SERVICES-EDUCATIONAL SERVICES
8440,8440,SKE,GOLD &amp; SILVER ORES
8441,8441,AEHA,PHARMACEUTICAL PREPARATIONS
8442,8442,ARHS,RETAIL-FURNITURE STORES
8443,8443,AUR,SERVICES-COMPUTER INTEGRATED SYSTEMS DESIGN
8444,8444,BIRD,APPAREL &amp; OTHER FINISHED PRODS OF FABRICS &amp; SIMILAR MATERIAL
8445,8445,BMAQ,BLANK CHECKS
8446,8446,BRDS,"MOTORCYCLES, BICYCLES &amp; PARTS"
8447,8447,BSFC,PREPARED FRESH OR FROZEN FISH &amp; SEAFOODS
8448,8448,CDRE,"ORTHOPEDIC, PROSTHETIC &amp; SURGICAL APPLIANCES &amp; SUPPLIES"
8449,8449,CIAN,SERVICES-COMPUTER PROCESSING &amp; DATA PREPARATION
8450,8450,CMPX,BIOLOGICAL PRODUCTS (NO DIAGNOSTIC SUBSTANCES)
8451,8451,CMTG,REAL ESTATE
8452,8452,DCGO,SERVICES-HEALTH SERVICES
8453,8453,EDNC,BLANK CHECKS
8454,8454,FLYA,BLANK CHECKS
8455,8455,GIA,ELECTROMEDICAL &amp; ELECTROTHERAPEUTIC APPARATUS
8456,8456,IOBT,PHARMACEUTICAL PREPARATIONS
8457,8457,KD,SERVICES-COMPUTER INTEGRATED SYSTEMS DESIGN
8458,8458,KIND,"SERVICES-COMPUTER PROGRAMMING, DATA PROCESSING, ETC."
8459,8459,LIAN,PHARMACEUTICAL PREPARATIONS
8460,8460,LYLT,"SERVICES-BUSINESS SERVICES, NEC"
8461,8461,MDXH,SERVICES-MEDICAL LABORATORIES
8462,8462,MYNZ,PHARMACEUTICAL PREPARATIONS
8463,8463,NRDS,SERVICES-COMPUTER PROCESSING &amp; DATA PREPARATION
8464,8464,NXDT,REAL ESTATE INVESTMENT TRUSTS
8465,8465,RGF,FOOD &amp; KINDRED PRODUCTS
8466,8466,SIER,BLANK CHECKS
8467,8467,SLNH,FINANCE SERVICES
8468,8468,TSVT,PHARMACEUTICAL PREPARATIONS
8469,8469,AACI,BLANK CHECKS
8470,8470,ARGU,BLANK CHECKS
8471,8471,BJDX,SURGICAL &amp; MEDICAL INSTRUMENTS &amp; APPARATUS
8472,8472,BLBX,METAL MINING
8473,8473,BLZE,SERVICES-PREPACKAGED SOFTWARE
8474,8474,BMAC,BLANK CHECKS
8475,8475,BTBD,RETAIL-EATING PLACES
8476,8476,CINT,SERVICES-COMPUTER PROGRAMMING SERVICES
8477,8477,DRUG,PHARMACEUTICAL PREPARATIONS
8478,8478,DSAQ,BLANK CHECKS
8479,8479,EMBK,SERVICES-COMPUTER INTEGRATED SYSTEMS DESIGN
8480,8480,EXFY,SERVICES-PREPACKAGED SOFTWARE
8481,8481,LOCC,BLANK CHECKS
8482,8482,LVLU,RETAIL-CATALOG &amp; MAIL-ORDER HOUSES
8483,8483,MYNA,"COMMUNICATION SERVICES, NEC"
8484,8484,PIK,RETAIL-CATALOG &amp; MAIL-ORDER HOUSES
8485,8485,PRM,CHEMICALS &amp; ALLIED PRODUCTS
8486,8486,RIVN,MOTOR VEHICLES &amp; PASSENGER CAR BODIES
8487,8487,SANB,BLANK CHECKS
8488,8488,SNDA,SERVICES-NURSING &amp; PERSONAL CARE FACILITIES
8489,8489,SOPA,"SERVICES-BUSINESS SERVICES, NEC"
8490,8490,TCBX,"SAVINGS INSTITUTIONS, NOT FEDERALLY CHARTERED"
8491,8491,TELZ,CRUDE PETROLEUM &amp; NATURAL GAS
8492,8492,TIVC,ELECTROMEDICAL &amp; ELECTROTHERAPEUTIC APPARATUS
8493,8493,TOI,SERVICES-OFFICES &amp; CLINICS OF DOCTORS OF MEDICINE
8494,8494,VAXX,PHARMACEUTICAL PREPARATIONS
8495,8495,WBEV,RETAIL-MISCELLANEOUS RETAIL
8496,8496,WEAV,SERVICES-PREPACKAGED SOFTWARE
8497,8497,HHGC,BLANK CHECKS
8498,8498,ONL,REAL ESTATE INVESTMENT TRUSTS
8499,8499,GIAC,BLANK CHECKS
8500,8500,IPAX,"SEARCH, DETECTION, NAVIGATION, GUIDANCE, AERONAUTICAL SYS"
8501,8501,AHI,SERVICES-PREPACKAGED SOFTWARE
8502,8502,BACA,BLANK CHECKS
8503,8503,BRZE,SERVICES-PREPACKAGED SOFTWARE
8504,8504,DGHI,FINANCE SERVICES
8505,8505,DMYS,BLANK CHECKS
8506,8506,FINW,STATE COMMERCIAL BANKS
8507,8507,IREN,FINANCE SERVICES
8508,8508,LITM,MISCELLANEOUS METAL ORES
8509,8509,LOCL,AGRICULTURE PRODUCTION - CROPS
8510,8510,NMAI,Financial Services
8511,8511,SEV,SEMICONDUCTORS &amp; RELATED DEVICES
8512,8512,TROO,MISCELLANEOUS BUSINESS CREDIT INSTITUTION
8513,8513,TSAT,"COMMUNICATION SERVICES, NEC"
8514,8514,USER,SERVICES-PREPACKAGED SOFTWARE
8515,8515,WEJO,SERVICES-COMPUTER PROCESSING &amp; DATA PREPARATION
8516,8516,HCVI,BLANK CHECKS
8517,8517,AERC,INDUSTRIAL &amp; COMMERCIAL FANS &amp; BLOWERS &amp; AIR PURIFYING EQUIP
8518,8518,ARTE,WHOLESALE-DRUGS PROPRIETARIES &amp; DRUGGISTS&#39; SUNDRIES
8519,8519,GATE,BLANK CHECKS
8520,8520,GUG,Financial Services
8521,8521,HPLT,BLANK CHECKS
8522,8522,HWKZ,BLANK CHECKS
8523,8523,JMAC,BLANK CHECKS
8524,8524,LCW,BLANK CHECKS
8525,8525,MCLD,SERVICES-PREPACKAGED SOFTWARE
8526,8526,MTRY,BLANK CHECKS
8527,8527,TGVC,BLANK CHECKS
8528,8528,DTG,ELECTRIC SERVICES
8529,8529,NFYS,BLANK CHECKS
8530,8530,PBAX,BIOLOGICAL PRODUCTS (NO DIAGNOSTIC SUBSTANCES)
8531,8531,BAFN,STATE COMMERCIAL BANKS
8532,8532,CDRO,SERVICES-MISCELLANEOUS AMUSEMENT &amp; RECREATION
8533,8533,DMAQ,"Sporting & Athletic Goods, NEC"
8534,8534,ENER,BLANK CHECKS
8535,8535,GRAB,"SERVICES-BUSINESS SERVICES, NEC"
8536,8536,OP,DEEP SEA FOREIGN TRANSPORTATION OF FREIGHT
8537,8537,SGII,"MINING, QUARRYING OF NONMETALLIC MINERALS (NO FUELS)"
8538,8538,AVAC,BLANK CHECKS
8539,8539,BZFD,"COMMUNICATION SERVICES, NEC"
8540,8540,FATP,SERVICES-PREPACKAGED SOFTWARE
8541,8541,HGTY,INSURANCE AGENTS BROKERS &amp; SERVICES
8542,8542,IMPP,DEEP SEA FOREIGN TRANSPORTATION OF FREIGHT
8543,8543,MCAG,SURGICAL &amp; MEDICAL INSTRUMENTS &amp; APPARATUS
8544,8544,PEAR,SERVICES-HEALTH SERVICES
8545,8545,PIII,SERVICES-HEALTH SERVICES
8546,8546,TRIS,BLANK CHECKS
8547,8547,IXAQ,"COMMUNICATION SERVICES, NEC"
8548,8548,ACAQ,BLANK CHECKS
8549,8549,AMPS,ELECTRIC SERVICES
8550,8550,ARIZ,BLANK CHECKS
8551,8551,AXH,BLANK CHECKS
8552,8552,BBAI,SERVICES-PREPACKAGED SOFTWARE
8553,8553,BOXD,RETAIL-CATALOG &amp; MAIL-ORDER HOUSES
8554,8554,CDAQ,BLANK CHECKS
8555,8555,CING,PHARMACEUTICAL PREPARATIONS
8556,8556,CRGY,CRUDE PETROLEUM &amp; NATURAL GAS
8557,8557,CVT,SERVICES-PREPACKAGED SOFTWARE
8558,8558,FNVT,BLANK CHECKS
8559,8559,FOUN,Services-Prepackaged Software
8560,8560,GOGN,BLANK CHECKS
8561,8561,ICNC,BLANK CHECKS
8562,8562,IGAP,Surgical & Medical Instruments & Apparatus
8563,8563,MBSC,BLANK CHECKS
8564,8564,MOBQW,SERVICES-ADVERTISING
8565,8565,NCAC,BLANK CHECKS
8566,8566,NILE,OIL &amp; GAS FILED MACHINERY &amp; EQUIPMENT
8567,8567,NRSN,PHARMACEUTICAL PREPARATIONS
8568,8568,NU,FINANCE SERVICES
8569,8569,ONYX,BLANK CHECKS
8570,8570,PEPL,BLANK CHECKS
8571,8571,PGSS,BLANK CHECKS
8572,8572,PL,RADIO &amp; TV BROADCASTING &amp; COMMUNICATIONS EQUIPMENT
8573,8573,REFI,REAL ESTATE INVESTMENT TRUSTS
8574,8574,RENO,SERVICES-EDUCATIONAL SERVICES
8575,8575,SLDP,"MISCELLANEOUS ELECTRICAL MACHINERY, EQUIPMENT &amp; SUPPLIES"
8576,8576,VCSA,SERVICES-TO DWELLINGS &amp; OTHER BUILDINGS
8577,8577,VLNS,MEDICINAL CHEMICALS &amp; BOTANICAL PRODUCTS
8578,8578,ENTF,BLANK CHECKS
8579,8579,FHLT,BLANK CHECKS
8580,8580,THAC,BLANK CHECKS
8581,8581,WWAC,SERVICES-MANAGEMENT CONSULTING SERVICES
8582,8582,AEAE,MOTOR VEHICLE PARTS &amp; ACCESSORIES
8583,8583,AHG,"SERVICES-BUSINESS SERVICES, NEC"
8584,8584,BEPI,ELECTRIC SERVICES
8585,8585,BNOX,PHARMACEUTICAL PREPARATIONS
8586,8586,BOWL,SERVICES-AMUSEMENT &amp; RECREATION SERVICES
8587,8587,BWNB,"HEATING EQUIPMENT, EXCEPT ELECTRIC &amp; WARM AIR FURNACES"
8588,8588,EQRX,PHARMACEUTICAL PREPARATIONS
8589,8589,ESAC,CONSTRUCTION SPECIAL TRADE CONTRACTORS
8590,8590,EVTL,AIRCRAFT
8591,8591,GNTA,BIOLOGICAL PRODUCTS (NO DIAGNOSTIC SUBSTANCES)
8592,8592,IMMX,PHARMACEUTICAL PREPARATIONS
8593,8593,IOT,SERVICES-COMPUTER INTEGRATED SYSTEMS DESIGN
8594,8594,LAX,SERVICES-HEALTH SERVICES
8595,8595,NPFD,Financial Services
8596,8596,PCX,BLANK CHECKS
8597,8597,SANG,"SERVICES-COMPUTER PROGRAMMING, DATA PROCESSING, ETC."
8598,8598,SIDU,RADIO TELEPHONE COMMUNICATIONS
8599,8599,SSU,RETAIL-MISCELLANEOUS SHOPPING GOODS STORES
8600,8600,VINE,RETAIL-CATALOG &amp; MAIL-ORDER HOUSES
8601,8601,WAVD,SERVICES-PREPACKAGED SOFTWARE
8602,8602,WULF,FINANCE SERVICES
8603,8603,XFIN,BLANK CHECKS
8604,8604,ZGN,APPAREL &amp; OTHER FINISHED PRODS OF FABRICS &amp; SIMILAR MATERIAL
8605,8605,INTE,BLANK CHECKS
8606,8606,LVAC,BLANK CHECKS
8607,8607,PHYT,BLANK CHECKS
8608,8608,ADSE,"MISCELLANEOUS ELECTRICAL MACHINERY, EQUIPMENT &amp; SUPPLIES"
8609,8609,ADTH,"SERVICES-COMPUTER PROGRAMMING, DATA PROCESSING, ETC."
8610,8610,ALLR,PHARMACEUTICAL PREPARATIONS
8611,8611,CNDB,SEMICONDUCTORS &amp; RELATED DEVICES
8612,8612,FATH,FABRICATED STRUCTURAL METAL PRODUCTS
8613,8613,FIAC,"INVESTORS, NEC"
8614,8614,GLLI,BLANK CHECKS
8615,8615,GTAC,"SERVICES-BUSINESS SERVICES, NEC"
8616,8616,HYPR,ELECTROMEDICAL &amp; ELECTROTHERAPEUTIC APPARATUS
8617,8617,JUN,BLANK CHECKS
8618,8618,LGTO,HEAVY CONSTRUCTION OTHER THAN BUILDING CONST - CONTRACTORS
8619,8619,MLAI,BLANK CHECKS
8620,8620,NXGL,SURGICAL &amp; MEDICAL INSTRUMENTS &amp; APPARATUS
8621,8621,OHAA,BLANK CHECKS
8622,8622,PCCT,"MEASURING &amp; CONTROLLING DEVICES, NEC"
8623,8623,PEGR,BLANK CHECKS
8624,8624,PRDS,PHARMACEUTICAL PREPARATIONS
8625,8625,RRAC,BLANK CHECKS
8626,8626,SCCD,REAL ESTATE INVESTMENT TRUSTS
8627,8627,SCMA,BLANK CHECKS
8628,8628,SPRC,PHARMACEUTICAL PREPARATIONS
8629,8629,SVNA,BLANK CHECKS
8630,8630,TRAQ,BLANK CHECKS
8631,8631,USCT,BLANK CHECKS
8632,8632,VSAC,BLANK CHECKS
8633,8633,SEDA,BLANK CHECKS
8634,8634,ARCK,BLANK CHECKS
8635,8635,ACDI,BLANK CHECKS
8636,8636,ADAL,BLANK CHECKS
8637,8637,BCSA,BLANK CHECKS
8638,8638,CCRD,SERVICES-PREPACKAGED SOFTWARE
8639,8639,CCTS,BLANK CHECKS
8640,8640,CMPO,FINANCE SERVICES
8641,8641,DHAC,SERVICES-HEALTH SERVICES
8642,8642,DOUG,REAL ESTATE AGENTS &amp; MANAGERS (FOR OTHERS)
8643,8643,DPCS,BLANK CHECKS
8644,8644,FRLA,"SPECIAL INDUSTRY MACHINERY, NEC"
8645,8645,GBLL,"Fire, Marine & Casualty Insurance"
8646,8646,GVCI,BLANK CHECKS
8647,8647,HLGN,ELECTRIC SERVICES
8648,8648,HTAQ,BLANK CHECKS
8649,8649,IQMD,BLANK CHECKS
8650,8650,IRRX,BLANK CHECKS
8651,8651,LGVC,BLANK CHECKS
8652,8652,LIBY,BLANK CHECKS
8653,8653,MPRA,BLANK CHECKS
8654,8654,RCFA,GOLD &amp; SILVER ORES
8655,8655,ROC,OIL &amp; GAS FILED MACHINERY &amp; EQUIPMENT
8656,8656,SHCA,BLANK CHECKS
8657,8657,VORB,"SEARCH, DETECTION, NAVIGATION, GUIDANCE, AERONAUTICAL SYS"
8658,8658,AFAC,BLANK CHECKS
8659,8659,CBRG,BLANK CHECKS
8660,8660,MCAA,BLANK CHECKS
8661,8661,TOAC,BLANK CHECKS
8662,8662,APN,BIOLOGICAL PRODUCTS (NO DIAGNOSTIC SUBSTANCES)
8663,8663,NPAB,BLANK CHECKS
8664,8664,AMLX,PHARMACEUTICAL PREPARATIONS
8665,8665,AZ,"GENERAL INDUSTRIAL MACHINERY &amp; EQUIPMENT, NEC"
8666,8666,CINC,PHARMACEUTICAL PREPARATIONS
8667,8667,HOUR,RETAIL-CATALOG &amp; MAIL-ORDER HOUSES
8668,8668,IFIN,"SERVICES-BUSINESS SERVICES, NEC"
8669,8669,IOAC,SERVICES-AUTO RENTAL &amp; LEASING (NO DRIVERS)
8670,8670,JWAC,BLANK CHECKS
8671,8671,NETC,BLANK CHECKS
8672,8672,NFNT,BLANK CHECKS
8673,8673,RNER,BLANK CHECKS
8674,8674,ROCL,CRUDE PETROLEUM &amp; NATURAL GAS
8675,8675,SGLY,ARRANGEMENT OF TRANSPORTATION OF FREIGHT &amp; CARGO
8676,8676,SUAC,BLANK CHECKS
8677,8677,VIGL,BIOLOGICAL PRODUCTS (NO DIAGNOSTIC SUBSTANCES)
8678,8678,LGST,BIOLOGICAL PRODUCTS (NO DIAGNOSTIC SUBSTANCES)
8679,8679,VMGA,BLANK CHECKS
8680,8680,ALOR,BLANK CHECKS
8681,8681,BLEU,BLANK CHECKS
8682,8682,BRD,BLANK CHECKS
8683,8683,CFSB,"SAVINGS INSTITUTION, FEDERALLY CHARTERED"
8684,8684,CISO,SERVICES-MANAGEMENT CONSULTING SERVICES
8685,8685,DAOO,BLANK CHECKS
8686,8686,DCFC,MISCELLANEOUS TRANSPORTATION EQUIPMENT
8687,8687,DMA,Financial Services
8688,8688,FEXD,LOAN BROKERS
8689,8689,FXCO,BLANK CHECKS
8690,8690,GDNR,BLANK CHECKS
8691,8691,GLS,PHARMACEUTICAL PREPARATIONS
8692,8692,HILS,PHARMACEUTICAL PREPARATIONS
8693,8693,MAAQ,IN VITRO &amp; IN VIVO DIAGNOSTIC SUBSTANCES
8694,8694,MNTN,BLANK CHECKS
8695,8695,TPG,INVESTMENT ADVICE
8696,8696,VHNA,INSURANCE AGENTS BROKERS &amp; SERVICES
8697,8697,ZING,BLANK CHECKS
8698,8698,CREC,BLANK CHECKS
8699,8699,ENCP,ELECTRICAL INDUSTRIAL APPARATUS
8700,8700,ALSA,SERVICES-PREPACKAGED SOFTWARE
8701,8701,AORT,SURGICAL &amp; MEDICAL INSTRUMENTS &amp; APPARATUS
8702,8702,CNGL,SERVICES-COMPUTER INTEGRATED SYSTEMS DESIGN
8703,8703,CORZ,FINANCE SERVICES
8704,8704,IGTA,BLANK CHECKS
8705,8705,KACL,BLANK CHECKS
8706,8706,NSTS,"SAVINGS INSTITUTION, FEDERALLY CHARTERED"
8707,8707,NXPL,TELEPHONE COMMUNICATIONS (NO RADIO TELEPHONE)
8708,8708,PACI,"AIR TRANSPORTATION, NONSCHEDULED"
8709,8709,RVLP,PHARMACEUTICAL PREPARATIONS
8710,8710,SOND,"HOTELS, ROOMING HOUSE, CAMPS &amp; OTHER LODGING PLACES"
8711,8711,STET,BLANK CHECKS
8712,8712,TKLF,"RETAIL-RETAIL STORES, NEC"
8713,8713,VZLA,GOLD &amp; SILVER ORES
8714,8714,WEL,RETAIL-NONSTORE RETAILERS
8715,8715,WTMAR,"MISCELLANEOUS ELECTRICAL MACHINERY, EQUIPMENT &amp; SUPPLIES"
8716,8716,CMCA,BLANK CHECKS
8717,8717,TLGY,"PLASTICS, MATERIALS, SYNTH RESINS &amp; NONVULCAN ELASTOMERS"
8718,8718,WTMA,"MISCELLANEOUS ELECTRICAL MACHINERY, EQUIPMENT &amp; SUPPLIES"
8719,8719,CYBN,PHARMACEUTICAL PREPARATIONS
8720,8720,ALR,SERVICES-SKILLED NURSING CARE FACILITIES
8721,8721,BIPI,WATER TRANSPORTATION
8722,8722,BPAC,BLANK CHECKS
8723,8723,CRDO,SEMICONDUCTORS &amp; RELATED DEVICES
8724,8724,ECCV,Services-Prepackaged Software
8725,8725,FGI,"HEATING EQUIP, EXCEPT ELEC &amp; WARM AIR &amp; PLUMBING FIXTURES"
8726,8726,FGIWW,"HEATING EQUIP, EXCEPT ELEC &amp; WARM AIR &amp; PLUMBING FIXTURES"
8727,8727,GEEX,BLANK CHECKS
8728,8728,KSCP,"COMMUNICATIONS EQUIPMENT, NEC"
8729,8729,MTVC,BLANK CHECKS
8730,8730,NVAC,SURGICAL &amp; MEDICAL INSTRUMENTS &amp; APPARATUS
8731,8731,OLIT,OPTICAL INSTRUMENTS &amp; LENSES
8732,8732,PAXS,Financial Services
8733,8733,PORT,SERVICES-MOTION PICTURE &amp; VIDEO TAPE PRODUCTION
8734,8734,RJAC,BLANK CHECKS
8735,8735,SATL,RADIO &amp; TV BROADCASTING &amp; COMMUNICATIONS EQUIPMENT
8736,8736,SCUA,BLANK CHECKS
8737,8737,SGHC,SERVICES-MISCELLANEOUS AMUSEMENT &amp; RECREATION
8738,8738,SKYH,REAL ESTATE
8739,8739,SST,"SERVICES-COMPUTER PROGRAMMING, DATA PROCESSING, ETC."
8740,8740,TCOA,BLANK CHECKS
8741,8741,TCRT,PHARMACEUTICAL PREPARATIONS
8742,8742,UTAA,BLANK CHECKS
8743,8743,ATEK,HAZARDOUS WASTE MANAGEMENT
8744,8744,ACLX,BIOLOGICAL PRODUCTS (NO DIAGNOSTIC SUBSTANCES)
8745,8745,ANGH,"COMMUNICATION SERVICES, NEC"
8746,8746,APCA,BLANK CHECKS
8747,8747,BRKH,SEMICONDUCTORS &amp; RELATED DEVICES
8748,8748,CEG,ELECTRIC SERVICES
8749,8749,EVE,BLANK CHECKS
8750,8750,FRBN,BLANK CHECKS
8751,8751,FSRD,FABRICATED STRUCTURAL METAL PRODUCTS
8752,8752,GGAA,BLANK CHECKS
8753,8753,GRNA,BIOLOGICAL PRODUCTS (NO DIAGNOSTIC SUBSTANCES)
8754,8754,HORI,BLANK CHECKS
8755,8755,IDAI,SERVICES-PREPACKAGED SOFTWARE
8756,8756,LFLY,SERVICES-PREPACKAGED SOFTWARE
8757,8757,MTEK,"COMMUNICATIONS EQUIPMENT, NEC"
8758,8758,NVCT,PHARMACEUTICAL PREPARATIONS
8759,8759,NVX,"MISCELLANEOUS ELECTRICAL MACHINERY, EQUIPMENT &amp; SUPPLIES"
8760,8760,SHAP,"SERVICES-BUSINESS SERVICES, NEC"
8761,8761,SHEL,CRUDE PETROLEUM &amp; NATURAL GAS
8762,8762,SSIC,Blank Checks
8763,8763,SZZL,BLANK CHECKS
8764,8764,TGAA,BLANK CHECKS
8765,8765,XPDB,AIR COND &amp; WARM AIR HEATING EQUIP &amp; COMM &amp; INDL REFRIG EQUIP
8766,8766,AHRN,BLANK CHECKS
8767,8767,BFAC,BLANK CHECKS
8768,8768,GFGD,MOTOR VEHICLE PARTS &amp; ACCESSORIES
8769,8769,IVCB,BLANK CHECKS
8770,8770,ADRT,BLANK CHECKS
8771,8771,PRLH,BLANK CHECKS
8772,8772,HAIA,BLANK CHECKS
8773,8773,APXI,BLANK CHECKS
8774,8774,AOGO,SERVICES-PREPACKAGED SOFTWARE
8775,8775,AREB,MISCELLANEOUS FABRICATED METAL PRODUCTS
8776,8776,AREBW,MISCELLANEOUS FABRICATED METAL PRODUCTS
8777,8777,AREN,CABLE &amp; OTHER PAY TELEVISION SERVICES
8778,8778,BRCC,BEVERAGES
8779,8779,CEAD,AGRICULTURE SERVICES
8780,8780,CFFS,BLANK CHECKS
8781,8781,CPTN,MOTOR VEHICLE PARTS &amp; ACCESSORIES
8782,8782,DRCT,SERVICES-ADVERTISING
8783,8783,HTCR,SERVICES-COMPUTER PROCESSING &amp; DATA PREPARATION
8784,8784,ISPO,BLANK CHECKS
8785,8785,LSPR,PHARMACEUTICAL PREPARATIONS
8786,8786,MDV,REAL ESTATE INVESTMENT TRUSTS
8787,8787,MODD,SURGICAL &amp; MEDICAL INSTRUMENTS &amp; APPARATUS
8788,8788,NRGV,"MISCELLANEOUS ELECTRICAL MACHINERY, EQUIPMENT &amp; SUPPLIES"
8789,8789,QNGY,MOTOR VEHICLE PARTS &amp; ACCESSORIES
8790,8790,RMMZ,Financial Services
8791,8791,SAGA,BLANK CHECKS
8792,8792,SKYX,ELECTRIC LIGHTING &amp; WIRING EQUIPMENT
8793,8793,TCBP,BIOLOGICAL PRODUCTS (NO DIAGNOSTIC SUBSTANCES)
8794,8794,RCAC,"AIR TRANSPORTATION, NONSCHEDULED"
8795,8795,BOCN,BLANK CHECKS
8796,8796,BTOG,FINANCE SERVICES
8797,8797,BWV,PHARMACEUTICAL PREPARATIONS
8798,8798,EMLD,FINANCE SERVICES
8799,8799,IVCP,CRUDE PETROLEUM &amp; NATURAL GAS
8800,8800,MHUA,SURGICAL &amp; MEDICAL INSTRUMENTS &amp; APPARATUS
8801,8801,QTEK,"WATER, SEWER, PIPELINE, COMM AND POWER LINE CONSTRUCTION"
8802,8802,SMFL,MEDICINAL CHEMICALS &amp; BOTANICAL PRODUCTS
8803,8803,AIB,BLANK CHECKS
8804,8804,BOC,REAL ESTATE OPERATORS (NO DEVELOPERS) &amp; LESSORS
8805,8805,CXAC,BLANK CHECKS
8806,8806,RLTY,Services-Computer Processing & Data Preparation
8807,8807,TGAN,SEMICONDUCTORS &amp; RELATED DEVICES
8808,8808,CITE,BLANK CHECKS
8809,8809,IXHL,PHARMACEUTICAL PREPARATIONS
8810,8810,RGTI,SERVICES-COMPUTER PROGRAMMING SERVICES
8811,8811,RGTIW,SERVICES-COMPUTER PROGRAMMING SERVICES
8812,8812,SCRM,BLANK CHECKS
8813,8813,VBOC,BLANK CHECKS
8814,8814,ZIMV,DENTAL EQUIPMENT &amp; SUPPLIES
8815,8815,GMFI,BLANK CHECKS
8816,8816,ITAQ,INDUSTRIAL ORGANIC CHEMICALS
8817,8817,VCXB,BIOLOGICAL PRODUCTS (NO DIAGNOSTIC SUBSTANCES)
8818,8818,WNNR,SERVICES-PREPACKAGED SOFTWARE
8819,8819,KYCH,BLANK CHECKS
8820,8820,PPYA,BLANK CHECKS
8821,8821,ACAB,BIOLOGICAL PRODUCTS (NO DIAGNOSTIC SUBSTANCES)
8822,8822,CSLM,SERVICES-COMPUTER INTEGRATED SYSTEMS DESIGN
8823,8823,EP,CRUDE PETROLEUM &amp; NATURAL GAS
8824,8824,GAQ,BLANK CHECKS
8825,8825,GCTK,SURGICAL &amp; MEDICAL INSTRUMENTS &amp; APPARATUS
8826,8826,HMA,BLANK CHECKS
8827,8827,IDR,GOLD &amp; SILVER ORES
8828,8828,KMPB,"FIRE, MARINE &amp; CASUALTY INSURANCE"
8829,8829,KNSW,BLANK CHECKS
8830,8830,MGLD,FINANCE SERVICES
8831,8831,SCCE,REAL ESTATE INVESTMENT TRUSTS
8832,8832,DRTS,SURGICAL &amp; MEDICAL INSTRUMENTS &amp; APPARATUS
8833,8833,LIVB,BLANK CHECKS
8834,8834,TETE,"SERVICES-BUSINESS SERVICES, NEC"
8835,8835,BYN,RETAIL-EATING &amp; DRINKING PLACES
8836,8836,AKAN,MEDICINAL CHEMICALS &amp; BOTANICAL PRODUCTS
8837,8837,ALLG,"SERVICES-AUTOMOTIVE REPAIR, SERVICES &amp; PARKING"
8838,8838,ASCA,BLANK CHECKS
8839,8839,BBUC,CONSTRUCTION SPECIAL TRADE CONTRACTORS
8840,8840,DUET,BLANK CHECKS
8841,8841,FEAM,"MINING, QUARRYING OF NONMETALLIC MINERALS (NO FUELS)"
8842,8842,LATG,BLANK CHECKS
8843,8843,PGRU,SERVICES-COMPUTER PROCESSING &amp; DATA PREPARATION
8844,8844,POET,SEMICONDUCTORS &amp; RELATED DEVICES
8845,8845,GHIX,BLANK CHECKS
8846,8846,HCMA,BLANK CHECKS
8847,8847,BWAQ,BLANK CHECKS
8848,8848,ACAX,WHOLESALE-DRUGS PROPRIETARIES &amp; DRUGGISTS&#39; SUNDRIES
8849,8849,ANTX,PHARMACEUTICAL PREPARATIONS
8850,8850,AXAC,BLANK CHECKS
8851,8851,FRGE,"SECURITY &amp; COMMODITY BROKERS, DEALERS, EXCHANGES &amp; SERVICES"
8852,8852,GGE,REAL ESTATE
8853,8853,LCFY,"SERVICES-COMPUTER PROGRAMMING, DATA PROCESSING, ETC."
8854,8854,LLAP,GUIDED MISSILES &amp; SPACE VEHICLES &amp; PARTS
8855,8855,MTMT,SERVICES-MOTION PICTURE &amp; VIDEO TAPE PRODUCTION
8856,8856,SCTL,Pharmaceutical Preparations
8857,8857,TGR,BLANK CHECKS
8858,8858,ZTEK,MISCELLANEOUS CHEMICAL PRODUCTS
8859,8859,ATAK,SURGICAL &amp; MEDICAL INSTRUMENTS &amp; APPARATUS
8860,8860,EMBC,SURGICAL &amp; MEDICAL INSTRUMENTS &amp; APPARATUS
8861,8861,MURF,PHARMACEUTICAL PREPARATIONS
8862,8862,PEGY,CONSTRUCTION SPECIAL TRADE CONTRACTORS
8863,8863,RVSN,RAILROAD EQUIPMENT
8864,8864,STRY,TELEPHONE COMMUNICATIONS (NO RADIO TELEPHONE)
8865,8865,SWVL,"SERVICES-BUSINESS SERVICES, NEC"
8866,8866,XPON,"MISCELLANEOUS ELECTRICAL MACHINERY, EQUIPMENT &amp; SUPPLIES"
8867,8867,BYNO,BLANK CHECKS
8868,8868,CPAQ,BLANK CHECKS
8869,8869,EVGR,BLANK CHECKS
8870,8870,HNRA,CRUDE PETROLEUM &amp; NATURAL GAS
8871,8871,SGHL,BLANK CHECKS
8872,8872,DC,METAL MINING
8873,8873,ESAB,"GENERAL INDUSTRIAL MACHINERY &amp; EQUIPMENT, NEC"
8874,8874,FTII,BIOLOGICAL PRODUCTS (NO DIAGNOSTIC SUBSTANCES)
8875,8875,GENQ,BLANK CHECKS
8876,8876,GGR,MOTOR VEHICLES &amp; PASSENGER CAR BODIES
8877,8877,JGGC,BLANK CHECKS
8878,8878,LAB,LABORATORY ANALYTICAL INSTRUMENTS
8879,8879,MLTX,PHARMACEUTICAL PREPARATIONS
8880,8880,NUTX,"SERVICES-BUSINESS SERVICES, NEC"
8881,8881,RACY,BLANK CHECKS
8882,8882,WBD,CABLE &amp; OTHER PAY TELEVISION SERVICES
8883,8883,APLD,SERVICES-COMPUTER PROCESSING &amp; DATA PREPARATION
8884,8884,CRGE,TELEGRAPH &amp; OTHER MESSAGE COMMUNICATIONS
8885,8885,GDST,ELECTRICAL INDUSTRIAL APPARATUS
8886,8886,GNS,SERVICES-PREPACKAGED SOFTWARE
8887,8887,LBBB,BLANK CHECKS
8888,8888,PWUP,PHARMACEUTICAL PREPARATIONS
8889,8889,STSS,SURGICAL &amp; MEDICAL INSTRUMENTS &amp; APPARATUS
8890,8890,WAVS,SERVICES-COMPUTER PROGRAMMING SERVICES
8891,8891,ACON,SERVICES-MEDICAL LABORATORIES
8892,8892,CLIN,ELECTRIC &amp; OTHER SERVICES COMBINED
8893,8893,FGMC,SERVICES-PREPACKAGED SOFTWARE
8894,8894,JCSE,MISCELLANEOUS MANUFACTURING INDUSTRIES
8895,8895,RFAC,BLANK CHECKS
8896,8896,SPCM,BLANK CHECKS
8897,8897,VMCA,BLANK CHECKS
8898,8898,SHUA,BLANK CHECKS
8899,8899,GSRM,FINANCE SERVICES
8900,8900,AIU,SERVICES-EDUCATIONAL SERVICES
8901,8901,BLTE,PHARMACEUTICAL PREPARATIONS
8902,8902,ELBM,"MINING, QUARRYING OF NONMETALLIC MINERALS (NO FUELS)"
8903,8903,HLVX,BIOLOGICAL PRODUCTS (NO DIAGNOSTIC SUBSTANCES)
8904,8904,LNW,SERVICES-COMPUTER INTEGRATED SYSTEMS DESIGN
8905,8905,OST,"ELECTRONIC COMPONENTS, NEC"
8906,8906,RWOD,BIOLOGICAL PRODUCTS (NO DIAGNOSTIC SUBSTANCES)
8907,8907,SAI,FINANCE SERVICES
8908,8908,SOUN,SERVICES-PREPACKAGED SOFTWARE
8909,8909,TNON,SURGICAL &amp; MEDICAL INSTRUMENTS &amp; APPARATUS
8910,8910,AUST,GOLD &amp; SILVER ORES
8911,8911,BIOR,PHARMACEUTICAL PREPARATIONS
8912,8912,BLCO,OPHTHALMIC GOODS
8913,8913,DPSI,"SERVICES-COMPUTER PROGRAMMING, DATA PROCESSING, ETC."
8914,8914,EDBL,AGRICULTURE PRODUCTION - CROPS
8915,8915,NHWK,PHARMACEUTICAL PREPARATIONS
8916,8916,NUBI,"MISCELLANEOUS ELECTRICAL MACHINERY, EQUIPMENT &amp; SUPPLIES"
8917,8917,PEPG,PHARMACEUTICAL PREPARATIONS
8918,8918,PLAO,BLANK CHECKS
8919,8919,SAT,Investment Offices / Funds
8920,8920,SMR,FABRICATED PLATE WORK (BOILER SHOPS)
8921,8921,FERG,WHOLESALE-HARDWARE &amp; PLUMBING &amp; HEATING EQUIPMENT &amp; SUPPLIES
8922,8922,EVEX,AIRCRAFT
8923,8923,HNVR,STATE COMMERCIAL BANKS
8924,8924,PFHC,"OIL, GAS FIELD SERVICES, NBC"
8925,8925,SCCF,REAL ESTATE INVESTMENT TRUSTS
8926,8926,BGXX,MEDICINAL CHEMICALS &amp; BOTANICAL PRODUCTS
8927,8927,CMRA,PHARMACEUTICAL PREPARATIONS
8928,8928,FIG,Services-Prepackaged Software
8929,8929,IAUX,GOLD &amp; SILVER ORES
8930,8930,OKYO,BIOLOGICAL PRODUCTS (NO DIAGNOSTIC SUBSTANCES)
8931,8931,PRE,LABORATORY ANALYTICAL INSTRUMENTS
8932,8932,SASI,TRANSPORTATION SERVICES
8933,8933,SOBR,PERIODICALS:  PUBLISHING OR PUBLISHING AND PRINTING
8934,8934,VEDU,SERVICES-EDUCATIONAL SERVICES
8935,8935,BNRG,"HEATING EQUIPMENT, EXCEPT ELECTRIC &amp; WARM AIR FURNACES"
8936,8936,BTMD,MEDICINAL CHEMICALS &amp; BOTANICAL PRODUCTS
8937,8937,LSAK,"FUNCTIONS RELATED TO DEPOSITORY BANKING, NEC"
8938,8938,MICS,SERVICES-COMPUTER INTEGRATED SYSTEMS DESIGN
8939,8939,MSPR,SERVICES-COMPUTER PROCESSING &amp; DATA PREPARATION
8940,8940,ODV,GOLD &amp; SILVER ORES
8941,8941,AFAR,SERVICES-MOTION PICTURE &amp; VIDEO TAPE DISTRIBUTION
8942,8942,BCAN,SERVICES-PREPACKAGED SOFTWARE
8943,8943,CLRC,BLANK CHECKS
8944,8944,EMWP,Services-Motion Picture & Video Tape Distribution
8945,8945,GBTG,TRANSPORTATION SERVICES
8946,8946,MSSA,BLANK CHECKS
8947,8947,SVRE,SERVICES-COMPUTER PROGRAMMING SERVICES
8948,8948,TOP,"SECURITY &amp; COMMODITY BROKERS, DEALERS, EXCHANGES &amp; SERVICES"
8949,8949,WDS,CRUDE PETROLEUM &amp; NATURAL GAS
8950,8950,ASCB,BLANK CHECKS
8951,8951,DECA,PHARMACEUTICAL PREPARATIONS
8952,8952,MXCT,SERVICES-COMMERCIAL PHYSICAL &amp; BIOLOGICAL RESEARCH
8953,8953,AFRI,GRAIN MILL PRODUCTS
8954,8954,HOUS,REAL ESTATE AGENTS &amp; MANAGERS (FOR OTHERS)
8955,8955,PEV,TRUCK &amp; BUS BODIES
8956,8956,SNTI,BIOLOGICAL PRODUCTS (NO DIAGNOSTIC SUBSTANCES)
8957,8957,SYM,"GENERAL INDUSTRIAL MACHINERY &amp; EQUIPMENT, NEC"
8958,8958,ALVO,BIOLOGICAL PRODUCTS (NO DIAGNOSTIC SUBSTANCES)
8959,8959,CNXA,"SERVICES-COMPUTER PROGRAMMING, DATA PROCESSING, ETC."
8960,8960,EGIO,"SERVICES-BUSINESS SERVICES, NEC"
8961,8961,GBBK,BLANK CHECKS
8962,8962,GROV,RETAIL-CATALOG &amp; MAIL-ORDER HOUSES
8963,8963,HSCS,"ORTHOPEDIC, PROSTHETIC &amp; SURGICAL APPLIANCES &amp; SUPPLIES"
8964,8964,LYT,SERVICES-COMPUTER PROCESSING &amp; DATA PREPARATION
8965,8965,SBIG,SERVICES-COMPUTER PROGRAMMING SERVICES
8966,8966,SCWO,MOTORS &amp; GENERATORS
8967,8967,CHEA,BLANK CHECKS
8968,8968,GSUN,SERVICES-EDUCATIONAL SERVICES
8969,8969,HTFC,"Plastic Materials, Synth Resins & Nonvulcan Elastomers"
8970,8970,INTR,"COMMERCIAL BANKS, NEC"
8971,8971,IPX,MISCELLANEOUS METAL ORES
8972,8972,PGY,FINANCE SERVICES
8973,8973,PSNY,MOTOR VEHICLES &amp; PASSENGER CAR BODIES
8974,8974,PSNYW,MOTOR VEHICLES &amp; PASSENGER CAR BODIES
8975,8975,AIMBU,BLANK CHECKS
8976,8976,EHAB,SERVICES-HOME HEALTH CARE SERVICES
8977,8977,IE,METAL MINING
8978,8978,IONR,"MINING, QUARRYING OF NONMETALLIC MINERALS (NO FUELS)"
8979,8979,KAL,AGRICULTURE PRODUCTION - CROPS
8980,8980,TYDE,SHORT-TERM BUSINESS CREDIT INSTITUTIONS
8981,8981,YOTA,RETAIL-AUTO DEALERS &amp; GASOLINE STATIONS
8982,8982,IVCA,BLANK CHECKS
8983,8983,RENE,BLANK CHECKS
8984,8984,CHRD,CRUDE PETROLEUM &amp; NATURAL GAS
8985,8985,EVTV,MOTOR VEHICLE PARTS &amp; ACCESSORIES
8986,8986,PMN,PHARMACEUTICAL PREPARATIONS
8987,8987,PNAC,BLANK CHECKS
8988,8988,USEA,WATER TRANSPORTATION
8989,8989,VVX,SERVICES-FACILITIES SUPPORT MANAGEMENT SERVICES
8990,8990,GRRR,SERVICES-PREPACKAGED SOFTWARE
8991,8991,HKD,FINANCE SERVICES
8992,8992,ILAG,"PARTITIONS, SHELVING, LOCKERS &amp; OFFICE AND STORE FIXTURES"
8993,8993,,SEMICONDUCTORS &amp; RELATED DEVICES
8994,8994,NCPL,FINANCE SERVICES
8995,8995,NCPLW,FINANCE SERVICES
8996,8996,PROK,BIOLOGICAL PRODUCTS (NO DIAGNOSTIC SUBSTANCES)
8997,8997,FAZE,SERVICES-MISCELLANEOUS AMUSEMENT &amp; RECREATION
8998,8998,GETY,"SERVICES-BUSINESS SERVICES, NEC"
8999,8999,GWAV,WHOLESALE-METALS SERVICE CENTERS &amp; OFFICES
9000,9000,HLN,"PERFUMES, COSMETICS &amp; OTHER TOILET PREPARATIONS"
9001,9001,MOND,TRANSPORTATION SERVICES
9002,9002,OPAL,GAS &amp; OTHER SERVICES COMBINED
9003,9003,VRAX,IN VITRO &amp; IN VIVO DIAGNOSTIC SUBSTANCES
9004,9004,WETG,SERVICES-COMPUTER PROCESSING &amp; DATA PREPARATION
9005,9005,APGN,PHARMACEUTICAL PREPARATIONS
9006,9006,ECBK,"SAVINGS INSTITUTIONS, NOT FEDERALLY CHARTERED"
9007,9007,MAIA,PHARMACEUTICAL PREPARATIONS
9008,9008,MGAM,SERVICES-AMUSEMENT &amp; RECREATION SERVICES
9009,9009,NEOV,"MISCELLANEOUS ELECTRICAL MACHINERY, EQUIPMENT &amp; SUPPLIES"
9010,9010,NOTE,"SERVICES-BUSINESS SERVICES, NEC"
9011,9011,PLUR,BIOLOGICAL PRODUCTS (NO DIAGNOSTIC SUBSTANCES)
9012,9012,QNCX,BIOLOGICAL PRODUCTS (NO DIAGNOSTIC SUBSTANCES)
9013,9013,IRAA,BLANK CHECKS
9014,9014,BRSH,DENTAL EQUIPMENT &amp; SUPPLIES
9015,9015,EFSH,SERVICES-MANAGEMENT CONSULTING SERVICES
9016,9016,FIP,"RAILROADS, LINE-HAUL OPERATING"
9017,9017,MEGL,FINANCE SERVICES
9018,9018,STIX,SERVICES-COMPUTER PROGRAMMING SERVICES
9019,9019,STKH,FOOD &amp; KINDRED PRODUCTS
9020,9020,ZFOX,"SERVICES-BUSINESS SERVICES, NEC"
9021,9021,QBTS,SERVICES-COMPUTER PROCESSING &amp; DATA PREPARATION
9022,9022,ACNT,CHEMICALS &amp; ALLIED PRODUCTS
9023,9023,AIMD,PHARMACEUTICAL PREPARATIONS
9024,9024,AIMDW,PHARMACEUTICAL PREPARATIONS
9025,9025,BGLC,SERVICES-MEDICAL LABORATORIES
9026,9026,BNH,Opeators of  Nonresidential Buildings
9027,9027,BNJ,Opeators of  Nonresidential Buildings
9028,9028,BODI,Retail-Nonstore Retailers
9029,9029,CALC,Pharmaceutical Preparations
9030,9030,CHG,REAL ESTATE
9031,9031,COEP,PHARMACEUTICAL PREPARATIONS
9032,9032,CXT,Miscellaneous Fabricated Metal Products
9033,9033,ELTX,Pharmaceutical Preparations
9034,9034,ELVN,Pharmaceutical Preparations
9035,9035,EPOW,"MISCELLANEOUS ELECTRICAL MACHINERY, EQUIPMENT &amp; SUPPLIES"
9036,9036,ETAO,Services-Offices & Clinics of  Doctors of  Medicine
9037,9037,FLJ,"Insurance Agents, Brokers & Service"
9038,9038,FOXO,Services-Commercial Physical & Biological Research
9039,9039,FRZA,SHIP &amp; BOAT BUILDING &amp; REPAIRING
9040,9040,GRNT,CRUDE PETROLEUM &amp; NATURAL GAS
9041,9041,ICCT,SERVICES-PREPACKAGED SOFTWARE
9042,9042,INBS,Surgical & Medical Instruments & Apparatus
9043,9043,IRON,Pharmaceutical Preparations
9044,9044,KRRO,Pharmaceutical Preparations
9045,9045,LENZ,"Biological Products, (No Diagnostic Substances)"
9046,9046,LIFW,Services-Computer Processing & Data Preparation
9047,9047,LNKB,STATE COMMERCIAL BANKS
9048,9048,LPTV,SERVICES-HELP SUPPLY SERVICES
9049,9049,LUCY,OPHTHALMIC GOODS
9050,9050,MCOM,"Services-Business Services, NEC"
9051,9051,MCVT,FINANCE SERVICES
9052,9052,MLGO,Services-Computer Programming Services
9053,9053,NUKK,SERVICES-MANAGEMENT CONSULTING SERVICES
9054,9054,OBDC,Investment Advice
9055,9055,OCTO,Short-Term Business Credit Institutions
9056,9056,PET,SERVICES-PERSONAL SERVICES
9057,9057,RBCP,Ball & Roller Bearings
9058,9058,RBT,SERVICES-PREPACKAGED SOFTWARE
9059,9059,REBN,RETAIL-EATING PLACES
9060,9060,SMX,MISC INDUSTRIAL &amp; COMMERCIAL MACHINERY &amp; EQUIPMENT
9061,9061,SPEC,"Measuring & Controlling Devices, NEC"
9062,9062,SPRU,Electric Services
9063,9063,TGL,"SERVICES-BUSINESS SERVICES, NEC"
9064,9064,THAR,Pharmaceutical Preparations
9065,9065,TORM,Industrial Inorganic Chemicals
9066,9066,TRML,"Biological Products, (No Diagnostic Substances)"
9067,9067,UZF,RADIO TELEPHONE COMMUNICATIONS
9068,9068,WGS,Services-Health Services
9069,9069,FLFV,MOTOR VEHICLES &amp; PASSENGER CAR BODIES
9070,9070,GCT,RETAIL-CATALOG &amp; MAIL-ORDER HOUSES
9071,9071,GRFX,ELECTRICAL INDUSTRIAL APPARATUS
9072,9072,REUN,SERVICES-HEALTH SERVICES
9073,9073,SKGR,BLANK CHECKS
9074,9074,UPXI,FINANCE SERVICES
9075,9075,AKLI,SURGICAL &amp; MEDICAL INSTRUMENTS &amp; APPARATUS
9076,9076,APE,SERVICES-MOTION PICTURE THEATERS
9077,9077,JFBR,RETAIL-MISCELLANEOUS RETAIL
9078,9078,MOB,AIRCRAFT
9079,9079,ONFO,SERVICES-COMPUTER PROCESSING &amp; DATA PREPARATION
9080,9080,PXMD,PHARMACEUTICAL PREPARATIONS
9081,9081,SCCG,REAL ESTATE INVESTMENT TRUSTS
9082,9082,STBX,SERVICES-ADVERTISING
9083,9083,JZ,SERVICES-EDUCATIONAL SERVICES
9084,9084,ATXG,"SERVICES-MAILING, REPRODUCTION, COMMERCIAL ART &amp; PHOTOGRAPHY"
9085,9085,BIAF,SERVICES-COMMERCIAL PHYSICAL &amp; BIOLOGICAL RESEARCH
9086,9086,HPCO,CIGARETTES
9087,9087,NOGN,"SERVICES-BUSINESS SERVICES, NEC"
9088,9088,SHPH,PHARMACEUTICAL PREPARATIONS
9089,9089,TFPM,MINERAL ROYALTY TRADERS
9090,9090,VANI,ELECTROMEDICAL &amp; ELECTROTHERAPEUTIC APPARATUS
9091,9091,WEST,BEVERAGES
9092,9092,FRTX,BIOLOGICAL PRODUCTS (NO DIAGNOSTIC SUBSTANCES)
9093,9093,MODG,"Sporting & Athletic Goods, NEC"
9094,9094,YOSH,RETAIL-EATING PLACES
9095,9095,AMPX,"MISCELLANEOUS ELECTRICAL MACHINERY, EQUIPMENT &amp; SUPPLIES"
9096,9096,CRBG,LIFE INSURANCE
9097,9097,HMAC,BLANK CHECKS
9098,9098,HOLO,"Services-Computer Programming, Data Processing, Etc."
9099,9099,IVVD,BIOLOGICAL PRODUCTS (NO DIAGNOSTIC SUBSTANCES)
9100,9100,KITT,"GENERAL INDUSTRIAL MACHINERY &amp; EQUIPMENT, NEC"
9101,9101,KNW,FINANCE SERVICES
9102,9102,NXL,ELECTROMEDICAL &amp; ELECTROTHERAPEUTIC APPARATUS
9103,9103,RUM,"Services-Computer Programming, Data Processing, Etc."
9104,9104,THRD,PHARMACEUTICAL PREPARATIONS
9105,9105,WLDS,COMPUTER COMMUNICATIONS EQUIPMENT
9106,9106,IMNN,Pharmaceutical Preparations
9107,9107,NYAX,SERVICES-PREPACKAGED SOFTWARE
9108,9108,PRST,Services-Prepackaged Software
9109,9109,ALPS,Services-Health Services
9110,9110,AMV,Truck & Bus Bodies
9111,9111,LASE,"Miscellaneous Electrical Machinery, Equipment & Supplies"
9112,9112,LVWR,"Motorcycles, Bicycles & Parts"
9113,9113,MOBV,BLANK CHECKS
9114,9114,PTWO,SERVICES-OFFICES &amp; CLINICS OF DOCTORS OF MEDICINE
9115,9115,SHFS,Finance Services
9116,9116,THCH,RETAIL-EATING PLACES
9117,9117,BHM,REAL ESTATE INVESTMENT TRUSTS
9118,9118,DFLI,"Miscellaneous Electrical Machinery, Equipment & Supplies"
9119,9119,MPTI,"ELECTRONIC COMPONENTS, NEC"
9120,9120,RZC,Life Insurance
9121,9121,CTM,SERVICES-MANAGEMENT CONSULTING SERVICES
9122,9122,EFXT,General Industrial Machinery & Equipment
9123,9123,RTO,SERVICES-MANAGEMENT SERVICES
9124,9124,TOVX,Pharmaceutical Preparations
9125,9125,VOXR,GOLD &amp; SILVER ORES
9126,9126,AQU,BLANK CHECKS
9127,9127,BMN,National Commercial Banks
9128,9128,CDIO,In Vitro & In Vivo Diagnostic Substances
9129,9129,ICU,Surgical & Medical Instruments & Apparatus
9130,9130,MBLY,Services-Prepackaged Software
9131,9131,PERF,SERVICES-PREPACKAGED SOFTWARE
9132,9132,SATX,RADIO &amp; TV BROADCASTING &amp; COMMUNICATIONS EQUIPMENT
9133,9133,SLNA,HOTELS &amp; MOTELS
9134,9134,SVII,MISCELLANEOUS METAL ORES
9135,9135,ACDC,"Oil & Gas Field Services, NEC"
9136,9136,ADD,Services-Educational Services
9137,9137,LUXH,Real Estate
9138,9138,OABI,Services-Commercial Physical & Biological Research
9139,9139,PKBO,"Biological Products, (No Diagnostic Substances)"
9140,9140,RXO,Transportation Services
9141,9141,SAJ,Investment Offices / Funds
9142,9142,ASPI,MISCELLANEOUS CHEMICAL PRODUCTS
9143,9143,ATAT,HOTELS &amp; MOTELS
9144,9144,FSCO,Real Estate Investment Trusts
9145,9145,SCLX,"Biological Products, (No Diagnostic Substances)"
9146,9146,SNAL,Services-Prepackaged Software
9147,9147,SPRY,Pharmaceutical Preparations
9148,9148,UHALB,Services-Auto Rental & Leasing (No Drivers)
9149,9149,GLST,BLANK CHECKS
9150,9150,ACRV,Pharmaceutical Preparations
9151,9151,CMND,Pharmaceutical Preparations
9152,9152,EUDA,Services-Health Services
9153,9153,GRND,"Services-Computer Programming, Data Processing, Etc."
9154,9154,LFCR,Pharmaceutical Preparations
9155,9155,NWTN,MOTOR VEHICLES &amp; PASSENGER CAR BODIES
9156,9156,POCI,Electromedical & Electrotherapeutic Apparatus
9157,9157,NYXH,SURGICAL &amp; MEDICAL INSTRUMENTS &amp; APPARATUS
9158,9158,BKDT,Services-Nursing & Personal Care Facilities
9159,9159,NAMS,PHARMACEUTICAL PREPARATIONS
9160,9160,TMPO,Printed Circuit Boards
9161,9161,QOMO,Blank Checks
9162,9162,AGAE,Services-Amusement & Recreation Services
9163,9163,DRS,"SEARCH, DETECTION, NAVIGATION, GUIDANCE, AERONAUTICAL SYS"
9164,9164,SFR,Real Estate Agents & Managers (For Others)
9165,9165,TFIN,State Commercial Banks
9166,9166,DMYY,BLANK CHECKS
9167,9167,EFHT,MOTOR VEHICLES &amp; PASSENGER CAR BODIES
9168,9168,GETR,Services-Auto Rental & Leasing (No Drivers)
9169,9169,JEWL,"JEWELRY, SILVERWARE &amp; PLATED WARE"
9170,9170,KWE,SERVICES-PREPACKAGED SOFTWARE
9171,9171,OSA,SURGICAL &amp; MEDICAL INSTRUMENTS &amp; APPARATUS
9172,9172,TENK,PHARMACEUTICAL PREPARATIONS
9173,9173,BNRE,"Insurance Carriers, NEC"
9174,9174,LANV,APPAREL &amp; OTHER FINISHED PRODS OF FABRICS &amp; SIMILAR MATERIAL
9175,9175,MATH,Finance Services
9176,9176,MBC,"Wood Household Furniture, (No Upholstered)"
9177,9177,RAYA,MOTORS &amp; GENERATORS
9178,9178,SAY,Investment Offices / Funds
9179,9179,ZVSA,Pharmaceutical Preparations
9180,9180,MRDB,Services-Prepackaged Software
9181,9181,CACO,Deep Sea Foreign Transportation of  Freight
9182,9182,DOMH,"Security Brokers, Dealers & Flotation Companies"
9183,9183,ECX,Services-Computer Integrated Systems Design
9184,9184,HUDA,BLANK CHECKS
9185,9185,LIPO,PHARMACEUTICAL PREPARATIONS
9186,9186,UHAL.B,Services-Auto Rental & Leasing (No Drivers)
9187,9187,COYA,Pharmaceutical Preparations
9188,9188,FGH,Photographic Equipment & Supplies
9189,9189,RTC,Services-Prepackaged Software
9190,9190,ALTI,Investment Advice
9191,9191,GEHC,X-Ray Apparatus & Tubes & Related Irradiation Apparatus
9192,9192,MLEC,Food and Kindred Products
9193,9193,VTLE,Crude Petroleum & Natural Gas
9194,9194,AMLI,Metal Mining
9195,9195,CCLD,Services-Prepackaged Software
9196,9196,GDC,Wholesale-Metals & Minerals (No Petroleum)
9197,9197,MGOL,Apparel & Other Finishd Prods of  Fabrics & Similar Matl
9198,9198,MKUL,Industrial & Commercial Fans & Blowers & Air Purifing Equip
9199,9199,PLTN,Blank Checks
9200,9200,SKWD,"Fire, Marine & Casualty Insurance"
9201,9201,ATMC,Blank Checks
9202,9202,CVKD,Pharmaceutical Preparations
9203,9203,VTS,Crude Petroleum & Natural Gas
9204,9204,EU,MISCELLANEOUS METAL ORES
9205,9205,ALAR,Services-Prepackaged Software
9206,9206,ATMV,"Retail-Home Furniture, Furnishings & Equipment Stores"
9207,9207,AVTA,Finance Services
9208,9208,BAER,"SERVICES-BUSINESS SERVICES, NEC"
9209,9209,BREA,Services-Amusement & Recreation Services
9210,9210,CRGO,Arrangement of  Transportation of  Freight & Cargo
9211,9211,GNLX,PHARMACEUTICAL PREPARATIONS
9212,9212,HSPO,Blank Checks
9213,9213,OBIO,Surgical & Medical Instruments & Apparatus
9214,9214,QSG,"Retail-Hobby, Toy & Game Shops"
9215,9215,TXO,Crude Petroleum & Natural Gas
9216,9216,SEPA,Surgical & Medical Instruments & Apparatus
9217,9217,ASST,FINANCE SERVICES
9218,9218,AWIN,Aircraft
9219,9219,BURU,"Miscellaneous Electrical Machinery, Equipment & Supplies"
9220,9220,GPCR,Pharmaceutical Preparations
9221,9221,MPU,Services-Motion Picture & Video Tape Production
9222,9222,ENLT,Electric Services
9223,9223,HSAI,"General Industrial Machinery & Equipment, NEC"
9224,9224,LICN,SERVICES-MANAGEMENT CONSULTING SERVICES
9225,9225,LNZA,Industrial Organic Chemicals
9226,9226,LSDI,PHARMACEUTICAL PREPARATIONS
9227,9227,MLYS,Pharmaceutical Preparations
9228,9228,MVLA,Services-Prepackaged Software
9229,9229,NXT,"Search, Detection, Navigation, Guidance, Aeronautical Sys"
9230,9230,BFRG,Pharmaceutical Preparations
9231,9231,LUNR,"Search, Detection, Navigation, Guidance, Aeronautical Sys"
9232,9232,NFTG,Deep Sea Foreign Transportation of  Freight
9233,9233,OCEA,PHARMACEUTICAL PREPARATIONS
9234,9234,SLND,Heavy Construction Other Than Bldg Const - Contractors
9235,9235,VGAS,Industrial Organic Chemicals
9236,9236,CATX,Pharmaceutical Preparations
9237,9237,QDRO,Blank Checks
9238,9238,STRW,REAL ESTATE INVESTMENT TRUSTS
9239,9239,TIO,Food and Kindred Products
9240,9240,AMBI,Hazardous Waste Management
9241,9241,ASBA,State Commercial Banks
9242,9242,BMR,SERVICES-PREPACKAGED SOFTWARE
9243,9243,HHRS,Oil & Gas Field Exploration Services
9244,9244,HUBC,COMPUTER COMMUNICATIONS EQUIPMENT
9245,9245,LVRO,Retail-Miscellaneous Retail
9246,9246,OCS,Pharmaceutical Preparations
9247,9247,ZVRA,Pharmaceutical Preparations
9248,9248,HUBCZ,Computer Communications Equipment
9249,9249,AESI,Crude Petroleum & Natural Gas
9250,9250,AIXI,Services-Prepackaged Software
9251,9251,TORO,Deep Sea Foreign Transportation of  Freight
9252,9252,BLAC,SURGICAL &amp; MEDICAL INSTRUMENTS &amp; APPARATUS
9253,9253,CXAI,Services-Prepackaged Software
9254,9254,ICG,SEMICONDUCTORS &amp; RELATED DEVICES
9255,9255,IZM,RETAIL-RADIO TV &amp; CONSUMER ELECTRONICS STORES
9256,9256,MARX,BLANK CHECKS
9257,9257,PAVS,Services-Computer Processing & Data Preparation
9258,9258,SHCO,Hotels & Motels
9259,9259,YS,Pharmaceutical Preparations
9260,9260,BANL,WHOLESALE-PETROLEUM &amp; PETROLEUM PRODUCTS (NO BULK STATIONS)
9261,9261,BNMV,Services-Computer Processing & Data Preparation
9262,9262,CELL,Laboratory Analytical Instruments
9263,9263,CETU,Blank Checks
9264,9264,MGRX,"Services-Misc Health & Allied Services, NEC"
9265,9265,NB,Metal Mining
9266,9266,NIR,Services-Computer Processing & Data Preparation
9267,9267,OMH,Real Estate Agents & Managers (For Others)
9268,9268,ZURA,"Biological Products, (No Diagnostic Substances)"
9269,9269,APLM,Pharmaceutical Preparations
9270,9270,CHSN,FOOD &amp; KINDRED PRODUCTS
9271,9271,DIST,Blank Checks
9272,9272,HKIT,SERVICES-PREPACKAGED SOFTWARE
9273,9273,HLP,"GENERAL INDUSTRIAL MACHINERY &amp; EQUIPMENT, NEC"
9274,9274,MWG,Miscellaneous Manufacturing Industries
9275,9275,SFWL,Trucking & Courier Services (No Air)
9276,9276,STHO,"Lessors of  Real Property, NEC"
9277,9277,SYT,Real Estate
9278,9278,UHG,Operative Builders
9279,9279,YGF,FOOD &amp; KINDRED PRODUCTS
9280,9280,ZJYL,"Orthopedic, Prosthetic & Surgical Appliances & Supplies"
9281,9281,ARBB,Services-Computer Integrated Systems Design
9282,9282,ISPR,Cigarettes
9283,9283,MGIH,Commercial Printing
9284,9284,PTHR,Aircraft
9285,9285,SHLT,Services-Offices & Clinics of  Doctors of  Medicine
9286,9286,BTDR,Finance Services
9287,9287,GDHG,Services-Miscellaneous Amusement & Recreation
9288,9288,GDTC,Pharmaceutical Preparations
9289,9289,ILLM,Services-Computer Processing & Data Preparation
9290,9290,PKST,Real Estate Investment Trusts
9291,9291,VCIG,Services-Facilities Support Management Services
9292,9292,JYD,Arrangement of  Transportation of  Freight & Cargo
9293,9293,SAZ,Investment Offices / Funds
9294,9294,SPHR,Services-Amusement & Recreation Services
9295,9295,TCJH,"Services-Business Services, NEC"
9296,9296,TPET,CRUDE PETROLEUM &amp; NATURAL GAS
9297,9297,UCAR,"Miscellaneous Electrical Machinery, Equipment & Supplies"
9298,9298,USGO,Gold and Silver Ores
9299,9299,WLGS,CONSTRUCTION SPECIAL TRADE CONTRACTORS
9300,9300,SBXC,Blank Checks
9301,9301,TRNR,Electronic & Other Electrical Equipment (No Computer Equip)
9302,9302,WUCT,National Commercial Banks
9303,9303,KVUE,"Perfumes, Cosmetics & Other Toilet Preparations"
9304,9304,SLRN,Pharmaceutical Preparations
9305,9305,TMTC,BLANK CHECKS
9306,9306,ZAPP,"Motorcycles, Bicycles & Parts"
9307,9307,FORL,BLANK CHECKS
9308,9308,CWD,Real Estate
9309,9309,FRES,Services-Medical Laboratories
9310,9310,MGRM,Surgical & Medical Instruments & Apparatus
9311,9311,OAKU,"Services-Misc Health & Allied Services, NEC"
9312,9312,SDA,"Services-Automotive Repair, Services & Parking"
9313,9313,SGE,PHOTOGRAPHIC EQUIPMENT &amp; SUPPLIES
9314,9314,TBMC,Blank Checks
9315,9315,ATMU,Motor Vehicle Parts & Accessories
9316,9316,ATS,"General Industrial Machinery & Equipment, NEC"
9317,9317,LAES,Semiconductors & Related Devices
9318,9318,TYGO,Semiconductors & Related Devices
9319,9319,CJET,Motor Vehicles & Passenger Car Bodies
9320,9320,KNF,Mining & Quarrying of  Nonmetallic Minerals (No Fuels)
9321,9321,AACT,Fabricated Plate Work (Boiler Shops)
9322,9322,BENF,Finance Services
9323,9323,NPWR,Electrical Industrial Apparatus
9324,9324,AZTR,Pharmaceutical Preparations
9325,9325,BOF,Food and Kindred Products
9326,9326,CAVA,Retail-Eating  Places
9327,9327,CISS,Deep Sea Foreign Transportation of  Freight
9328,9328,DTI,Oil & Gas Field Machinery & Equipment
9329,9329,METCB,Silver Ores
9330,9330,MTBL,Services-Prepackaged Software
9331,9331,NVRI,"Services-Services, NEC"
9332,9332,TOON,Services-Motion Picture & Video Tape Production
9333,9333,AENT,"Wholesale-Durable Goods, NEC"
9334,9334,ALCY,Blank Checks
9335,9335,BGC,"Security & Commodity Brokers, Dealers, Exchanges & Services"
9336,9336,BTM,Finance Services
9337,9337,FIHL,"Fire, Marine & Casualty Insurance"
9338,9338,FTRE,Services-Medical Laboratories
9339,9339,GENK,Retail-Eating  Places
9340,9340,GODN,Blank Checks
9341,9341,INTS,BIOLOGICAL PRODUCTS (NO DIAGNOSTIC SUBSTANCES)
9342,9342,KGS,Natural Gas Transmission
9343,9343,SVV,RETAIL-MISCELLANEOUS RETAIL
9344,9344,VTMX,Real Estate
9345,9345,ABL,Investment Advice
9346,9346,ELVA,"Miscellaneous Electrical Machinery, Equipment & Supplies"
9347,9347,LZM,Metal Mining
9348,9348,PHIN,Motor Vehicle Parts & Accessories
9349,9349,PWM,Finance Services
9350,9350,APGE,"Biological Products, (No Diagnostic Substances)"
9351,9351,CALY,"Sporting & Athletic Goods, NEC"
9352,9352,CTCX,"Soap, Detergents, Cleang Preparations, Perfumes, Cosmetics"
9353,9353,SGMT,Pharmaceutical Preparations
9354,9354,SXTP,Pharmaceutical Preparations
9355,9355,AEON,Pharmaceutical Preparations
9356,9356,CSLR,Construction - Special Trade Contractors
9357,9357,ESHA,Blank Checks
9358,9358,IPXX,Metal Mining
9359,9359,ODD,"Perfumes, Cosmetics & Other Toilet Preparations"
9360,9360,PSQH,Services-Advertising
9361,9361,TSBX,"Biological Products, (No Diagnostic Substances)"
9362,9362,ELWS,Services-Computer Programming Services
9363,9363,JNVR,Finance Services
9364,9364,PRZO,"AIRCRAFT PART &amp; AUXILIARY EQUIPMENT, NEC"
9365,9365,SDOT,Retail-Eating & Drinking Places
9366,9366,SRFM,"Air Transportation, Nonscheduled"
9367,9367,WRNT,SERVICES-MISCELLANEOUS BUSINESS SERVICES
9368,9368,ZLS,Blank Checks
9369,9369,ALUR,Surgical & Medical Instruments & Apparatus
9370,9370,CTNT,Wholesale-Motor Vehicles & Motor Vehicle Parts & Supplies
9371,9371,EICB,Services-Prepackaged Software
9372,9372,ELIQ,"Miscellaneous Electrical Machinery, Equipment & Supplies"
9373,9373,HRYU,"Services-Computer Programming, Data Processing, Etc."
9374,9374,LDWY,Agricultural Production-Crops
9375,9375,LLYVA,Services-Amusement & Recreation Services
9376,9376,LLYVK,Services-Amusement & Recreation Services
9377,9377,MAMA,Sausages & Other Prepared Meat Products
9378,9378,MIRA,Pharmaceutical Preparations
9379,9379,PXDT,Electromedical & Electrotherapeutic Apparatus
9380,9380,RENB,Pharmaceutical Preparations
9381,9381,FTEL,"Sporting & Athletic Goods, NEC"
9382,9382,JTAI,"Air Transportation, Nonscheduled"
9383,9383,LQR,Beverages
9384,9384,NRXS,Electromedical & Electrotherapeutic Apparatus
9385,9385,TLSI,Surgical & Medical Instruments & Apparatus
9386,9386,ABLV,Retail-Nonstore Retailers
9387,9387,BOWN,"Soap, Detergents, Cleang Preparations, Perfumes, Cosmetics"
9388,9388,SPGC,"Sporting & Athletic Goods, NEC"
9389,9389,SRM,Finance Services
9390,9390,VFS,Motor Vehicles & Passenger Car Bodies
9391,9391,VTAK,Surgical & Medical Instruments & Apparatus
9392,9392,BEEP,REAL ESTATE INVESTMENT TRUSTS
9393,9393,BETR,Loan Brokers
9394,9394,BUJA,Blank Checks
9395,9395,FMST,Miscellaneous Metal Ores
9396,9396,APOS,Investment Advice
9397,9397,CLCO,Water Transportation
9398,9398,EXTO,Retail-Variety Stores
9399,9399,IVP,Agricultural Services
9400,9400,NCNC,"Miscellaneous Electrical Machinery, Equipment & Supplies"
9401,9401,DMK,Pharmaceutical Preparations
9402,9402,ELUT,"Biological Products, (No Diagnostic Substances)"
9403,9403,NETD,Blank Checks
9404,9404,PODC,"Services-Computer Programming, Data Processing, Etc."
9405,9405,SCNI,"Biological Products, (No Diagnostic Substances)"
9406,9406,WTO,Electronic & Other Electrical Equipment (No Computer Equip)
9407,9407,SEZL,"Services-Business Services, NEC"
9408,9408,ARM,Semiconductors & Related Devices
9409,9409,ARMN,Gold and Silver Ores
9410,9410,CLDI,"Biological Products, (No Diagnostic Substances)"
9411,9411,KVAC,Blank Checks
9412,9412,MDAI,Surgical & Medical Instruments & Apparatus
9413,9413,MI,Finance Services
9414,9414,NMRA,"Biological Products, (No Diagnostic Substances)"
9415,9415,NWGL,Lumber & Wood Products (No Furniture)
9416,9416,RYZB,Pharmaceutical Preparations
9417,9417,SHOT,"Perfumes, Cosmetics & Other Toilet Preparations"
9418,9418,SPPL,Services-Facilities Support Management Services
9419,9419,TKO,Services-Amusement & Recreation Services
9420,9420,ABAT,Mining & Quarrying of  Nonmetallic Minerals (No Fuels)
9421,9421,AONC,Services-Health Services
9422,9422,CCG,"Insurance Agents, Brokers & Service"
9423,9423,CDT,Pharmaceutical Preparations
9424,9424,DTCK,Wholesale-Farm Product Raw Materials
9425,9425,GFR,Crude Petroleum & Natural Gas
9426,9426,KVYO,Services-Prepackaged Software
9427,9427,MDBH,Finance Services
9428,9428,RDZN,"Insurance Agents, Brokers & Service"
9429,9429,SRBK,"Savings Institutions, Not Federally Chartered"
9430,9430,TURB,"Miscellaneous Electrical Machinery, Equipment & Supplies"
9431,9431,YHGJ,"Fabricated Rubber Products, NEC"
9432,9432,ANL,Pharmaceutical Preparations
9433,9433,BTCT,Finance Services
9434,9434,COCH,"Orthopedic, Prosthetic & Surgical Appliances & Supplies"
9435,9435,ESLA,"Biological Products, (No Diagnostic Substances)"
9436,9436,KLG,Grain Mill Products
9437,9437,LRE,OPERATIVE BUILDERS
9438,9438,PMTU,Real Estate Investment Trusts
9439,9439,SGD,Wholesale-Lumber & Other Construction Materials
9440,9440,SYRA,Services-Employment Agencies
9441,9441,VLTO,Instruments For Meas & Testing of  Electricity & Elec Signals
9442,9442,VSME,Services-Advertising Agencies
9443,9443,VSTS,Wholesale-Miscellaneous Nondurable Goods
9444,9444,FBYD,Services-Miscellaneous Amusement & Recreation
9445,9445,LAAC,Metal Mining
9446,9446,MSS,Retail-Grocery Stores
9447,9447,NKGN,"Biological Products, (No Diagnostic Substances)"
9448,9448,NVNI,Services-Prepackaged Software
9449,9449,ATPC,Services-Health Services
9450,9450,BIRK,"Footwear, (No Rubber)"
9451,9451,GMM,"Services-Computer Programming, Data Processing, Etc."
9452,9452,GPAK,Services-Amusement & Recreation Services
9453,9453,KGEI,Crude Petroleum & Natural Gas
9454,9454,LRHC,REAL ESTATE AGENTS &amp; MANAGERS (FOR OTHERS)
9455,9455,MNY,"Services-Business Services, NEC"
9456,9456,NNAG,Services-Health Services
9457,9457,PMEC,SERVICES-TO DWELLINGS &amp; OTHER BUILDINGS
9458,9458,ABVX,Pharmaceutical Preparations
9459,9459,CPBI,"Savings Institution, Federally Chartered"
9460,9460,EGOX,Motor Vehicles & Passenger Car Bodies
9461,9461,NATL,Calculating & Accounting Machines (No Electronic Computers)
9462,9462,NCL,"Plastics Products, NEC"
9463,9463,ULY,Services-Computer Processing & Data Preparation
9464,9464,VYX,Calculating & Accounting Machines (No Electronic Computers)
9465,9465,WBUY,Retail-Miscellaneous Retail
9466,9466,PEPLW,BLANK CHECKS
9467,9467,AIRE,Real Estate
9468,9468,CCIA,Real Estate Investment Trusts
9469,9469,ATGL,Services-Computer Programming Services
9470,9470,BFX,"Sporting & Athletic Goods, NEC"
9471,9471,BYON,Food and Kindred Products
9472,9472,CAUD,Services-Management Consulting Services
9473,9473,ENGN,"Biological Products, (No Diagnostic Substances)"
9474,9474,LXEO,"Biological Products, (No Diagnostic Substances)"
9475,9475,NLOP,Real Estate Investment Trusts
9476,9476,PAPL,Finance Services
9477,9477,RMCO,Patent Owners & Lessors
9478,9478,ROI,Services-Computer Processing & Data Preparation
9479,9479,CREV,Motor Vehicle Parts & Accessories
9480,9480,AERT,Services-Management Consulting Services
9481,9481,BRNS,Pharmaceutical Preparations
9482,9482,CRGX,"Biological Products, (No Diagnostic Substances)"
9483,9483,GVH,Arrangement of  Transportation of  Freight & Cargo
9484,9484,HG,"Fire, Marine & Casualty Insurance"
9485,9485,ONMD,Services-Commercial Physical & Biological Research
9486,9486,OPTX,Optical Instruments & Lenses
9487,9487,ABTS,Finance Services
9488,9488,BNRE.A,"Insurance Carriers, NEC"
9489,9489,CAPT,"Miscellaneous Electrical Machinery, Equipment & Supplies"
9490,9490,DDC,Food and Kindred Products
9491,9491,MURA,Pharmaceutical Preparations
9492,9492,RNAC,Pharmaceutical Preparations
9493,9493,SGN,Services-Computer Processing & Data Preparation
9494,9494,SHIM,Heavy Construction Other Than Bldg Const - Contractors
9495,9495,ELAB,Pharmaceutical Preparations
9496,9496,FEBO,Electric Housewares & Fans
9497,9497,GSIW,"Security & Commodity Brokers, Dealers, Exchanges & Services"
9498,9498,QETA,Blank Checks
9499,9499,SOAR,"Air Transportation, Nonscheduled"
9500,9500,SYRE,Pharmaceutical Preparations
9501,9501,WS,"Steel Works, Blast Furnaces & Rolling & Finishing Mills"
9502,9502,XBP,"Services-Business Services, NEC"
9503,9503,SPKL,Blank Checks
9504,9504,AAGR,AGRICULTURE PRODUCTION - CROPS
9505,9505,ECO,Deep Sea Foreign Transportation of  Freight
9506,9506,BNZI,Services-Prepackaged Software
9507,9507,CHAI,Radiotelephone Communications
9508,9508,ECDA,Motor Vehicles & Passenger Car Bodies
9509,9509,FGN,Life Insurance
9510,9510,INHD,Steel Pipe & Tubes
9511,9511,SVMH,Motor Vehicles & Passenger Car Bodies
9512,9512,ZKH,"Retail-Building Materials, Hardware, Garden Supply"
9513,9513,AISP,Services-Prepackaged Software
9514,9514,CDLR,Deep Sea Foreign Transportation of  Freight
9515,9515,HGAS,Industrial Inorganic Chemicals
9516,9516,LDTC,Services-Prepackaged Software
9517,9517,LGCB,Retail-Catalog & Mail-Order Houses
9518,9518,MOBX,Semiconductors & Related Devices
9519,9519,MSAI,Optical Instruments & Lenses
9520,9520,ONCO,Pharmaceutical Preparations
9521,9521,VSTE,"Heating Equipment, Except Electric & Warm Air Furnaces"
9522,9522,ALCE,Electric & Other Services Combined
9523,9523,BAYA,Blank Checks
9524,9524,ELPC,Electric Services
9525,9525,FLYX,"Air Transportation, Nonscheduled"
9526,9526,NBBK,"Savings Institutions, Not Federally Chartered"
9527,9527,ZCAR,Services-Auto Rental & Leasing (No Drivers)
9528,9528,AITR,Blank Checks
9529,9529,ANSC,Blank Checks
9530,9530,PNST,Retail-Eating & Drinking Places
9531,9531,HWH,"Wholesale-Drugs, Proprietaries & Druggists' Sundries"
9532,9532,ROMA,Services-Management Consulting Services
9533,9533,SDHC,Operative Builders
9534,9534,SYNX,Household Audio & Video Equipment
9535,9535,TCTM,Services-Educational Services
9536,9536,TLPH,Pharmaceutical Preparations
9537,9537,CCTG,Electric Lighting & Wiring Equipment
9538,9538,GORV,Retail-Auto Dealers & Gasoline Stations
9539,9539,GXAI,Services-Prepackaged Software
9540,9540,HOVR,Aircraft
9541,9541,KSPI,"Services-Business Services, NEC"
9542,9542,NEXN,"Services-Computer Programming, Data Processing, Etc."
9543,9543,PSBD,Pharmaceutical Preparations
9544,9544,AFJK,Blank Checks
9545,9545,AVBP,Pharmaceutical Preparations
9546,9546,BTSG,Services-Home Health Care Services
9547,9547,CGON,"Biological Products, (No Diagnostic Substances)"
9548,9548,ECCF,Services-Prepackaged Software
9549,9549,JL,Retail-Apparel & Accessory Stores
9550,9550,MFAN,Real Estate Investment Trusts
9551,9551,MSDL,"Security Brokers, Dealers & Flotation Companies"
9552,9552,NCDL,Financial Services
9553,9553,NEUE,Hospital & Medical Service Plans
9554,9554,OBDE,Investment Advice
9555,9555,PBM,Pharmaceutical Preparations
9556,9556,SOGP,"Services-Computer Programming, Data Processing, Etc."
9557,9557,SUGP,"Services-Detective, Guard & Armored Car Services"
9558,9558,YIBO,"Computer Peripheral Equipment, NEC"
9559,9559,RR,"General Industrial Machinery & Equipment, NEC"
9560,9560,AMIX,Surgical & Medical Instruments & Apparatus
9561,9561,ANRO,Pharmaceutical Preparations
9562,9562,ARQ,Miscellaneous Chemical Products
9563,9563,DAY,Services-Prepackaged Software
9564,9564,FBLG,Pharmaceutical Preparations
9565,9565,GUTS,Surgical & Medical Instruments & Apparatus
9566,9566,LFWD,"Orthopedic, Prosthetic & Surgical Appliances & Supplies"
9567,9567,RWTN,Real Estate Investment Trusts
9568,9568,TRUG,"Sporting & Athletic Goods, NEC"
9569,9569,XTKG,Services-Computer Programming Services
9570,9570,AHR,Real Estate Investment Trusts
9571,9571,ATCH,Finance Services
9572,9572,BRLS,Food and Kindred Products
9573,9573,DHAI,Surgical & Medical Instruments & Apparatus
9574,9574,GRYP,Finance Services
9575,9575,HLXB,Pharmaceutical Preparations
9576,9576,KYTX,"Biological Products, (No Diagnostic Substances)"
9577,9577,MGX,"Biological Products, (No Diagnostic Substances)"
9578,9578,MITN,Real Estate Investment Trusts
9579,9579,PLMJ,Blank Checks
9580,9580,PMNT,Apparel & Other Finishd Prods of  Fabrics & Similar Matl
9581,9581,SCPX,Pharmaceutical Preparations
9582,9582,TBBB,Retail-Grocery Stores
9583,9583,TELO,Pharmaceutical Preparations
9584,9584,AXIL,"Perfumes, Cosmetics & Other Toilet Preparations"
9585,9585,CERO,"Biological Products, (No Diagnostic Substances)"
9586,9586,CHRO,"Biological Products, (No Diagnostic Substances)"
9587,9587,IROH,Food and Kindred Products
9588,9588,IROHR,Food and Kindred Products
9589,9589,PRKS,Services-Miscellaneous Amusement & Recreation
9590,9590,SELX,Semiconductors & Related Devices
9591,9591,SOC,Crude Petroleum & Natural Gas
9592,9592,TVGN,"Biological Products, (No Diagnostic Substances)"
9593,9593,UMAC,Radio & Tv Broadcasting & Communications Equipment
9594,9594,ASTH,Services-Management Consulting Services
9595,9595,LOT,Motor Vehicles & Passenger Car Bodies
9596,9596,VHAI,Services-Computer Programming Services
9597,9597,WETH,"COMPUTER PERIPHERAL EQUIPMENT, NEC"
9598,9598,CRML,Metal Mining
9599,9599,FUFU,Finance Services
9600,9600,MTUS,"Steel Works, Blast Furnaces & Rolling Mills (Coke Ovens)"
9601,9601,SMXT,CONSTRUCTION SPECIAL TRADE CONTRACTORS
9602,9602,RYDE,"Services-Business Services, NEC"
9603,9603,LGCL,"Services-Computer Programming, Data Processing, Etc."
9604,9604,QTI,Electromedical & Electrotherapeutic Apparatus
9605,9605,AS,Apparel & Other Finishd Prods of  Fabrics & Similar Matl
9606,9606,AIRJ,Air-Cond & Warm Air Heatg Equip & Comm & Indl Refrig Equip
9607,9607,ATHS,Life Insurance
9608,9608,BNAI,Services-Computer Integrated Systems Design
9609,9609,GTI,Electrical Industrial Apparatus
9610,9610,NMHI,Farm Machinery & Equipment
9611,9611,XTIA,Services-Computer Programming Services
9612,9612,ALAB,Semiconductors & Related Devices
9613,9613,AQNU,ELECTRIC SERVICES
9614,9614,AUNA,Services-Offices & Clinics of  Doctors of  Medicine
9615,9615,COOT,Fats & Oils
9616,9616,CPAY,"Services-Business Services, NEC"
9617,9617,DEC,Crude Petroleum & Natural Gas
9618,9618,FLUT,"Services-Computer Programming, Data Processing, Etc."
9619,9619,GRDI,Finance Services
9620,9620,HSHP,Deep Sea Foreign Transportation of  Freight
9621,9621,INDV,Pharmaceutical Preparations
9622,9622,INTJ,Services-Management Consulting Services
9623,9623,KWESW,Services-Prepackaged Software
9624,9624,LOBO,"Motorcycles, Bicycles & Parts"
9625,9625,MRNO,Hotels & Motels
9626,9626,NITO,Agricultural Chemicals
9627,9627,RDDT,Services-Computer Processing & Data Preparation
9628,9628,ZEO,Construction - Special Trade Contractors
9629,9629,HPH,Investment Advice
9630,9630,AACIW,BLANK CHECKS
9631,9631,AAGRW,Agricultural Production-Crops
9632,9632,ABLLL,Investment Advice
9633,9633,ABLLW,Investment Advice
9634,9634,ABR$D,Real Estate Investment Trusts
9635,9635,ABR$E,Real Estate Investment Trusts
9636,9636,ABR$F,Real Estate Investment Trusts
9637,9637,ACGLN,"FIRE, MARINE &amp; CASUALTY INSURANCE"
9638,9638,ACGLO,"FIRE, MARINE &amp; CASUALTY INSURANCE"
9639,9639,ACHR.W,Aircraft
9640,9640,ACONW,SERVICES-MEDICAL LABORATORIES
9641,9641,ACP$A,Investment Offices / Funds
9642,9642,ACR$C,Real Estate Investment Trusts
9643,9643,ACR$D,Real Estate Investment Trusts
9644,9644,ADC$A,Real Estate Investment Trusts
9645,9645,ADNWW,"MISCELLANEOUS ELECTRICAL MACHINERY, EQUIPMENT &amp; SUPPLIES"
9646,9646,ADRT.U,Blank Checks
9647,9647,ADSEW,"MISCELLANEOUS ELECTRICAL MACHINERY, EQUIPMENT &amp; SUPPLIES"
9648,9648,ADTHW,"SERVICES-COMPUTER PROGRAMMING, DATA PROCESSING, ETC."
9649,9649,ADVWW,"SERVICES-BUSINESS SERVICES, NEC"
9650,9650,AEL$A,Life Insurance
9651,9651,AEL$B,Life Insurance
9652,9652,AEON.W,Pharmaceutical Preparations
9653,9653,AERTW,Services-Management Consulting Services
9654,9654,AEVA.W,Motor Vehicle Parts & Accessories
9655,9655,AFJKR,Blank Checks
9656,9656,AFJKU,Blank Checks
9657,9657,AFRIW,GRAIN MILL PRODUCTS
9658,9658,AGM$C,Federal & Federally-Sponsored Credit Agencies
9659,9659,AGM$D,Federal & Federally-Sponsored Credit Agencies
9660,9660,AGM$E,Federal & Federally-Sponsored Credit Agencies
9661,9661,AGM$F,Federal & Federally-Sponsored Credit Agencies
9662,9662,AGM$G,Federal & Federally-Sponsored Credit Agencies
9663,9663,AGNCL,REAL ESTATE INVESTMENT TRUSTS
9664,9664,AGNCM,REAL ESTATE INVESTMENT TRUSTS
9665,9665,AGNCN,REAL ESTATE INVESTMENT TRUSTS
9666,9666,AGNCO,REAL ESTATE INVESTMENT TRUSTS
9667,9667,AGNCP,REAL ESTATE INVESTMENT TRUSTS
9668,9668,AGRIW,FINANCE SERVICES
9669,9669,AHH$A,Real Estate
9670,9670,AHL$C,"Fire, Marine & Casualty Insurance"
9671,9671,AHL$D,"Fire, Marine & Casualty Insurance"
9672,9672,AHL$E,"Fire, Marine & Casualty Insurance"
9673,9673,AHT$D,Asset-Backed Securities
9674,9674,AHT$F,Asset-Backed Securities
9675,9675,AHT$G,Asset-Backed Securities
9676,9676,AHT$H,Asset-Backed Securities
9677,9677,AHT$I,Asset-Backed Securities
9678,9678,AIRJW,Air-Cond & Warm Air Heatg Equip & Comm & Indl Refrig Equip
9679,9679,AIRTP,Air Courier Services
9680,9680,AISPW,Services-Prepackaged Software
9681,9681,AITRU,Blank Checks
9682,9682,AL$A,"Services-Equipment Rental & Leasing, NEC"
9683,9683,ALB$A,"Plastic Materials, Synth Resins & Nonvulcan Elastomers"
9684,9684,ALL$B,"Fire, Marine & Casualty Insurance"
9685,9685,ALL$H,"Fire, Marine & Casualty Insurance"
9686,9686,ALL$I,"Fire, Marine & Casualty Insurance"
9687,9687,ALL$J,"Fire, Marine & Casualty Insurance"
9688,9688,ALTG$A,Wholesale-Industrial Machinery & Equipment
9689,9689,ALUR.W,Surgical & Medical Instruments & Apparatus
9690,9690,AMH$G,Real Estate Investment Trusts
9691,9691,AMH$H,Real Estate Investment Trusts
9692,9692,AMPGW,"COMMUNICATIONS EQUIPMENT, NEC"
9693,9693,AMPX.W,"Miscellaneous Electrical Machinery, Equipment & Supplies"
9694,9694,ANGHW,"COMMUNICATION SERVICES, NEC"
9695,9695,ANSCU,Blank Checks
9696,9696,AONCW,Services-Health Services
9697,9697,APACU,SERVICES-PREPACKAGED SOFTWARE
9698,9698,APACW,SERVICES-PREPACKAGED SOFTWARE
9699,9699,APCXW,SERVICES-PREPACKAGED SOFTWARE
9700,9700,APO$A,Investment Advice
9701,9701,APXIW,BLANK CHECKS
9702,9702,AQUNR,Blank Checks
9703,9703,ARBEW,SERVICES-COMPUTER INTEGRATED SYSTEMS DESIGN
9704,9704,ARBKL,FINANCE SERVICES
9705,9705,ARGO$A,Title Insurance
9706,9706,ARKOW,RETAIL-CONVENIENCE STORES
9707,9707,ARQQW,SERVICES-PREPACKAGED SOFTWARE
9708,9708,ARR$C,Real Estate Investment Trusts
9709,9709,ARRWU,SERVICES-PREPACKAGED SOFTWARE
9710,9710,ARRWW,SERVICES-PREPACKAGED SOFTWARE
9711,9711,ASB$E,State Commercial Banks
9712,9712,ASB$F,State Commercial Banks
9713,9713,ASCAR,BLANK CHECKS
9714,9714,ASCAU,BLANK CHECKS
9715,9715,ASCBW,BLANK CHECKS
9716,9716,ASTLW,"STEEL WORKS, BLAST FURNACES  ROLLING MILLS (COKE OVENS)"
9717,9717,ASTSW,"COMMUNICATION SERVICES, NEC"
9718,9718,ATCO$D,Natural Gas Transmission
9719,9719,ATCO$H,Natural Gas Transmission
9720,9720,ATCOL,DEEP SEA FOREIGN TRANSPORTATION OF FREIGHT
9721,9721,ATH$A,Life Insurance
9722,9722,ATH$B,Life Insurance
9723,9723,ATH$C,Life Insurance
9724,9724,ATH$D,Life Insurance
9725,9725,ATH$E,Life Insurance
9726,9726,ATLCL,PERSONAL CREDIT INSTITUTIONS
9727,9727,ATLCP,PERSONAL CREDIT INSTITUTIONS
9728,9728,ATLCZ,Personal Credit Institutions
9729,9729,ATMCW,Blank Checks
9730,9730,ATMVR,"Retail-Home Furniture, Furnishings & Equipment Stores"
9731,9731,ATNFW,FINANCE SERVICES
9732,9732,AUB$A,State Commercial Banks
9733,9733,AUROW,SERVICES-COMPUTER INTEGRATED SYSTEMS DESIGN
9734,9734,AVPTW,SERVICES-PREPACKAGED SOFTWARE
9735,9735,AWINW,Aircraft
9736,9736,AXS$E,"Fire, Marine & Casualty Insurance"
9737,9737,BAC$B,Asset-Backed Securities
9738,9738,BAC$E,Asset-Backed Securities
9739,9739,BAC$K,Asset-Backed Securities
9740,9740,BAC$L,Asset-Backed Securities
9741,9741,BAC$M,Asset-Backed Securities
9742,9742,BAC$N,Asset-Backed Securities
9743,9743,BAC$O,Asset-Backed Securities
9744,9744,BAC$P,Asset-Backed Securities
9745,9745,BAC$Q,Asset-Backed Securities
9746,9746,BAC$S,Asset-Backed Securities
9747,9747,BAERW,"Services-Business Services, NEC"
9748,9748,BANC$F,National Commercial Banks
9749,9749,BARK.W,"Retail-Retail Stores, NEC"
9750,9750,BAYAR,Blank Checks
9751,9751,BAYAU,Blank Checks
9752,9752,BBAI.W,Services-Prepackaged Software
9753,9753,BC$A,Engines & Turbines
9754,9754,BC$B,Engines & Turbines
9755,9755,BC$C,Engines & Turbines
9756,9756,BCG,Finance Services
9757,9757,BCGWW,Finance Services
9758,9758,BCSAU,BLANK CHECKS
9759,9759,BCTXW,PHARMACEUTICAL PREPARATIONS
9760,9760,BEEMW,SEMICONDUCTORS &amp; RELATED DEVICES
9761,9761,BEP$A,Electric Services
9762,9762,BEPJ,Electric Services
9763,9763,BETRW,Loan Brokers
9764,9764,BFAC.W,Blank Checks
9765,9765,BFIIW,RETAIL-EATING PLACES
9766,9766,BFLY.W,X-Ray Apparatus & Tubes & Related Irradiation Apparatus
9767,9767,BFRGW,Pharmaceutical Preparations
9768,9768,BFRIW,PHARMACEUTICAL PREPARATIONS
9769,9769,BFS$D,Real Estate Investment Trusts
9770,9770,BFS$E,Real Estate Investment Trusts
9771,9771,BHFAM,LIFE INSURANCE
9772,9772,BHFAN,LIFE INSURANCE
9773,9773,BHFAO,LIFE INSURANCE
9774,9774,BHFAP,LIFE INSURANCE
9775,9775,BHR$B,Real Estate Investment Trusts
9776,9776,BHR$D,Real Estate Investment Trusts
9777,9777,BIAFW,SERVICES-COMMERCIAL PHYSICAL &amp; BIOLOGICAL RESEARCH
9778,9778,BIP$A,Water Transportation
9779,9779,BIP$B,Water Transportation
9780,9780,BITE.W,Blank Checks
9781,9781,BKHAU,"Biological Products, (No Diagnostic Substances)"
9782,9782,BKKT.W,Finance Services
9783,9783,BKSY.W,Radio & Tv Broadcasting & Communications Equipment
9784,9784,BLACW,Surgical & Medical Instruments & Apparatus
9785,9785,BLDEW,SERVICES-HEALTH SERVICES
9786,9786,BLUA.W,Surgical & Medical Instruments & Apparatus
9787,9787,BML$G,Asset-Backed Securities
9788,9788,BML$H,Asset-Backed Securities
9789,9789,BML$J,Asset-Backed Securities
9790,9790,BML$L,Asset-Backed Securities
9791,9791,BMTX.W,State Commercial Banks
9792,9792,BNAIW,Services-Computer Integrated Systems Design
9793,9793,BNIXR,SERVICES-PREPACKAGED SOFTWARE
9794,9794,BNIXW,SERVICES-PREPACKAGED SOFTWARE
9795,9795,BNZIW,Services-Prepackaged Software
9796,9796,BOH$A,State Commercial Banks
9797,9797,BOWNR,"Soap, Detergents, Cleang Preparations, Perfumes, Cosmetics"
9798,9798,BPOPM,STATE COMMERCIAL BANKS
9799,9799,BPYPM,REAL ESTATE
9800,9800,BPYPN,REAL ESTATE
9801,9801,BPYPO,REAL ESTATE
9802,9802,BPYPP,REAL ESTATE
9803,9803,BREZR,BLANK CHECKS
9804,9804,BREZW,BLANK CHECKS
9805,9805,BRKHW,SEMICONDUCTORS &amp; RELATED DEVICES
9806,9806,BRLSW,Food and Kindred Products
9807,9807,BROGW,PETROLEUM REFINING
9808,9808,BTBDW,RETAIL-EATING PLACES
9809,9809,BTCTW,Finance Services
9810,9810,BTMWW,Finance Services
9811,9811,BTSGU,Services-Home Health Care Services
9812,9812,BUJAR,Blank Checks
9813,9813,BUJAW,Blank Checks
9814,9814,BW$A,"Heating Equipment, Except Electric & Warm Air Furnaces"
9815,9815,BWAQR,BLANK CHECKS
9816,9816,BWBBP,STATE COMMERCIAL BANKS
9817,9817,BZFDW,"COMMUNICATION SERVICES, NEC"
9818,9818,C$N,National Commercial Banks
9819,9819,CADE$A,National Commercial Banks
9820,9820,CAPTW,"Miscellaneous Electrical Machinery, Equipment & Supplies"
9821,9821,CCGWW,"Insurance Agents, Brokers & Service"
9822,9822,CCLDP,Services-Prepackaged Software
9823,9823,CCNEP,STATE COMMERCIAL BANKS
9824,9824,CDIOW,In Vitro & In Vivo Diagnostic Substances
9825,9825,CDR$B,Real Estate Investment Trusts
9826,9826,CDR$C,Real Estate Investment Trusts
9827,9827,CEADW,AGRICULTURE SERVICES
9828,9828,CELG.R,"Orthopedic, Prosthetic & Surgical Appliances & Supplies"
9829,9829,CELUW,PHARMACEUTICAL PREPARATIONS
9830,9830,CEROW,"Biological Products, (No Diagnostic Substances)"
9831,9831,CETUR,Blank Checks
9832,9832,CFG$D,State Commercial Banks
9833,9833,CFG$E,State Commercial Banks
9834,9834,CFR$B,National Commercial Banks
9835,9835,CGABL,INVESTMENT ADVICE
9836,9836,CGBDL,Investment Advice
9837,9837,CHKEL,CRUDE PETROLEUM &amp; NATURAL GAS
9838,9838,CHKEZ,CRUDE PETROLEUM &amp; NATURAL GAS
9839,9839,CHMI$A,Real Estate Investment Trusts
9840,9840,CHMI$B,Real Estate Investment Trusts
9841,9841,CHSCL,WHOLESALE-FARM PRODUCT RAW MATERIALS
9842,9842,CHSCM,WHOLESALE-FARM PRODUCT RAW MATERIALS
9843,9843,CHSCN,WHOLESALE-FARM PRODUCT RAW MATERIALS
9844,9844,CHSCO,WHOLESALE-FARM PRODUCT RAW MATERIALS
9845,9845,CHSCP,WHOLESALE-FARM PRODUCT RAW MATERIALS
9846,9846,CIFRW,FINANCE SERVICES
9847,9847,CIM$A,Real Estate Investment Trusts
9848,9848,CIM$B,Real Estate Investment Trusts
9849,9849,CIM$C,Real Estate Investment Trusts
9850,9850,CIM$D,Real Estate Investment Trusts
9851,9851,CIO$A,Real Estate Investment Trusts
9852,9852,CLBR.W,Blank Checks
9853,9853,CLBTW,SERVICES-PREPACKAGED SOFTWARE
9854,9854,CLDI.W,Fats & Oils
9855,9855,CLDT$A,Real Estate Investment Trusts
9856,9856,CLRCR,BLANK CHECKS
9857,9857,CLRCW,BLANK CHECKS
9858,9858,CLVRW,PHARMACEUTICAL PREPARATIONS
9859,9859,CLVT$A,Services-Computer Processing & Data Preparation
9860,9860,CMCAW,Blank Checks
9861,9861,CMPOW,FINANCE SERVICES
9862,9862,CMRE$B,Water Transportation
9863,9863,CMRE$C,Water Transportation
9864,9864,CMRE$D,Water Transportation
9865,9865,CMRE$E,Water Transportation
9866,9866,CMS$B,Electric & Other Services Combined
9867,9867,CMS$C,Electric & Other Services Combined
9868,9868,CNDA.W,Blank Checks
9869,9869,CNO$A,Accident & Health Insurance
9870,9870,CNOBP,STATE COMMERCIAL BANKS
9871,9871,COCHW,"Orthopedic, Prosthetic & Surgical Appliances & Supplies"
9872,9872,CODI$A,Household Furniture
9873,9873,CODI$B,Household Furniture
9874,9874,CODI$C,Household Furniture
9875,9875,COF$I,National Commercial Banks
9876,9876,COF$J,National Commercial Banks
9877,9877,COF$K,National Commercial Banks
9878,9878,COF$L,National Commercial Banks
9879,9879,COF$N,National Commercial Banks
9880,9880,COOLW,BLANK CHECKS
9881,9881,COOTW,Fats & Oils
9882,9882,CORZW,FINANCE SERVICES
9883,9883,CORZZ,Finance Services
9884,9884,CRESW,REAL ESTATE
9885,9885,CREVW,Motor Vehicle Parts & Accessories
9886,9886,CRGOW,Arrangement of  Transportation of  Freight & Cargo
9887,9887,CRMLW,Metal Mining
9888,9888,CSLMR,Blank Checks
9889,9889,CSR$C,State Commercial Banks
9890,9890,CSSEL,SERVICES-ALLIED TO MOTION PICTURE PRODUCTION
9891,9891,CSSEN,SERVICES-ALLIED TO MOTION PICTURE PRODUCTION
9892,9892,CSSEP,SERVICES-ALLIED TO MOTION PICTURE PRODUCTION
9893,9893,CSWCZ,Adhesives & Sealants
9894,9894,CTA$A,"Plastic Material, Synth Resin/Rubber, Cellulos (No Glass)"
9895,9895,CTA$B,"Plastic Material, Synth Resin/Rubber, Cellulos (No Glass)"
9896,9896,CTCXW,"Soap, Detergents, Cleang Preparations, Perfumes, Cosmetics"
9897,9897,CTO$A,Real Estate Investment Trusts
9898,9898,CTV.W,Services-Prepackaged Software
9899,9899,CUBI$E,State Commercial Banks
9900,9900,CUBI$F,State Commercial Banks
9901,9901,CURIW,SERVICES-MOTION PICTURE &amp; VIDEO TAPE PRODUCTION
9902,9902,CVE.W,Crude Petroleum & Natural Gas
9903,9903,CVIIU,Blank Checks
9904,9904,CVIIW,Blank Checks
9905,9905,CXAIW,Services-Prepackaged Software
9906,9906,CYCCP,PHARMACEUTICAL PREPARATIONS
9907,9907,DATSW,TELEGRAPH &amp; OTHER MESSAGE COMMUNICATIONS
9908,9908,DAVEW,FINANCE SERVICES
9909,9909,DBRG$H,Investment Advice
9910,9910,DBRG$I,Investment Advice
9911,9911,DBRG$J,Investment Advice
9912,9912,DC.W,"Services-Business Services, NEC"
9913,9913,DCFCW,MISCELLANEOUS TRANSPORTATION EQUIPMENT
9914,9914,DCOMP,NATIONAL COMMERCIAL BANKS
9915,9915,DFLIW,"Miscellaneous Electrical Machinery, Equipment & Supplies"
9916,9916,DHAIW,Surgical & Medical Instruments & Apparatus
9917,9917,DHCNL,REAL ESTATE INVESTMENT TRUSTS
9918,9918,DJT,"Services-Computer Programming, Data Processing, Etc."
9919,9919,DJTWW,"Services-Computer Programming, Data Processing, Etc."
9920,9920,DLNG$A,Water Transportation
9921,9921,DLNG$B,Water Transportation
9922,9922,DLR$J,Real Estate Investment Trusts
9923,9923,DLR$K,Real Estate Investment Trusts
9924,9924,DLR$L,Real Estate Investment Trusts
9925,9925,DMYY.W,Blank Checks
9926,9926,DNA.W,"Biological Products, (No Diagnostic Substances)"
9927,9927,DRH$A,Real Estate Investment Trusts
9928,9928,DSX$B,Deep Sea Foreign Transportation of  Freight
9929,9929,DSX.W,Deep Sea Foreign Transportation of  Freight
9930,9930,DTSTW,SERVICES-COMPUTER PROCESSING &amp; DATA PREPARATION
9931,9931,DUK$A,Electric Services
9932,9932,DX$C,Real Estate Investment Trusts
9933,9933,DXYZ,Financial Services
9934,9934,DYCQU,Blank Checks
9935,9935,ECC$D,Services-Prepackaged Software
9936,9936,ECF$A,Investment Offices / Funds
9937,9937,ECXWW,Services-Computer Integrated Systems Design
9938,9938,EFC$A,Real Estate
9939,9939,EFC$B,Real Estate
9940,9940,EFC$C,Real Estate
9941,9941,EFC$D,Real Estate
9942,9942,EFC$E,Real Estate
9943,9943,EFSCP,STATE COMMERCIAL BANKS
9944,9944,EFTRW,PHARMACEUTICAL PREPARATIONS
9945,9945,ENGNW,"Biological Products, (No Diagnostic Substances)"
9946,9946,EOSEW,"MISCELLANEOUS ELECTRICAL MACHINERY, EQUIPMENT &amp; SUPPLIES"
9947,9947,EP$C,Natural Gas Transmission
9948,9948,EPR$C,Real Estate Investment Trusts
9949,9949,EPR$E,Real Estate Investment Trusts
9950,9950,EPR$G,Real Estate Investment Trusts
9951,9951,EQC$D,Real Estate Investment Trusts
9952,9952,EQH$A,"Insurance Agents, Brokers & Service"
9953,9953,EQH$C,"Insurance Agents, Brokers & Service"
9954,9954,ESGLW,Refuse Systems
9955,9955,ET$E,Natural Gas Transmission
9956,9956,ET$I,Natural Gas Transmission
9957,9957,ETI$,Asset-Backed Securities
9958,9958,ETWO.W,Services-Computer Processing & Data Preparation
9959,9959,EUDAW,Services-Health Services
9960,9960,EVEX.W,Aircraft
9961,9961,EVGOW,"SERVICES-AUTOMOTIVE REPAIR, SERVICES &amp; PARKING"
9962,9962,EVGRW,Blank Checks
9963,9963,EVLVW,"COMPUTER PERIPHERAL EQUIPMENT, NEC"
9964,9964,EVTL.W,Aircraft
9965,9965,F$B,Motor Vehicles & Passenger Car Bodies
9966,9966,F$C,Motor Vehicles & Passenger Car Bodies
9967,9967,F$D,Motor Vehicles & Passenger Car Bodies
9968,9968,FATBP,RETAIL-EATING PLACES
9969,9969,FATBW,RETAIL-EATING PLACES
9970,9970,FBIOP,PHARMACEUTICAL PREPARATIONS
9971,9971,FBRT$E,Real Estate Investment Trusts
9972,9972,FBYDW,Services-Miscellaneous Amusement & Recreation
9973,9973,FCNCO,STATE COMMERCIAL BANKS
9974,9974,FCNCP,STATE COMMERCIAL BANKS
9975,9975,FFIEW,MOTOR VEHICLES &amp; PASSENGER CAR BODIES
9976,9976,FGBIP,"SAVINGS INSTITUTION, FEDERALLY CHARTERED"
9977,9977,FHN$B,Asset-Backed Securities
9978,9978,FHN$C,Asset-Backed Securities
9979,9979,FHN$D,Asset-Backed Securities
9980,9980,FHN$E,Asset-Backed Securities
9981,9981,FHN$F,Asset-Backed Securities
9982,9982,FIACW,"INVESTORS, NEC"
9983,9983,FITBO,STATE COMMERCIAL BANKS
9984,9984,FITBP,STATE COMMERCIAL BANKS
9985,9985,FLYX.W,"Air Transportation, Nonscheduled"
9986,9986,FORLW,Blank Checks
9987,9987,FOSLL,"WATCHES, CLOCKS, CLOCKWORK OPERATED DEVICES/PARTS"
9988,9988,FREY.W,"Miscellaneous Electrical Machinery, Equipment & Supplies"
9989,9989,FRT$C,Real Estate Investment Trusts
9990,9990,FTAIM,Services-Miscellaneous Equipment Rental & Leasing
9991,9991,FTAIN,SERVICES-MISCELLANEOUS EQUIPMENT RENTAL &amp; LEASING
9992,9992,FTAIO,SERVICES-MISCELLANEOUS EQUIPMENT RENTAL &amp; LEASING
9993,9993,FTAIP,SERVICES-MISCELLANEOUS EQUIPMENT RENTAL &amp; LEASING
9994,9994,FUFUW,Finance Services
9995,9995,FULTP,NATIONAL COMMERCIAL BANKS
9996,9996,GAB$G,Investment Offices / Funds
9997,9997,GAB$H,Investment Offices / Funds
9998,9998,GAB$K,Investment Offices / Funds
9999,9999,GAINL,Investment Offices / Funds
10000,10000,GAINN,Investment Offices / Funds
10001,10001,GAINZ,Investment Offices / Funds
10002,10002,GAM$B,Services-Miscellaneous Amusement & Recreation
10003,10003,GB.W,Services-Computer Processing & Data Preparation
10004,10004,GBBKW,BLANK CHECKS
10005,10005,GCMGW,INVESTMENT ADVICE
10006,10006,GCTS,Semiconductors & Related Devices
10007,10007,GCTS.W,Semiconductors & Related Devices
10008,10008,GDL$C,Services-Management Consulting Services
10009,10009,GDSTR,ELECTRICAL INDUSTRIAL APPARATUS
10010,10010,GDV$H,Investment Offices / Funds
10011,10011,GDV$K,Investment Offices / Funds
10012,10012,GE.V,Retail-Catalog & Mail-Order Houses
10013,10013,GECCM,Services-Prepackaged Software
10014,10014,GECCZ,Services-Prepackaged Software
10015,10015,GEGGL,SERVICES-PREPACKAGED SOFTWARE
10016,10016,GEV.V,Electronic & Other Electrical Equipment (No Computer Equip)
10017,10017,GFAIW,"SERVICES-DETECTIVE, GUARD &amp; ARMORED CAR SERVICES"
10018,10018,GGROW,MOTOR VEHICLES &amp; PASSENGER CAR BODIES
10019,10019,GGT$G,Investment Offices / Funds
10020,10020,GHIXW,BLANK CHECKS
10021,10021,GL$D,Life Insurance
10022,10022,GLACR,Blank Checks
10023,10023,GLADZ,"Lessors of  Real Property, NEC"
10024,10024,GLLIW,BLANK CHECKS
10025,10025,GLOG$A,Water Transportation
10026,10026,GLOP$A,Water Transportation
10027,10027,GLOP$B,Water Transportation
10028,10028,GLOP$C,Water Transportation
10029,10029,GLP$A,Services-Prepackaged Software
10030,10030,GLP$B,Services-Prepackaged Software
10031,10031,GLSTR,Blank Checks
10032,10032,GLSTW,Blank Checks
10033,10033,GMFIU,BLANK CHECKS
10034,10034,GMRE$A,Real Estate Investment Trusts
10035,10035,GNL$A,Real Estate Investment Trusts
10036,10036,GNL$B,Real Estate Investment Trusts
10037,10037,GNL$D,Real Estate Investment Trusts
10038,10038,GNL$E,Real Estate Investment Trusts
10039,10039,GNT$A,"Biological Products, (No Diagnostic Substances)"
10040,10040,GODNR,Blank Checks
10041,10041,GOEVW,MOTOR VEHICLE PARTS &amp; ACCESSORIES
10042,10042,GOODN,"LESSORS OF REAL PROPERTY, NEC"
10043,10043,GOODO,"Lessors of  Real Property, NEC"
10044,10044,GPACW,PRIMARY SMELTING &amp; REFINING OF NONFERROUS METALS
10045,10045,GPMT$A,Real Estate Investment Trusts
10046,10046,GRABW,"SERVICES-BUSINESS SERVICES, NEC"
10047,10047,GRBK$A,Operative Builders
10048,10048,GRDIW,Finance Services
10049,10049,GREEL,FINANCE SERVICES
10050,10050,GRP.U,Real Estate
10051,10051,GRRRW,SERVICES-PREPACKAGED SOFTWARE
10052,10052,GS$A,"Security Brokers, Dealers & Flotation Companies"
10053,10053,GS$C,"Security Brokers, Dealers & Flotation Companies"
10054,10054,GS$D,"Security Brokers, Dealers & Flotation Companies"
10055,10055,GS$K,"Security Brokers, Dealers & Flotation Companies"
10056,10056,GSL$B,Deep Sea Foreign Transportation of  Freight
10057,10057,GTACW,"SERVICES-BUSINESS SERVICES, NEC"
10058,10058,GTLS$B,Fabricated Plate Work (Boiler Shops)
10059,10059,GUT$C,Investment Offices / Funds
10060,10060,GWH.W,"Miscellaneous Electrical Machinery, Equipment & Supplies"
10061,10061,HBANL,National Commercial Banks
10062,10062,HBANM,NATIONAL COMMERCIAL BANKS
10063,10063,HBANP,NATIONAL COMMERCIAL BANKS
10064,10064,HCVIU,BLANK CHECKS
10065,10065,HCVIW,BLANK CHECKS
10066,10066,HFRO$A,Real Estate Investment Trusts
10067,10067,HGTY.W,"Insurance Agents, Brokers & Service"
10068,10068,HHGCR,BLANK CHECKS
10069,10069,HHGCW,BLANK CHECKS
10070,10070,HIG$G,"Fire, Marine & Casualty Insurance"
10071,10071,HIPO.W,"Fire, Marine & Casualty Insurance"
10072,10072,HL$B,Gold and Silver Ores
10073,10073,HNRA.W,Crude Petroleum & Natural Gas
10074,10074,HOFVW,SERVICES-MISCELLANEOUS AMUSEMENT &amp; RECREATION
10075,10075,HOLOW,"Services-Computer Programming, Data Processing, Etc."
10076,10076,HOVNP,OPERATIVE BUILDERS
10077,10077,HOVRW,Aircraft
10078,10078,HPKEW,DRILLING OIL &amp; GAS WELLS
10079,10079,HPP$C,Real Estate
10080,10080,HROWM,Pharmaceutical Preparations
10081,10081,HTIBP,REAL ESTATE INVESTMENT TRUSTS
10082,10082,HTLFP,STATE COMMERCIAL BANKS
10083,10083,HTOOW,MISC INDUSTRIAL &amp; COMMERCIAL MACHINERY &amp; EQUIPMENT
10084,10084,HTZWW,SERVICES-AUTO RENTAL &amp; LEASING (NO DRIVERS)
10085,10085,HUBCW,Computer Communications Equipment
10086,10086,HUDAR,Blank Checks
10087,10087,HUMAW,BIOLOGICAL PRODUCTS (NO DIAGNOSTIC SUBSTANCES)
10088,10088,HWCPZ,STATE COMMERCIAL BANKS
10089,10089,HWM$,ROLLING DRAWING &amp; EXTRUDING OF NONFERROUS METALS
10090,10090,HYAC.U,Blank Checks
10091,10091,HYMCL,GOLD &amp; SILVER ORES
10092,10092,HYMCW,GOLD &amp; SILVER ORES
10093,10093,HYZNW,ELECTRICAL INDUSTRIAL APPARATUS
10094,10094,IBACU,Blank Checks
10095,10095,ICR$A,Real Estate Investment Trusts
10096,10096,ICUCW,Surgical & Medical Instruments & Apparatus
10097,10097,IGTAR,BLANK CHECKS
10098,10098,IGTAW,BLANK CHECKS
10099,10099,IIPR$A,Real Estate
10100,10100,IMAQU,SERVICES-MOTION PICTURE &amp; VIDEO TAPE PRODUCTION
10101,10101,IMPPP,DEEP SEA FOREIGN TRANSPORTATION OF FREIGHT
10102,10102,IMTXW,BIOLOGICAL PRODUCTS (NO DIAGNOSTIC SUBSTANCES)
10103,10103,INN$E,"Hotels, Rooming Houses, Camps & Other Lodging Places"
10104,10104,INN$F,"Hotels, Rooming Houses, Camps & Other Lodging Places"
10105,10105,INTEW,BLANK CHECKS
10106,10106,INVZW,MOTOR VEHICLE PARTS &amp; ACCESSORIES
10107,10107,IONQ.W,Services-Computer Integrated Systems Design
10108,10108,IPXXU,Metal Mining
10109,10109,ISPOW,BLANK CHECKS
10110,10110,IVCBW,Blank Checks
10111,10111,IVR$B,Real Estate Investment Trusts
10112,10112,IVR$C,Real Estate Investment Trusts
10113,10113,IXAQW,"COMMUNICATION SERVICES, NEC"
10114,10114,JFBRW,RETAIL-MISCELLANEOUS RETAIL
10115,10115,JOBY.W,Aircraft
10116,10116,JPM$C,Asset-Backed Securities
10117,10117,JPM$D,Asset-Backed Securities
10118,10118,JPM$J,Asset-Backed Securities
10119,10119,JPM$K,Asset-Backed Securities
10120,10120,JPM$L,Asset-Backed Securities
10121,10121,JPM$M,Asset-Backed Securities
10122,10122,JSPRW,BIOLOGICAL PRODUCTS (NO DIAGNOSTIC SUBSTANCES)
10123,10123,JTAIW,"Air Transportation, Nonscheduled"
10124,10124,JVSA,Blank Checks
10125,10125,JVSAR,Blank Checks
10126,10126,JWSM.W,Blank Checks
10127,10127,JXN$A,Life Insurance
10128,10128,KACLR,Blank Checks
10129,10129,KCGI.W,Blank Checks
10130,10130,KEY$I,National Commercial Banks
10131,10131,KEY$J,National Commercial Banks
10132,10132,KEY$K,National Commercial Banks
10133,10133,KEY$L,National Commercial Banks
10134,10134,KIM$L,Real Estate Investment Trusts
10135,10135,KIM$M,Real Estate Investment Trusts
10136,10136,KIM$N,Real Estate Investment Trusts
10137,10137,KITTW,"GENERAL INDUSTRIAL MACHINERY &amp; EQUIPMENT, NEC"
10138,10138,KPLTW,"SERVICES-EQUIPMENT RENTAL &amp; LEASING, NEC"
10139,10139,KREF$A,Real Estate Investment Trusts
10140,10140,KTTAW,PHARMACEUTICAL PREPARATIONS
10141,10141,KVACU,Blank Checks
10142,10142,KVACW,Blank Checks
10143,10143,KYCHR,Blank Checks
10144,10144,KYCHW,BLANK CHECKS
10145,10145,LANDM,REAL ESTATE INVESTMENT TRUSTS
10146,10146,LANDO,REAL ESTATE INVESTMENT TRUSTS
10147,10147,LANDP,Real Estate Investment Trusts
10148,10148,LBRDP,CABLE &amp; OTHER PAY TELEVISION SERVICES
10149,10149,LCW.W,Blank Checks
10150,10150,LDTCW,Services-Prepackaged Software
10151,10151,LEGT,Blank Checks
10152,10152,LEGT.U,Blank Checks
10153,10153,LEGT.W,Blank Checks
10154,10154,LEV.W,Bottled & Canned Soft Drinks & Carbonated Waters
10155,10155,LEXXW,PHARMACEUTICAL PREPARATIONS
10156,10156,LFLYW,SERVICES-PREPACKAGED SOFTWARE
10157,10157,LFMDP,SERVICES-OFFICES &amp; CLINICS OF DOCTORS OF MEDICINE
10158,10158,LGHLW,"SECURITY BROKERS, DEALERS &amp; FLOTATION COMPANIES"
10159,10159,LGL.W,"Electronic Components, NEC"
10160,10160,LGVCW,BLANK CHECKS
10161,10161,LIDRW,MOTOR VEHICLE PARTS &amp; ACCESSORIES
10162,10162,LIFWW,Services-Computer Processing & Data Preparation
10163,10163,LILMW,AIRCRAFT
10164,10164,LIXTW,PHARMACEUTICAL PREPARATIONS
10165,10165,LLAP.W,Guided Missiles & Space Vehicles & Parts
10166,10166,LMND.W,"Fire, Marine & Casualty Insurance"
10167,10167,LNC$D,Life Insurance
10168,10168,LNZAW,Industrial Organic Chemicals
10169,10169,LOTWW,Motor Vehicles & Passenger Car Bodies
10170,10170,LPA,Real Estate
10171,10171,LSEAW,OPERATIVE BUILDERS
10172,10172,LTRYW,SERVICES-PREPACKAGED SOFTWARE
10173,10173,LUCYW,OPHTHALMIC GOODS
10174,10174,LUNRW,"Search, Detection, Navigation, Guidance, Aeronautical Sys"
10175,10175,LUXHP,Real Estate
10176,10176,LVWR.W,"Motorcycles, Bicycles & Parts"
10177,10177,LXP$C,Real Estate Investment Trusts
10178,10178,LZM.W,Metal Mining
10179,10179,MAA$I,Real Estate Investment Trusts
10180,10180,MAPSW,SERVICES-PREPACKAGED SOFTWARE
10181,10181,MAQCW,SERVICES-PREPACKAGED SOFTWARE
10182,10182,MARPS,OIL ROYALTY TRADERS
10183,10183,MARXR,Blank Checks
10184,10184,MBINM,State Commercial Banks
10185,10185,MBINN,STATE COMMERCIAL BANKS
10186,10186,MBINP,STATE COMMERCIAL BANKS
10187,10187,MBTCR,ELECTROMEDICAL &amp; ELECTROTHERAPEUTIC APPARATUS
10188,10188,MCAAW,BLANK CHECKS
10189,10189,MDAIW,Surgical & Medical Instruments & Apparatus
10190,10190,MDV$A,Real Estate Investment Trusts
10191,10191,MER$K,Asset-Backed Securities
10192,10192,MET$A,Life Insurance
10193,10193,MET$E,Life Insurance
10194,10194,MET$F,Life Insurance
10195,10195,METCL,BITUMINOUS COAL &amp; LIGNITE MINING
10196,10196,MFA$B,Real Estate Investment Trusts
10197,10197,MFA$C,Real Estate Investment Trusts
10198,10198,MFICL,Electric Housewares & Fans
10199,10199,MGRE,Investment Advice
10200,10200,MINDP,"SEARCH, DETECTION, NAVIGATION, GUIDANCE, AERONAUTICAL SYS"
10201,10201,MIR.W,"Measuring & Controlling Devices, NEC"
10202,10202,MITAU,BLANK CHECKS
10203,10203,MITT$A,Real Estate Investment Trusts
10204,10204,MITT$B,Real Estate Investment Trusts
10205,10205,MITT$C,Real Estate Investment Trusts
10206,10206,MKFG.W,"Computer Peripheral Equipment, NEC"
10207,10207,ML.W,Finance Services
10208,10208,MMA,Services-Miscellaneous Business Services
10209,10209,MNTSW,GUIDED MISSILES &amp; SPACE VEHICLES &amp; PARTS
10210,10210,MNYWW,"Services-Business Services, NEC"
10211,10211,MOBBW,AIRCRAFT
10212,10212,MOBXW,Semiconductors & Related Devices
10213,10213,MRDB.W,Services-Prepackaged Software
10214,10214,MRNOW,Hotels & Motels
10215,10215,MS$A,"Security Brokers, Dealers & Flotation Companies"
10216,10216,MS$E,"Security Brokers, Dealers & Flotation Companies"
10217,10217,MS$F,"Security Brokers, Dealers & Flotation Companies"
10218,10218,MS$I,"Security Brokers, Dealers & Flotation Companies"
10219,10219,MS$K,"Security Brokers, Dealers & Flotation Companies"
10220,10220,MS$L,"Security Brokers, Dealers & Flotation Companies"
10221,10221,MS$O,"Security Brokers, Dealers & Flotation Companies"
10222,10222,MS$P,"Security Brokers, Dealers & Flotation Companies"
10223,10223,MSAIW,Optical Instruments & Lenses
10224,10224,MSBIP,STATE COMMERCIAL BANKS
10225,10225,MTB$H,State Commercial Banks
10226,10226,MTEKW,"COMMUNICATIONS EQUIPMENT, NEC"
10227,10227,MVLAW,Services-Prepackaged Software
10228,10228,MVSTW,"MISCELLANEOUS ELECTRICAL MACHINERY, EQUIPMENT &amp; SUPPLIES"
10229,10229,NAMSW,Pharmaceutical Preparations
10230,10230,NCV$A,Loan Brokers
10231,10231,NCZ$A,Loan Brokers
10232,10232,NE.A,Drilling Oil & Gas Wells
10233,10233,NEE$N,Electric Services
10234,10234,NEE$R,Electric Services
10235,10235,NEOVW,"MISCELLANEOUS ELECTRICAL MACHINERY, EQUIPMENT &amp; SUPPLIES"
10236,10236,NETDW,Blank Checks
10237,10237,NEWTL,NATIONAL COMMERCIAL BANKS
10238,10238,NEWTZ,NATIONAL COMMERCIAL BANKS
10239,10239,NGL$B,Natural Gas Transmission
10240,10240,NGL$C,Natural Gas Transmission
10241,10241,NIOBW,Metal Mining
10242,10242,NKGNW,"Biological Products, (No Diagnostic Substances)"
10243,10243,NLSPW,PHARMACEUTICAL PREPARATIONS
10244,10244,NLY$F,Real Estate Investment Trusts
10245,10245,NLY$G,Real Estate Investment Trusts
10246,10246,NLY$I,Real Estate Investment Trusts
10247,10247,NMFCZ,"Insurance Agents, Brokers & Service"
10248,10248,NMHIW,Farm Machinery & Equipment
10249,10249,NNAVW,"SEARCH, DETECTION, NAVIGATION, GUIDANCE, AERONAUTICAL SYS"
10250,10250,NOTE.W,"Services-Business Services, NEC"
10251,10251,NPWR.W,Electrical Industrial Apparatus
10252,10252,NREF$A,Real Estate Investment Trusts
10253,10253,NRSNW,PHARMACEUTICAL PREPARATIONS
10254,10254,NRXPW,PHARMACEUTICAL PREPARATIONS
10255,10255,NS$A,Pipe Lines (No Natural Gas)
10256,10256,NS$B,Pipe Lines (No Natural Gas)
10257,10257,NS$C,Pipe Lines (No Natural Gas)
10258,10258,NSA$A,Real Estate Investment Trusts
10259,10259,NTRBW,"ORTHOPEDIC, PROSTHETIC &amp; SURGICAL APPLIANCES &amp; SUPPLIES"
10260,10260,NTRSO,STATE COMMERCIAL BANKS
10261,10261,NUKKW,Services-Management Consulting Services
10262,10262,NUVB.W,Pharmaceutical Preparations
10263,10263,NVACR,SURGICAL &amp; MEDICAL INSTRUMENTS &amp; APPARATUS
10264,10264,NVVEW,"POWER, DISTRIBUTION &amp; SPECIALTY TRANSFORMERS"
10265,10265,NWTNW,Motor Vehicles & Passenger Car Bodies
10266,10266,NXDT$A,Real Estate Investment Trusts
10267,10267,NXGLW,SURGICAL &amp; MEDICAL INSTRUMENTS &amp; APPARATUS
10268,10268,NXLIW,Electromedical & Electrotherapeutic Apparatus
10269,10269,NXPLW,TELEPHONE COMMUNICATIONS (NO RADIO TELEPHONE)
10270,10270,NYCB$A,"Savings Institutions, Not Federally Chartered"
10271,10271,NYCB$U,"Savings Institutions, Not Federally Chartered"
10272,10272,NYMTL,REAL ESTATE INVESTMENT TRUSTS
10273,10273,NYMTM,REAL ESTATE INVESTMENT TRUSTS
10274,10274,NYMTN,REAL ESTATE INVESTMENT TRUSTS
10275,10275,NYMTZ,REAL ESTATE INVESTMENT TRUSTS
10276,10276,O$,REAL ESTATE INVESTMENT TRUSTS
10277,10277,OABIW,Services-Commercial Physical & Biological Research
10278,10278,OAK$A,Investment Advice
10279,10279,OAK$B,Investment Advice
10280,10280,OAKUR,"Services-Misc Health & Allied Services, NEC"
10281,10281,OAKUW,"Services-Misc Health & Allied Services, NEC"
10282,10282,OCAXW,BLANK CHECKS
10283,10283,OCCIN,Financial Services
10284,10284,OCCIO,Financial Services
10285,10285,OCEAW,Pharmaceutical Preparations
10286,10286,ODVWZ,Gold and Silver Ores
10287,10287,ONBPO,NATIONAL COMMERCIAL BANKS
10288,10288,ONBPP,NATIONAL COMMERCIAL BANKS
10289,10289,ONFOW,SERVICES-COMPUTER PROCESSING &amp; DATA PREPARATION
10290,10290,OPINL,REAL ESTATE
10291,10291,OPP$A,Investment Offices / Funds
10292,10292,OPP$B,Investment Offices / Funds
10293,10293,ORGNW,INDUSTRIAL ORGANIC CHEMICALS
10294,10294,OSAAW,Surgical & Medical Instruments & Apparatus
10295,10295,OSI.U,Blank Checks
10296,10296,OUST.A,"General Industrial Machinery & Equipment, NEC"
10297,10297,OUST.W,"General Industrial Machinery & Equipment, NEC"
10298,10298,OXLCL,Unknown
10299,10299,OXLCM,Unknown
10300,10300,OXLCN,Financial Services
10301,10301,OXLCO,Financial Services
10302,10302,OXLCP,Financial Services
10303,10303,OXLCZ,Unknown
10304,10304,OXSQZ,Real Estate Investment Trusts
10305,10305,OXY.W,Natural Gas Transmission
10306,10306,OZKAP,Services-Motion Picture Theaters
10307,10307,PAVMZ,SURGICAL &amp; MEDICAL INSTRUMENTS &amp; APPARATUS
10308,10308,PAYOW,"SERVICES-BUSINESS SERVICES, NEC"
10309,10309,PBI$B,Finance Lessors
10310,10310,PBMWW,Pharmaceutical Preparations
10311,10311,PCG$A,Electric & Other Services Combined
10312,10312,PCG$B,Electric & Other Services Combined
10313,10313,PCG$D,Electric & Other Services Combined
10314,10314,PCG$H,Electric & Other Services Combined
10315,10315,PCTTW,"PLASTICS, MATERIALS, SYNTH RESINS &amp; NONVULCAN ELASTOMERS"
10316,10316,PEB$E,Real Estate Investment Trusts
10317,10317,PEB$F,Real Estate Investment Trusts
10318,10318,PEB$G,Real Estate Investment Trusts
10319,10319,PEB$H,Real Estate Investment Trusts
10320,10320,PERF.W,"Services-Business Services, NEC"
10321,10321,PETVW,SURGICAL &amp; MEDICAL INSTRUMENTS &amp; APPARATUS
10322,10322,PFTAW,Blank Checks
10323,10323,PGSS.W,Blank Checks
10324,10324,PGYWW,FINANCE SERVICES
10325,10325,PHGE.U,"Biological Products, (No Diagnostic Substances)"
10326,10326,PHYT.W,Blank Checks
10327,10327,PIIIW,SERVICES-HEALTH SERVICES
10328,10328,PL.W,Radio & Tv Broadcasting & Communications Equipment
10329,10329,PLMJU,Blank Checks
10330,10330,PLMJW,Blank Checks
10331,10331,PLTNR,Blank Checks
10332,10332,PLTNW,Blank Checks
10333,10333,PMT$A,Real Estate Investment Trusts
10334,10334,PMT$B,Real Estate Investment Trusts
10335,10335,PMT$C,Real Estate Investment Trusts
10336,10336,PNFPP,NATIONAL COMMERCIAL BANKS
10337,10337,POWWP,"ORDNANCE &amp; ACCESSORIES, (NO VEHICLES/GUIDED MISSILES)"
10338,10338,PPHPW,BLANK CHECKS
10339,10339,PRE$J,Accident & Health Insurance
10340,10340,PRENW,LABORATORY ANALYTICAL INSTRUMENTS
10341,10341,PRIF$D,Investment Offices / Funds
10342,10342,PRIF$F,Investment Offices / Funds
10343,10343,PRIF$G,Investment Offices / Funds
10344,10344,PRIF$H,Investment Offices / Funds
10345,10345,PRIF$I,Investment Offices / Funds
10346,10346,PRIF$J,Investment Offices / Funds
10347,10347,PRIF$K,Investment Offices / Funds
10348,10348,PRIF$L,Investment Offices / Funds
10349,10349,PROCW,PHARMACEUTICAL PREPARATIONS
10350,10350,PRSTW,Services-Prepackaged Software
10351,10351,PSA$F,Real Estate Investment Trusts
10352,10352,PSA$G,Real Estate Investment Trusts
10353,10353,PSA$H,Real Estate Investment Trusts
10354,10354,PSA$I,Real Estate Investment Trusts
10355,10355,PSA$J,Real Estate Investment Trusts
10356,10356,PSA$K,Real Estate Investment Trusts
10357,10357,PSA$L,Real Estate Investment Trusts
10358,10358,PSA$M,Real Estate Investment Trusts
10359,10359,PSA$N,Real Estate Investment Trusts
10360,10360,PSA$O,Real Estate Investment Trusts
10361,10361,PSA$P,Real Estate Investment Trusts
10362,10362,PSA$Q,Real Estate Investment Trusts
10363,10363,PSA$R,Real Estate Investment Trusts
10364,10364,PSA$S,Real Estate Investment Trusts
10365,10365,PSEC$A,Financial Services
10366,10366,PSFE.W,Blank Checks
10367,10367,PSQH.W,Services-Advertising
10368,10368,PTIXW,PHARMACEUTICAL PREPARATIONS
10369,10369,PUCKW,BLANK CHECKS
10370,10370,PXSAP,DEEP SEA FOREIGN TRANSPORTATION OF FREIGHT
10371,10371,PXSAW,DEEP SEA FOREIGN TRANSPORTATION OF FREIGHT
10372,10372,QBTS.W,Services-Computer Processing & Data Preparation
10373,10373,QRTEP,RETAIL-CATALOG &amp; MAIL-ORDER HOUSES
10374,10374,QSIAW,"MEASURING &amp; CONTROLLING DEVICES, NEC"
10375,10375,QTTB,Pharmaceutical Preparations
10376,10376,RC$C,Blank Checks
10377,10377,RC$E,Blank Checks
10378,10378,RCKTW,Pharmaceutical Preparations
10379,10379,RDW.W,Guided Missiles & Space Vehicles & Parts
10380,10380,RDZNW,"Insurance Agents, Brokers & Service"
10381,10381,REGCO,Real Estate Investment Trusts
10382,10382,REGCP,Real Estate Investment Trusts
10383,10383,RENEW,BLANK CHECKS
10384,10384,REVBW,PHARMACEUTICAL PREPARATIONS
10385,10385,REXR$B,Real Estate Investment Trusts
10386,10386,REXR$C,Real Estate Investment Trusts
10387,10387,RF$B,National Commercial Banks
10388,10388,RF$C,National Commercial Banks
10389,10389,RF$E,National Commercial Banks
10390,10390,RFACR,BLANK CHECKS
10391,10391,RHE$A,"Lessors of  Real Property, NEC"
10392,10392,RILYK,INVESTMENT ADVICE
10393,10393,RILYL,INVESTMENT ADVICE
10394,10394,RILYM,INVESTMENT ADVICE
10395,10395,RILYN,INVESTMENT ADVICE
10396,10396,RILYO,INVESTMENT ADVICE
10397,10397,RILYP,INVESTMENT ADVICE
10398,10398,RILYT,INVESTMENT ADVICE
10399,10399,RILYZ,INVESTMENT ADVICE
10400,10400,RITM$A,Real Estate Investment Trusts
10401,10401,RITM$B,Real Estate Investment Trusts
10402,10402,RITM$C,Real Estate Investment Trusts
10403,10403,RITM$D,Real Estate Investment Trusts
10404,10404,RIV$A,Investment Offices / Funds
10405,10405,RJF$B,"Security Brokers, Dealers & Flotation Companies"
10406,10406,RLJ$A,Real Estate Investment Trusts
10407,10407,RMCOW,Patent Owners & Lessors
10408,10408,RNR$F,"Fire, Marine & Casualty Insurance"
10409,10409,RNR$G,"Fire, Marine & Casualty Insurance"
10410,10410,ROCLW,CRUDE PETROLEUM &amp; NATURAL GAS
10411,10411,RSVRW,SERVICES-AMUSEMENT &amp; RECREATION SERVICES
10412,10412,RUMBW,"Services-Computer Programming, Data Processing, Etc."
10413,10413,RVMDW,"Biological Products, (No Diagnostic Substances)"
10414,10414,RVPHW,PHARMACEUTICAL PREPARATIONS
10415,10415,RVSNW,RAILROAD EQUIPMENT
10416,10416,RWAYL,Miscellaneous Business Credit Institution
10417,10417,RWAYZ,Miscellaneous Business Credit Institution
10418,10418,RWODR,"Biological Products, (No Diagnostic Substances)"
10419,10419,RWODW,BIOLOGICAL PRODUCTS (NO DIAGNOSTIC SUBSTANCES)
10420,10420,RWT$A,Real Estate Investment Trusts
10421,10421,SABSW,BIOLOGICAL PRODUCTS (NO DIAGNOSTIC SUBSTANCES)
10422,10422,SACH$A,Real Estate Investment Trusts
10423,10423,SATLW,RADIO &amp; TV BROADCASTING &amp; COMMUNICATIONS EQUIPMENT
10424,10424,SAVAW,Pharmaceutical Preparations
10425,10425,SB$C,Deep Sea Foreign Transportation of  Freight
10426,10426,SB$D,Deep Sea Foreign Transportation of  Freight
10427,10427,SBEV.W,Beverages
10428,10428,SBFMW,PHARMACEUTICAL PREPARATIONS
10429,10429,SBXC.U,Blank Checks
10430,10430,SBXC.W,Blank Checks
10431,10431,SCE$G,Electric Services
10432,10432,SCE$H,Electric Services
10433,10433,SCE$J,Electric Services
10434,10434,SCE$K,Electric Services
10435,10435,SCE$L,Electric Services
10436,10436,SCE$M,Electric Services
10437,10437,SCHW$D,"Security Brokers, Dealers & Flotation Companies"
10438,10438,SCHW$J,"Security Brokers, Dealers & Flotation Companies"
10439,10439,SCLXW,"Biological Products, (No Diagnostic Substances)"
10440,10440,SCRMW,BLANK CHECKS
10441,10441,SDAWW,"Services-Automotive Repair, Services & Parking"
10442,10442,SEAL$A,Water Transportation
10443,10443,SEAL$B,Water Transportation
10444,10444,SEATW,SERVICES-MISCELLANEOUS AMUSEMENT &amp; RECREATION
10445,10445,SER,Pharmaceutical Preparations
10446,10446,SF$B,"Security Brokers, Dealers & Flotation Companies"
10447,10447,SF$C,"Security Brokers, Dealers & Flotation Companies"
10448,10448,SF$D,"Security Brokers, Dealers & Flotation Companies"
10449,10449,SHCRW,SERVICES-HEALTH SERVICES
10450,10450,SHFSW,Finance Services
10451,10451,SHO$H,Real Estate Investment Trusts
10452,10452,SHO$I,Real Estate Investment Trusts
10453,10453,SHOTW,"Perfumes, Cosmetics & Other Toilet Preparations"
10454,10454,SHPWW,Miscellaneous Manufacturing Industries
10455,10455,SIGIP,"FIRE, MARINE &amp; CASUALTY INSURANCE"
10456,10456,SITC$A,Real Estate Investment Trusts
10457,10457,SKGRW,BLANK CHECKS
10458,10458,SKYH.W,Real Estate
10459,10459,SLAMU,"COMMUNICATION SERVICES, NEC"
10460,10460,SLDPW,"MISCELLANEOUS ELECTRICAL MACHINERY, EQUIPMENT &amp; SUPPLIES"
10461,10461,SLG$I,Real Estate Investment Trusts
10462,10462,SLMBP,PERSONAL CREDIT INSTITUTIONS
10463,10463,SLNAW,Hotels & Motels
10464,10464,SLND.W,Heavy Construction Other Than Bldg Const - Contractors
10465,10465,SLNHP,FINANCE SERVICES
10466,10466,SMR.W,Fabricated Plate Work (Boiler Shops)
10467,10467,SNAXW,FOOD &amp; KINDRED PRODUCTS
10468,10468,SNCRL,SERVICES-COMPUTER PROGRAMMING SERVICES
10469,10469,SNV$D,National Commercial Banks
10470,10470,SNV$E,National Commercial Banks
10471,10471,SOAR.W,"Air Transportation, Nonscheduled"
10472,10472,SOC.W,Crude Petroleum & Natural Gas
10473,10473,SOHON,REAL ESTATE INVESTMENT TRUSTS
10474,10474,SOHOO,REAL ESTATE INVESTMENT TRUSTS
10475,10475,SOLV,Surgical & Medical Instruments & Apparatus
10476,10476,SONDW,"HOTELS, ROOMING HOUSE, CAMPS &amp; OTHER LODGING PLACES"
10477,10477,SOUNW,SERVICES-PREPACKAGED SOFTWARE
10478,10478,SPECW,"Measuring & Controlling Devices, NEC"
10479,10479,SPG$J,Blank Checks
10480,10480,SPKLW,Blank Checks
10481,10481,SPLP$A,Miscellaneous Primary Metal Products
10482,10482,SPNT$B,"Fire, Marine & Casualty Insurance"
10483,10483,SQFTP,REAL ESTATE INVESTMENT TRUSTS
10484,10484,SQFTW,REAL ESTATE INVESTMENT TRUSTS
10485,10485,SR$A,Natural Gas Distribution
10486,10486,SRG$A,Real Estate
10487,10487,SRZNW,BIOLOGICAL PRODUCTS (NO DIAGNOSTIC SUBSTANCES)
10488,10488,SSSSL,Unknown
10489,10489,SST.W,"Services-Computer Programming, Data Processing, Etc."
10490,10490,STIXW,SERVICES-COMPUTER PROGRAMMING SERVICES
10491,10491,STRCW,SERVICES-PREPACKAGED SOFTWARE
10492,10492,STRRP,ELECTROMEDICAL &amp; ELECTROTHERAPEUTIC APPARATUS
10493,10493,STSSW,SURGICAL &amp; MEDICAL INSTRUMENTS &amp; APPARATUS
10494,10494,STT$G,Metal Mining
10495,10495,SURGW,TELEPHONE COMMUNICATIONS (NO RADIO TELEPHONE)
10496,10496,SVIIR,Miscellaneous Metal Ores
10497,10497,SVIIW,Miscellaneous Metal Ores
10498,10498,SVMHW,Motor Vehicles & Passenger Car Bodies
10499,10499,SWAGW,Services-Advertising Agencies
10500,10500,SWKHL,Miscellaneous Business Credit Institution
10501,10501,SWSSW,BLANK CHECKS
10502,10502,SWVLW,"SERVICES-BUSINESS SERVICES, NEC"
10503,10503,SXTPW,Pharmaceutical Preparations
10504,10504,SYF$A,Asset-Backed Securities
10505,10505,SYF$B,Asset-Backed Securities
10506,10506,SYTAW,RADIO TELEPHONE COMMUNICATIONS
10507,10507,T$A,Telephone Communications (No Radiotelephone)
10508,10508,T$C,Telephone Communications (No Radiotelephone)
10509,10509,TALKW,SERVICES-HEALTH SERVICES
10510,10510,TBLAW,"SERVICES-COMPUTER PROGRAMMING, DATA PROCESSING, ETC."
10511,10511,TBMCR,Blank Checks
10512,10512,TCBIO,STATE COMMERCIAL BANKS
10513,10513,TCBPW,BIOLOGICAL PRODUCTS (NO DIAGNOSTIC SUBSTANCES)
10514,10514,TCOA.W,Blank Checks
10515,10515,TDS$U,Radiotelephone Communications
10516,10516,TDS$V,Radiotelephone Communications
10517,10517,TDW.W,Water Transportation
10518,10518,TECTP,STATE COMMERCIAL BANKS
10519,10519,TENKR,Pharmaceutical Preparations
10520,10520,TETEW,"SERVICES-BUSINESS SERVICES, NEC"
10521,10521,TFC$I,National Commercial Banks
10522,10522,TFC$O,National Commercial Banks
10523,10523,TFC$R,National Commercial Banks
10524,10524,TFINP,State Commercial Banks
10525,10525,TGH$A,"Services-Equipment Rental & Leasing, NEC"
10526,10526,TGH$B,"Services-Equipment Rental & Leasing, NEC"
10527,10527,TLSIW,Surgical & Medical Instruments & Apparatus
10528,10528,TMCWW,METAL MINING
10529,10529,TMTCR,Blank Checks
10530,10530,TMTCU,Blank Checks
10531,10531,TNP$E,Deep Sea Foreign Transportation of  Freight
10532,10532,TNP$F,Deep Sea Foreign Transportation of  Freight
10533,10533,TPGXL,Investment Advice
10534,10534,TRINL,National Commercial Banks
10535,10535,TRINZ,National Commercial Banks
10536,10536,TRIS.W,Blank Checks
10537,10537,TRTN$A,Opeators of  Nonresidential Buildings
10538,10538,TRTN$B,Opeators of  Nonresidential Buildings
10539,10539,TRTN$C,Opeators of  Nonresidential Buildings
10540,10540,TRTN$D,Opeators of  Nonresidential Buildings
10541,10541,TRTN$E,Opeators of  Nonresidential Buildings
10542,10542,TRTX$C,Real Estate Investment Trusts
10543,10543,TVGNW,"Biological Products, (No Diagnostic Substances)"
10544,10544,TWLVW,BLANK CHECKS
10545,10545,TWO$A,Real Estate Investment Trusts
10546,10546,TWO$B,Real Estate Investment Trusts
10547,10547,TWO$C,Real Estate Investment Trusts
10548,10548,TY$,Financial Services
10549,10549,UBXG,"SERVICES-COMPUTER PROGRAMMING, DATA PROCESSING, ETC."
10550,10550,UCBIO,STATE COMMERCIAL BANKS
10551,10551,UHGWW,Operative Builders
10552,10552,UKOMW,"SERVICES-BUSINESS SERVICES, NEC"
10553,10553,UMH$D,Real Estate Investment Trusts
10554,10554,USB$A,National Commercial Banks
10555,10555,USB$H,National Commercial Banks
10556,10556,USB$P,National Commercial Banks
10557,10557,USB$Q,National Commercial Banks
10558,10558,USB$R,National Commercial Banks
10559,10559,USB$S,National Commercial Banks
10560,10560,UWMC.W,Mortgage Bankers & Loan Correspondents
10561,10561,VAL.W,Drilling Oil & Gas Wells
10562,10562,VCXB.U,"Biological Products, (No Diagnostic Substances)"
10563,10563,VERBW,SERVICES-PERSONAL SERVICES
10564,10564,VFSWW,Motor Vehicles & Passenger Car Bodies
10565,10565,VGASW,Industrial Organic Chemicals
10566,10566,VHAI.A,Services-Computer Programming Services
10567,10567,VHAI.B,Services-Computer Programming Services
10568,10568,VIASP,ELECTRIC &amp; OTHER SERVICES COMBINED
10569,10569,VLD.W,"Special Industry Machinery, NEC"
10570,10570,VLN.W,Semiconductors & Related Devices
10571,10571,VLYPO,NATIONAL COMMERCIAL BANKS
10572,10572,VLYPP,NATIONAL COMMERCIAL BANKS
10573,10573,VNO$L,Real Estate Investment Trusts
10574,10574,VNO$M,Real Estate Investment Trusts
10575,10575,VNO$N,Real Estate Investment Trusts
10576,10576,VNO$O,Real Estate Investment Trusts
10577,10577,VOYA$B,Life Insurance
10578,10578,VSSYW,SERVICES-COMPUTER PROCESSING &amp; DATA PREPARATION
10579,10579,VSTEW,"Heating Equipment, Except Electric & Warm Air Furnaces"
10580,10580,WAL$A,State Commercial Banks
10581,10581,WBS$F,National Commercial Banks
10582,10582,WBS$G,National Commercial Banks
10583,10583,WBX.W,"Miscellaneous Electrical Machinery, Equipment & Supplies"
10584,10584,WCC$A,"Wholesale-Electrical Apparatus & Equipment, Wiring Supplies "
10585,10585,WESTW,BEVERAGES
10586,10586,WFC$A,National Commercial Banks
10587,10587,WFC$C,National Commercial Banks
10588,10588,WFC$D,National Commercial Banks
10589,10589,WFC$L,National Commercial Banks
10590,10590,WFC$Y,National Commercial Banks
10591,10591,WFC$Z,National Commercial Banks
10592,10592,WGSWW,Services-Health Services
10593,10593,WHFCL,Unknown
10594,10594,WHLRP,REAL ESTATE INVESTMENT TRUSTS
10595,10595,WINVR,Blank Checks
10596,10596,WKSPW,MOTOR VEHICLE PARTS &amp; ACCESSORIES
10597,10597,WLDSW,COMPUTER COMMUNICATIONS EQUIPMENT
10598,10598,WRB$E,Real Estate Investment Trusts
10599,10599,WRB$F,Real Estate Investment Trusts
10600,10600,WRB$G,Real Estate Investment Trusts
10601,10601,WRB$H,Real Estate Investment Trusts
10602,10602,WSBCP,NATIONAL COMMERCIAL BANKS
10603,10603,WTFCM,STATE COMMERCIAL BANKS
10604,10604,WTFCP,STATE COMMERCIAL BANKS
10605,10605,WVVIP,BEVERAGES
10606,10606,XELAP,"SERVICES-BUSINESS SERVICES, NEC"
10607,10607,XFLT$A,Investment Offices / Funds
10608,10608,XOMAO,PHARMACEUTICAL PREPARATIONS
10609,10609,XOMAP,PHARMACEUTICAL PREPARATIONS
10610,10610,XOSWW,MOTOR VEHICLE PARTS &amp; ACCESSORIES
10611,10611,YCBD$A,"Perfumes, Cosmetics & Other Toilet Preparations"
10612,10612,YOTAU,RETAIL-AUTO DEALERS &amp; GASOLINE STATIONS
10613,10613,YOTAW,RETAIL-AUTO DEALERS &amp; GASOLINE STATIONS
10614,10614,YSBPW,Pharmaceutical Preparations
10615,10615,ZBZX,Commodity Contracts Brokers & Dealers
10616,10616,ZCARW,Services-Auto Rental & Leasing (No Drivers)
10617,10617,ZEXIT,Unknown
10618,10618,ZIEXT,Unknown
10619,10619,ZIONL,NATIONAL COMMERCIAL BANKS
10620,10620,ZIONO,NATIONAL COMMERCIAL BANKS
10621,10621,ZIONP,NATIONAL COMMERCIAL BANKS
10622,10622,ZJZZT,Crude Petroleum & Natural Gas
10623,10623,ZPTA,Services-Prepackaged Software
10624,10624,ZPTAW,Services-Prepackaged Software
10625,10625,ZTEST,Commodity Contracts Brokers & Dealers
10626,10626,ZVZZT,Crude Petroleum & Natural Gas
10627,10627,ZWZZT,Crude Petroleum & Natural Gas
10628,10628,ZXIET,Unknown
10629,10629,AACT.W,Fabricated Plate Work (Boiler Shops)
10630,10630,ACACU,BLANK CHECKS
10631,10631,ACBAW,BLANK CHECKS
10632,10632,AENTW,"Wholesale-Durable Goods, NEC"
10633,10633,AGBAW,INVESTMENT ADVICE
10634,10634,AITRR,Blank Checks
10635,10635,ALCYW,Blank Checks
10636,10636,ALSAR,SERVICES-PREPACKAGED SOFTWARE
10637,10637,ALVOW,BIOLOGICAL PRODUCTS (NO DIAGNOSTIC SUBSTANCES)
10638,10638,AULT$D,Oil & Gas Field Machinery & Equipment
10639,10639,AUUDW,SERVICES-COMPUTER PROCESSING &amp; DATA PREPARATION
10640,10640,AVHIW,Services-Health Services
10641,10641,BANFP,NATIONAL COMMERCIAL BANKS
10642,10642,BCV$A,Investment Offices / Funds
10643,10643,BENFW,Finance Services
10644,10644,BLACR,Surgical & Medical Instruments & Apparatus
10645,10645,BLEUW,BLANK CHECKS
10646,10646,BRSHW,DENTAL EQUIPMENT &amp; SUPPLIES
10647,10647,CCLDO,Services-Prepackaged Software
10648,10648,CCTSW,BLANK CHECKS
10649,10649,CDROW,SERVICES-MISCELLANEOUS AMUSEMENT &amp; RECREATION
10650,10650,CDTTW,Pharmaceutical Preparations
10651,10651,CETUW,Blank Checks
10652,10652,CINGW,PHARMACEUTICAL PREPARATIONS
10653,10653,CNGLW,SERVICES-COMPUTER INTEGRATED SYSTEMS DESIGN
10654,10654,CONXW,REAL ESTATE OPERATORS (NO DEVELOPERS) &amp; LESSORS
10655,10655,CPTNW,MOTOR VEHICLE PARTS &amp; ACCESSORIES
10656,10656,CSLRW,Construction - Special Trade Contractors
10657,10657,DISTW,Blank Checks
10658,10658,DRTSW,SURGICAL &amp; MEDICAL INSTRUMENTS &amp; APPARATUS
10659,10659,EMCGW,Blank Checks
10660,10660,ESLAW,"Biological Products, (No Diagnostic Substances)"
10661,10661,EVE.U,Blank Checks
10662,10662,FNVTW,BLANK CHECKS
10663,10663,FRMEP,NATIONAL COMMERCIAL BANKS
10664,10664,GAQ.W,Blank Checks
10665,10665,GATEW,BLANK CHECKS
10666,10666,GBBKR,BLANK CHECKS
10667,10667,GECCO,Services-Prepackaged Software
10668,10668,GEV,Electronic & Other Electrical Equipment (No Computer Equip)
10669,10669,GGN$B,Investment Offices / Funds
10670,10670,GIPRW,REAL ESTATE INVESTMENT TRUSTS
10671,10671,GLACU,Blank Checks
10672,10672,GMFIW,BLANK CHECKS
10673,10673,GOVXW,PHARMACEUTICAL PREPARATIONS
10674,10674,GRND.W,"Services-Computer Programming, Data Processing, Etc."
10675,10675,GROMW,"SERVICES-COMPUTER PROGRAMMING, DATA PROCESSING, ETC."
10676,10676,GSMGW,SERVICES-COMPUTER PROCESSING &amp; DATA PREPARATION
10677,10677,HGASW,Industrial Inorganic Chemicals
10678,10678,HNNAZ,INVESTMENT ADVICE
10679,10679,HSCSW,"ORTHOPEDIC, PROSTHETIC &amp; SURGICAL APPLIANCES &amp; SUPPLIES"
10680,10680,HYAC.W,Blank Checks
10681,10681,IFIN.U,"Services-Business Services, NEC"
10682,10682,IMAQR,Services-Motion Picture & Video Tape Production
10683,10683,INAQW,Patent Owners & Lessors
10684,10684,INBKZ,STATE COMMERCIAL BANKS
10685,10685,IROHW,Food and Kindred Products
10686,10686,JTAIZ,"Air Transportation, Nonscheduled"
10687,10687,JVSAU,Blank Checks
10688,10688,JWSM.U,Blank Checks
10689,10689,KRNLW,BLANK CHECKS
10690,10690,LANV.W,Apparel & Other Finishd Prods of  Fabrics & Similar Matl
10691,10691,LEV.A,Bottled & Canned Soft Drinks & Carbonated Waters
10692,10692,LFT$A,Real Estate Investment Trusts
10693,10693,LIFWZ,Services-Computer Processing & Data Preparation
10694,10694,MAMO,Miscellaneous Transportation Equipment
10695,10695,MBNKP,FINANCE SERVICES
10696,10696,MLECW,Food and Kindred Products
10697,10697,MMVWW,Services-Prepackaged Software
10698,10698,MSSAR,BLANK CHECKS
10699,10699,MTAL.W,Blank Checks
10700,10700,MYPSW,SERVICES-PREPACKAGED SOFTWARE
10701,10701,NCNCW,"Miscellaneous Electrical Machinery, Equipment & Supplies"
10702,10702,NE.W,Drilling Oil & Gas Wells
10703,10703,NETDU,Blank Checks
10704,10704,NNAGU,Services-Health Services
10705,10705,NPABW,BLANK CHECKS
10706,10706,NVNIW,Services-Prepackaged Software
10707,10707,NXTT,Services-Computer Processing & Data Preparation
10708,10708,ONMDW,Services-Commercial Physical & Biological Research
10709,10709,OPFI.W,Finance Services
10710,10710,PCG$G,Electric & Other Services Combined
10711,10711,PEGRU,BLANK CHECKS
10712,10712,PETWW,SERVICES-PERSONAL SERVICES
10713,10713,PFTAU,BLANK CHECKS
10714,10714,PLMIW,SERVICES-COMPUTER INTEGRATED SYSTEMS DESIGN
10715,10715,PNST.W,Retail-Eating & Drinking Places
10716,10716,PTWOW,Services-Offices & Clinics of  Doctors of  Medicine
10717,10717,PUCKU,BLANK CHECKS
10718,10718,PW$A,Real Estate Investment Trusts
10719,10719,QOMOW,Blank Checks
10720,10720,RBOT.W,"Orthopedic, Prosthetic & Surgical Appliances & Supplies"
10721,10721,RMPL$,Investment Advice
10722,10722,RNWWW,ELECTRIC SERVICES
10723,10723,RRAC.W,Blank Checks
10724,10724,RWODU,BIOLOGICAL PRODUCTS (NO DIAGNOSTIC SUBSTANCES)
10725,10725,SAITW,FINANCE SERVICES
10726,10726,SES.W,"Miscellaneous Electrical Machinery, Equipment & Supplies"
10727,10727,SMXWW,Misc Industrial & Commercial Machinery & Equipment
10728,10728,TGAAW,BLANK CHECKS
10729,10729,TRTL.U,Blank Checks
10730,10730,USCTW,BLANK CHECKS
10731,10731,USGOW,Gold and Silver Ores
10732,10732,VCXB.W,"Biological Products, (No Diagnostic Substances)"
10733,10733,VRMEW,SERVICES-COMPUTER INTEGRATED SYSTEMS DESIGN
10734,10734,VWEWW,BEVERAGES
10735,10735,WINVU,BLANK CHECKS
10736,10736,XFINW,BLANK CHECKS
10737,10737,ZAPPW,"Motorcycles, Bicycles & Parts"
10738,10738,ZBAO,"Insurance Agents, Brokers & Service"
10739,10739,ZEOWW,Construction - Special Trade Contractors
10740,10740,ZFOXW,"SERVICES-BUSINESS SERVICES, NEC"
10741,10741,ZURAW,"Biological Products, (No Diagnostic Substances)"
10742,10742,ZXZZT,Crude Petroleum & Natural Gas
10743,10743,ACABW,BIOLOGICAL PRODUCTS (NO DIAGNOSTIC SUBSTANCES)
10744,10744,AMBI.W,Hazardous Waste Management
10745,10745,AMBP.W,Metal Cans
10746,10746,AOGOU,SERVICES-PREPACKAGED SOFTWARE
10747,10747,AP.W,Pumps & Pumping Equipment
10748,10748,APLMW,Pharmaceutical Preparations
10749,10749,ARTLW,PHARMACEUTICAL PREPARATIONS
10750,10750,BCSAW,BLANK CHECKS
10751,10751,CCTSU,BLANK CHECKS
10752,10752,CLBR.U,Blank Checks
10753,10753,COEPW,Finance Services
10754,10754,COOLU,BLANK CHECKS
10755,10755,DRMAW,PHARMACEUTICAL PREPARATIONS
10756,10756,EDBLW,AGRICULTURE PRODUCTION - CROPS
10757,10757,EVE.W,Blank Checks
10758,10758,FAAS,Services-Prepackaged Software
10759,10759,FAASW,Services-Prepackaged Software
10760,10760,FGFPP,FINANCE SERVICES
10761,10761,FREEW,SUGAR &amp; CONFECTIONERY PRODUCTS
10762,10762,GDEVW,Services-Computer Programming Services
10763,10763,GGT$E,Investment Offices / Funds
10764,10764,HLLY.W,Motor Vehicle Parts & Accessories
10765,10765,IINNW,SURGICAL &amp; MEDICAL INSTRUMENTS &amp; APPARATUS
10766,10766,IMAQW,SERVICES-MOTION PICTURE &amp; VIDEO TAPE PRODUCTION
10767,10767,IPXXW,Metal Mining
10768,10768,IROHU,Food and Kindred Products
10769,10769,IRS.W,American Depositary Receipts
10770,10770,IVDAW,SERVICES-PREPACKAGED SOFTWARE
10771,10771,KCGI.U,Blank Checks
10772,10772,LATGU,BLANK CHECKS
10773,10773,LCW.U,Blank Checks
10774,10774,LGVCU,BLANK CHECKS
10775,10775,MNTN.W,Blank Checks
10776,10776,NNAGW,Services-Health Services
10777,10777,NTEST,"Miscellaneous Electrical Machinery, Equipment & Supplies"
10778,10778,NVACW,Surgical & Medical Instruments & Apparatus
10779,10779,PCG$E,Electric & Other Services Combined
10780,10780,PEGRW,BLANK CHECKS
10781,10781,PLAOW,BLANK CHECKS
10782,10782,PMGMW,PHARMACEUTICAL PREPARATIONS
10783,10783,RCFA.U,Gold and Silver Ores
10784,10784,THCPW,BLANK CHECKS
10785,10785,TRAW,Pharmaceutical Preparations
10786,10786,TRIS.U,Blank Checks
10787,10787,TRONW,BLANK CHECKS
10788,10788,TRTL.W,Blank Checks
10789,10789,AACIU,Blank Checks
10790,10790,ABLVW,Retail-Nonstore Retailers
10791,10791,ACACW,BLANK CHECKS
10792,10792,AIMAW,BLANK CHECKS
10793,10793,ANSCW,Blank Checks
10794,10794,BEATW,SURGICAL &amp; MEDICAL INSTRUMENTS &amp; APPARATUS
10795,10795,BHACW,BLANK CHECKS
10796,10796,CHKEW,CRUDE PETROLEUM &amp; NATURAL GAS
10797,10797,CLOER,SERVICES-MISCELLANEOUS AMUSEMENT &amp; RECREATION
10798,10798,CNFRZ,"Fire, Marine & Casualty Insurance"
10799,10799,DBGIW,RETAIL-APPAREL &amp; ACCESSORY STORES
10800,10800,DECAU,PHARMACEUTICAL PREPARATIONS
10801,10801,ESHAR,Blank Checks
10802,10802,FHLTU,Blank Checks
10803,10803,FMSTW,Miscellaneous Metal Ores
10804,10804,FOA.W,Mortgage Bankers & Loan Correspondents
10805,10805,HAIAW,BLANK CHECKS
10806,10806,HSPOW,Blank Checks
10807,10807,LCFYW,"SERVICES-COMPUTER PROGRAMMING, DATA PROCESSING, ETC."
10808,10808,LVROW,Retail-Miscellaneous Retail
10809,10809,MCACW,CONSTRUCTION SPECIAL TRADE CONTRACTORS
10810,10810,MDRRP,REAL ESTATE INVESTMENT TRUSTS
10811,10811,MSSAW,BLANK CHECKS
10812,10812,NBSTW,BLANK CHECKS
10813,10813,NIVF,"Services-Misc Health & Allied Services, NEC"
10814,10814,NIVFW,"Services-Misc Health & Allied Services, NEC"
10815,10815,NNAGR,Services-Health Services
10816,10816,NOVVW,BLANK CHECKS
10817,10817,OCSAW,Pharmaceutical Preparations
10818,10818,ONYXW,BLANK CHECKS
10819,10819,OXBRW,"FIRE, MARINE &amp; CASUALTY INSURANCE"
10820,10820,RELIW,INSURANCE AGENTS BROKERS &amp; SERVICES
10821,10821,RFACU,BLANK CHECKS
10822,10822,RFACW,BLANK CHECKS
10823,10823,RMGCW,ELECTRICAL INDUSTRIAL APPARATUS
10824,10824,SEDA.U,Blank Checks
10825,10825,SPKLU,Blank Checks
10826,10826,TLGYW,"PLASTICS, MATERIALS, SYNTH RESINS &amp; NONVULCAN ELASTOMERS"
10827,10827,TNONW,Surgical & Medical Instruments & Apparatus
10828,10828,VMCAW,BLANK CHECKS
10829,10829,XBIOW,PHARMACEUTICAL PREPARATIONS
10830,10830,AEAEW,MOTOR VEHICLE PARTS &amp; ACCESSORIES
10831,10831,AOGOW,SERVICES-PREPACKAGED SOFTWARE
10832,10832,APCA.W,Blank Checks
10833,10833,ATMVU,"Retail-Home Furniture, Furnishings & Equipment Stores"
10834,10834,AUVIP,ELECTRIC LIGHTING &amp; WIRING EQUIPMENT
10835,10835,BLEUR,BLANK CHECKS
10836,10836,BOCNW,BLANK CHECKS
10837,10837,CMAXW,SERVICES-NURSING &amp; PERSONAL CARE FACILITIES
10838,10838,CSLMW,Blank Checks
10839,10839,CTNM,Pharmaceutical Preparations
10840,10840,DHACW,SERVICES-HEALTH SERVICES
10841,10841,EMLDW,FINANCE SERVICES
10842,10842,EPRX,Pharmaceutical Preparations
10843,10843,FLFVR,MOTOR VEHICLES &amp; PASSENGER CAR BODIES
10844,10844,GLLIR,BLANK CHECKS
10845,10845,OAKUU,"Services-Misc Health & Allied Services, NEC"
10846,10846,PCG$C,Electric & Other Services Combined
10847,10847,PCG$I,Electric & Other Services Combined
10848,10848,PLTNU,Blank Checks
10849,10849,QOMOU,Blank Checks
10850,10850,RCRTW,SERVICES-COMPUTER PROGRAMMING SERVICES
10851,10851,SEDA.W,Blank Checks
10852,10852,SEPAW,Surgical & Medical Instruments & Apparatus
10853,10853,SVREW,SERVICES-COMPUTER PROGRAMMING SERVICES
10854,10854,TOIIW,SERVICES-OFFICES &amp; CLINICS OF DOCTORS OF MEDICINE
10855,10855,WINVW,BLANK CHECKS
10856,10856,YOTAR,RETAIL-AUTO DEALERS &amp; GASOLINE STATIONS
10857,10857,ZLSWW,Blank Checks
10858,10858,ZOOZ,Misc Industrial & Commercial Machinery & Equipment
10859,10859,ZOOZW,Misc Industrial & Commercial Machinery & Equipment
10860,10860,ALSAW,SERVICES-PREPACKAGED SOFTWARE
10861,10861,ATEK.W,Hazardous Waste Management
10862,10862,BWAQW,Blank Checks
10863,10863,DECAW,PHARMACEUTICAL PREPARATIONS
10864,10864,DISTR,Blank Checks
10865,10865,DMYY.U,Blank Checks
10866,10866,FHLTW,BLANK CHECKS
10867,10867,FTIIW,BIOLOGICAL PRODUCTS (NO DIAGNOSTIC SUBSTANCES)
10868,10868,GDSTW,ELECTRICAL INDUSTRIAL APPARATUS
10869,10869,GLU$B,Investment Offices / Funds
10870,10870,IRAAW,BLANK CHECKS
10871,10871,IVCPU,CRUDE PETROLEUM &amp; NATURAL GAS
10872,10872,NFYS.W,Blank Checks
10873,10873,OSI.W,Blank Checks
10874,10874,PDYN,Services-Prepackaged Software
10875,10875,PDYNW,Services-Prepackaged Software
10876,10876,PFXNZ,Unknown
10877,10877,SEPAU,Surgical & Medical Instruments & Apparatus
10878,10878,SUUN,Construction - Special Trade Contractors
10879,10879,WALDW,"PERFUMES, COSMETICS &amp; OTHER TOILET PREPARATIONS"
10880,10880,XBPEW,"Services-Business Services, NEC"
10881,10881,AIBBU,BLANK CHECKS
10882,10882,APXIU,BLANK CHECKS
10883,10883,BCDAW,BIOLOGICAL PRODUCTS (NO DIAGNOSTIC SUBSTANCES)
10884,10884,BOWNU,"Soap, Detergents, Cleang Preparations, Perfumes, Cosmetics"
10885,10885,BUJAU,Blank Checks
10886,10886,BYNOW,BLANK CHECKS
10887,10887,CITEW,BLANK CHECKS
10888,10888,CLNNW,PHARMACEUTICAL PREPARATIONS
10889,10889,CMCAU,BLANK CHECKS
10890,10890,CNGLU,SERVICES-COMPUTER INTEGRATED SYSTEMS DESIGN
10891,10891,CYTHW,"Biological Products, (No Diagnostic Substances)"
10892,10892,DHACU,SERVICES-HEALTH SERVICES
10893,10893,EMCGU,BLANK CHECKS
10894,10894,FEXDW,LOAN BROKERS
10895,10895,FLFVU,MOTOR VEHICLES &amp; PASSENGER CAR BODIES
10896,10896,FLFVW,MOTOR VEHICLES &amp; PASSENGER CAR BODIES
10897,10897,FNVTU,BLANK CHECKS
10898,10898,GDSTU,ELECTRICAL INDUSTRIAL APPARATUS
10899,10899,GLU$A,Investment Offices / Funds
10900,10900,HAFN,Transportation Services
10901,10901,ISRLU,Blank Checks
10902,10902,IVCBU,BLANK CHECKS
10903,10903,IVCPW,CRUDE PETROLEUM &amp; NATURAL GAS
10904,10904,NPABU,Blank Checks
10905,10905,ONYXU,BLANK CHECKS
10906,10906,PLMIU,SERVICES-COMPUTER INTEGRATED SYSTEMS DESIGN
10907,10907,PMGMU,PHARMACEUTICAL PREPARATIONS
10908,10908,PPYAU,BLANK CHECKS
10909,10909,SVIIU,Miscellaneous Metal Ores
10910,10910,ZLSWU,Blank Checks
10911,10911,ASCBR,BLANK CHECKS
10912,10912,ATEK.U,Hazardous Waste Management
10913,10913,ECDAW,Motor Vehicles & Passenger Car Bodies
10914,10914,ISRLW,Blank Checks
10915,10915,MITAW,BLANK CHECKS
10916,10916,MNDR,Services-Prepackaged Software
10917,10917,NOVVR,BLANK CHECKS
10918,10918,SPE$C,"Plastic Materials, Synth Resins & Nonvulcan Elastomers"
10919,10919,DSAQ.U,Blank Checks
10920,10920,EICC,Services-Prepackaged Software
10921,10921,FORLU,Blank Checks
10922,10922,GTACU,"SERVICES-BUSINESS SERVICES, NEC"
10923,10923,MACAW,BLANK CHECKS
10924,10924,MCAGR,Surgical & Medical Instruments & Apparatus
10925,10925,OPTXW,Optical Instruments & Lenses
10926,10926,PACS,Services-Skilled Nursing Care Facilities
10927,10927,PWUPW,PHARMACEUTICAL PREPARATIONS
10928,10928,SKYE,PHARMACEUTICAL PREPARATIONS
10929,10929,THCPU,BLANK CHECKS
10930,10930,AIBBR,BLANK CHECKS
10931,10931,DYCQ,Blank Checks
10932,10932,DYCQR,Blank Checks
10933,10933,EMCGR,Blank Checks
10934,10934,KACLW,BLANK CHECKS
10935,10935,MCACR,CONSTRUCTION SPECIAL TRADE CONTRACTORS
10936,10936,TENKU,Pharmaceutical Preparations
10937,10937,ULS,Services-Testing Laboratories
10938,10938,CBRGU,BLANK CHECKS
10939,10939,FEXDR,LOAN BROKERS
10940,10940,HSPOR,Blank Checks
10941,10941,NOVVU,BLANK CHECKS
10942,10942,QDROW,Blank Checks
10943,10943,QETAU,Blank Checks
10944,10944,QOMOR,Blank Checks
10945,10945,SCRMU,BLANK CHECKS
10946,10946,YYAI,"Services-Computer Programming, Data Processing, Etc."
10947,10947,ATMCR,Blank Checks
10948,10948,DPCSW,BLANK CHECKS
10949,10949,IVCAW,BLANK CHECKS
10950,10950,TWG,Miscellaneous Food Preparations & Kindred Products
10951,10951,TWLVU,BLANK CHECKS
10952,10952,VSACW,BLANK CHECKS
10953,10953,AILE,Services-Prepackaged Software
10954,10954,AILEW,Services-Prepackaged Software
10955,10955,CFFSW,BLANK CHECKS
10956,10956,GHIXU,BLANK CHECKS
10957,10957,INAQU,Patent Owners & Lessors
10958,10958,JUNE,Services-Management Consulting Services
10959,10959,WEL.W,Retail-Nonstore Retailers
10960,10960,CDAQU,BLANK CHECKS
10961,10961,CDTG,SANITARY SERVICES
10962,10962,CTRI,Natural Gas Transmisison & Distribution
10963,10963,GECCI,Services-Prepackaged Software
10964,10964,GPACU,PRIMARY SMELTING &amp; REFINING OF NONFERROUS METALS
10965,10965,MTEN,"Metal Doors, Sash, Frames, Moldings & Trim"
10966,10966,PGSS.U,Blank Checks
10967,10967,PRLHW,BLANK CHECKS
10968,10968,QDROU,Blank Checks
10969,10969,AIMAU,BLANK CHECKS
10970,10970,BOCNU,BLANK CHECKS
10971,10971,BYNOU,BLANK CHECKS
10972,10972,CNDA.U,Blank Checks
10973,10973,FRLAU,"Special Industry Machinery, NEC"
10974,10974,PCTTU,"PLASTICS, MATERIALS, SYNTH RESINS &amp; NONVULCAN ELASTOMERS"
10975,10975,PWUPU,PHARMACEUTICAL PREPARATIONS
10976,10976,QETAR,Blank Checks
10977,10977,RMGCU,ELECTRICAL INDUSTRIAL APPARATUS
10978,10978,SLSR,Gold and Silver Ores
10979,10979,TLGYU,"PLASTICS, MATERIALS, SYNTH RESINS &amp; NONVULCAN ELASTOMERS"
10980,10980,TRSG,"Construction, Mining & Materials Handling Machinery & Equip"
10981,10981,VSACU,BLANK CHECKS
10982,10982,WAVSU,Services-Computer Programming Services
10983,10983,WAVSW,SERVICES-COMPUTER PROGRAMMING SERVICES
10984,10984,XYLO,Services-Computer Processing & Data Preparation
10985,10985,AACT.U,Fabricated Plate Work (Boiler Shops)
10986,10986,CDAQW,BLANK CHECKS
10987,10987,FRLAW,"SPECIAL INDUSTRY MACHINERY, NEC"
10988,10988,IFN.R,"Security Brokers, Dealers & Flotation Companies"
10989,10989,MFI,Services-Computer Programming Services
10990,10990,YYGH,Services-Help Supply Services
10991,10991,GODNU,Blank Checks
10992,10992,PTWOU,SERVICES-OFFICES &amp; CLINICS OF DOCTORS OF MEDICINE
10993,10993,DUETW,BLANK CHECKS
10994,10994,GLLIU,BLANK CHECKS
10995,10995,IGTAU,Blank Checks
10996,10996,MFAO,Real Estate Investment Trusts
10997,10997,GAMCW,INDUSTRIAL ORGANIC CHEMICALS
10998,10998,HSPOU,Blank Checks
10999,10999,LOAR,"Aircraft Parts & Auxiliary Equipment, NEC"
11000,11000,MRX,"Security & Commodity Brokers, Dealers, Exchanges & Services"
11001,11001,PPYAW,BLANK CHECKS
11002,11002,RBRK,Services-Prepackaged Software
11003,11003,BRKHU,SEMICONDUCTORS &amp; RELATED DEVICES
11004,11004,ZONE,"Specialty Cleaning, Polishing and Sanitation Preparations"
11005,11005,BWLP,Transportation Services
11006,11006,HUDAU,Blank Checks
11007,11007,MARXU,Blank Checks
11008,11008,SKGRU,BLANK CHECKS
11009,11009,APCA.U,Blank Checks
11010,11010,BLACU,Surgical & Medical Instruments & Apparatus
11011,11011,IBAC,Blank Checks
11012,11012,IBACR,Blank Checks
11013,11013,SHMD,Misc Industrial & Commercial Machinery & Equipment
11014,11014,SHMDW,Misc Industrial & Commercial Machinery & Equipment
11015,11015,VIK,Water Transportation
11016,11016,ALSAU,SERVICES-PREPACKAGED SOFTWARE
11017,11017,CCIXU,Services-Computer Integrated Systems Design
11018,11018,CLOEU,SERVICES-MISCELLANEOUS AMUSEMENT &amp; RECREATION
11019,11019,MCAGU,Surgical & Medical Instruments & Apparatus
11020,11020,NUVO,Surgical & Medical Instruments & Apparatus
11021,11021,NUVOW,Surgical & Medical Instruments & Apparatus
11022,11022,SOWG,FOOD &amp; KINDRED PRODUCTS
11023,11023,ACBAU,BLANK CHECKS
11024,11024,AFARW,SERVICES-MOTION PICTURE &amp; VIDEO TAPE DISTRIBUTION
11025,11025,FTIIU,BIOLOGICAL PRODUCTS (NO DIAGNOSTIC SUBSTANCES)
11026,11026,RCFA.W,Gold and Silver Ores
11027,11027,RENEU,BLANK CHECKS
11028,11028,TRONU,Blank Checks
11029,11029,ALCYU,Blank Checks
11030,11030,BRACR,Blank Checks
11031,11031,NBSTU,BLANK CHECKS
11032,11032,TETEU,"SERVICES-BUSINESS SERVICES, NEC"
11033,11033,RRAC.U,Blank Checks
11034,11034,ZVV,National Commercial Banks
11035,11035,HAIAU,BLANK CHECKS
11036,11036,NNE,Electric Services
11037,11037,FER,Heavy Construction Other Than Bldg Const - Contractors
11038,11038,GPATU,Blank Checks
11039,11039,PAL,Transportation Services
11040,11040,SVCO,Services-Prepackaged Software
11041,11041,OKLO,Electric Services
11042,11042,ZK,Motor Vehicles & Passenger Car Bodies
11043,11043,ANG$A,Life Insurance
11044,11044,ANG$B,Life Insurance
11045,11045,BKHA,"Biological Products, (No Diagnostic Substances)"
11046,11046,BKHAR,"Biological Products, (No Diagnostic Substances)"
11047,11047,NFYS.U,Blank Checks
11048,11048,TCOA.U,Blank Checks
11049,11049,BTOC,Public Warehousing & Storage
11050,11050,OCAXU,Blank Checks
11051,11051,ACABU,BIOLOGICAL PRODUCTS (NO DIAGNOSTIC SUBSTANCES)
11052,11052,JDZG,Services-Educational Services
11053,11053,RAY,Household Appliances
11054,11054,VRN,Crude Petroleum & Natural Gas
11055,11055,ATMCU,Blank Checks
11056,11056,MTB$J,State Commercial Banks
11057,11057,ROCLU,CRUDE PETROLEUM &amp; NATURAL GAS
11058,11058,ENTO,Pharmaceutical Preparations
11059,11059,HDL,Retail-Eating  Places
11060,11060,KACLU,BLANK CHECKS
11061,11061,RFAIU,Blank Checks
11062,11062,BWIN,"Insurance Agents, Brokers & Service"
11063,11063,CNH,Construction Machinery & Equip
11064,11064,HHGCU,BLANK CHECKS
11065,11065,MITP,Real Estate Investment Trusts
11066,11066,BLUA.U,Surgical & Medical Instruments & Apparatus
11067,11067,KBDC,Natural Gas Transmission
11068,11068,PHYT.U,Blank Checks
11069,11069,PLAOU,BLANK CHECKS
11070,11070,BFAC.U,Blank Checks
11071,11071,BOW,"Fire, Marine & Casualty Insurance"
11072,11072,EMLDU,FINANCE SERVICES
11073,11073,MNTN.U,Blank Checks
11074,11074,BITE.U,Blank Checks
11075,11075,BWAQU,BLANK CHECKS
11076,11076,CIMN,Real Estate Investment Trusts
11077,11077,LSB,Pharmaceutical Preparations
11078,11078,LSBPW,Pharmaceutical Preparations
11079,11079,SWSSU,BLANK CHECKS
11080,11080,CFG$H,State Commercial Banks
11081,11081,IRAAU,BLANK CHECKS
11082,11082,WHLRL,Real Estate Investment Trusts
11083,11083,FEXDU,Loan Brokers
11084,11084,VMCAU,BLANK CHECKS
11085,11085,XHG,"Insurance Agents, Brokers & Service"
11086,11086,KDLY,Finance Services
11087,11087,KDLYW,Finance Services
11088,11088,NEWTG,National Commercial Banks
11089,11089,SMTK,SEMICONDUCTORS &amp; RELATED DEVICES
11090,11090,SCE$N,Electric Services
11091,11091,TGAAU,BLANK CHECKS
11092,11092,ATYR,"Biological Products, (No Diagnostic Substances)"
11093,11093,BIPJ,Water Transportation
11094,11094,MSSAU,BLANK CHECKS
11095,11095,FLYE,Motor Vehicles & Passenger Car Bodies
11096,11096,GAUZ,"Miscellaneous Electrical Machinery, Equipment & Supplies"
11097,11097,LIF,Services-Computer Processing & Data Preparation
11098,11098,QXO,Wholesale-Lumber & Other Construction Materials
11099,11099,CHEB.U,Blank Checks
11100,11100,DSY,Converted Paper & Paperboard Prods (No Contaners/Boxes)
11101,11101,DSYWW,Converted Paper & Paperboard Prods (No Contaners/Boxes)
11102,11102,RAPP,Pharmaceutical Preparations
11103,11103,SIFYR,"Services-Computer Programming, Data Processing, Etc."
11104,11104,WAY,Services-Computer Integrated Systems Design
11105,11105,CLRCU,BLANK CHECKS
11106,11106,GLSTU,Blank Checks
11107,11107,MACAU,BLANK CHECKS
11108,11108,MCACU,CONSTRUCTION SPECIAL TRADE CONTRACTORS
11109,11109,ONIT,Mortgage Bankers & Loan Correspondents
11110,11110,ALFUU,Blank Checks
11111,11111,IVCAU,BLANK CHECKS
11112,11112,GRALV,Services-Medical Laboratories
11113,11113,PCSC,Services-Medical Laboratories
11114,11114,GROY.W,Gold and Silver Ores
11115,11115,SILA,Real Estate Investment Trusts
11116,11116,SPMC,Blank Checks
11117,11117,TEM,"Services-Computer Programming, Data Processing, Etc."
11118,11118,BRACU,BLANK CHECKS
11119,11119,CUBWU,Blank Checks
11120,11120,FSHPU,Blank Checks
11121,11121,GATEU,BLANK CHECKS
11122,11122,ILMNV,Laboratory Analytical Instruments
11123,11123,IXAQU,"COMMUNICATION SERVICES, NEC"
11124,11124,MACIU,"Services-Business Services, NEC"
11125,11125,AEAEU,MOTOR VEHICLE PARTS &amp; ACCESSORIES
11126,11126,CCIX,Services-Computer Integrated Systems Design
11127,11127,CCIXW,Services-Computer Integrated Systems Design
11128,11128,CSLMU,SERVICES-COMPUTER INTEGRATED SYSTEMS DESIGN
11129,11129,DPCSU,BLANK CHECKS
11130,11130,MCAAU,BLANK CHECKS
11131,11131,RECT,"Cutlery, Handtools & General Hardware"
11132,11132,TECX,"Biological Products, (No Diagnostic Substances)"
11133,11133,AIEV,Motor Vehicles & Passenger Car Bodies
11134,11134,NXG.R,Investment Offices / Funds
11135,11135,WENA,"Biological Products, (No Diagnostic Substances)"
11136,11136,WENAW,"Biological Products, (No Diagnostic Substances)"
11137,11137,GRAL,Services-Medical Laboratories
11138,11138,RWTO,Real Estate Investment Trusts
11139,11139,VSEE,Services-Health Services
11140,11140,VSEEW,Services-Health Services
11141,11141,BOH$B,Asset-Backed Securities
11142,11142,EVGRU,BLANK CHECKS
11143,11143,GRAF.U,Blank Checks
11144,11144,NEE$S,Electric Services
11145,11145,WEL.U,Retail-Nonstore Retailers
11146,11146,CITEU,BLANK CHECKS
11147,11147,TBN,Crude Petroleum & Natural Gas
11148,11148,WBTN,Miscellaneous Publishing
11149,11149,ALMS,Pharmaceutical Preparations
11150,11150,KRNLU,BLANK CHECKS
11151,11151,LSH,Arrangement of  Transportation of  Freight & Cargo
11152,11152,AIOT,"Communications Equipment, NEC"
11153,11153,MAQCU,Services-Prepackaged Software
11154,11154,TEN$E,Deep Sea Foreign Transportation of  Freight
11155,11155,TEN$F,Deep Sea Foreign Transportation of  Freight
11156,11156,CETUU,Blank Checks
11157,11157,GGT.V,Investment Offices / Funds
11158,11158,FIACU,"INVESTORS, NEC"
11159,11159,GGT.R,Investment Offices / Funds
11160,11160,ABVE,Food and Kindred Products
11161,11161,ABVEW,Food and Kindred Products
11162,11162,DCOMG,National Commercial Banks
11163,11163,EHGO,"Services-Equipment Rental & Leasing, NEC"
11164,11164,EURKU,Services-Computer Integrated Systems Design
11165,11165,GAMCU,INDUSTRIAL ORGANIC CHEMICALS
11166,11166,GPAT,BLANK CHECKS
11167,11167,GPATW,Blank Checks
11168,11168,NYMTI,Real Estate Investment Trusts
11169,11169,RFAI,Blank Checks
11170,11170,RFAIR,Blank Checks
11171,11171,SW,Paperboard Containers & Boxes
11172,11172,TOYO,Miscellaneous Manufacturing Industries
11173,11173,ASCBU,BLANK CHECKS
11174,11174,CGBS,Natural Gas Distribution
11175,11175,CGBSW,Natural Gas Distribution
11176,11176,CMBT,Deep Sea Foreign Transportation of  Freight
11177,11177,CNTM,Construction - Special Trade Contractors
11178,11178,FSUN,NATIONAL COMMERCIAL BANKS
11179,11179,LPAAU,Blank Checks
11180,11180,OXLCI,Unknown
11181,11181,SDST,Primary Smelting & Refining of  Nonferrous Metals
11182,11182,SDSTW,Primary Smelting & Refining of  Nonferrous Metals
11183,11183,SIMAU,Blank Checks
11184,11184,TLN,Electric Services
11185,11185,AFARU,SERVICES-MOTION PICTURE &amp; VIDEO TAPE DISTRIBUTION
11186,11186,WTMAU,"MISCELLANEOUS ELECTRICAL MACHINERY, EQUIPMENT &amp; SUPPLIES"
11187,11187,CFFSU,BLANK CHECKS
11188,11188,DUETU,BLANK CHECKS
11189,11189,AQUNU,Blank Checks
11190,11190,ARDT,"Services-General Medical & Surgical Hospitals, NEC"
11191,11191,ARTV,"Biological Products, (No Diagnostic Substances)"
11192,11192,CNL,Gold and Silver Ores
11193,11193,MACI,"Services-Business Services, NEC"
11194,11194,PDCC,Financial Services
11195,11195,PSIG,Arrangement of  Transportation of  Freight & Cargo
11196,11196,QMMM,Services-Advertising Agencies
11197,11197,STEC,Investment Advice
11198,11198,TWFG,"Insurance Agents, Brokers & Service"
11199,11199,MACIW,"Services-Business Services, NEC"
11200,11200,PRLHU,BLANK CHECKS
11201,11201,BLMZ,Services-Allied To Motion Picture Production
11202,11202,CON,"Services-Specialty Outpatient Facilities, NEC"
11203,11203,DTSQU,Blank Checks
11204,11204,HHH.V,Real Estate Investment Trusts
11205,11205,LINE,Real Estate Investment Trusts
11206,11206,NIPG,Services-Miscellaneous Amusement & Recreation
11207,11207,NVA,Gold and Silver Ores
11208,11208,NVAWW,Gold and Silver Ores
11209,11209,ORKT,Services-Prepackaged Software
11210,11210,OS,Services-Prepackaged Software
11211,11211,PGHL,General Bldg Contractors - Nonresidential Bldgs
11212,11212,RF$F,National Commercial Banks
11213,11213,SEG.V,Services-Miscellaneous Amusement & Recreation
11214,11214,TNFA,In Vitro & In Vivo Diagnostic Substances
11215,11215,TRINI,National Commercial Banks
11216,11216,BHACU,BLANK CHECKS
11217,11217,CHEB,Blank Checks
11218,11218,PITA,"Miscellaneous Electrical Machinery, Equipment & Supplies"
11219,11219,PITAW,"Miscellaneous Electrical Machinery, Equipment & Supplies"
11220,11220,CHEB.W,Blank Checks
11221,11221,NSA$B,Real Estate Investment Trusts
11222,11222,AAM.U,Blank Checks
11223,11223,ADGM,Surgical & Medical Instruments & Apparatus
11224,11224,ALFUW,Blank Checks
11225,11225,AOMN,Real Estate
11226,11226,FDSB,"Savings Institution, Federally Chartered"
11227,11227,MBAVU,Blank Checks
11228,11228,MKDW,Electronic & Other Electrical Equipment (No Computer Equip)
11229,11229,MKDWW,Electronic & Other Electrical Equipment (No Computer Equip)
11230,11230,MS$Q,"Security Brokers, Dealers & Flotation Companies"
11231,11231,OSTX,Pharmaceutical Preparations
11232,11232,SEG,Services-Miscellaneous Amusement & Recreation
11233,11233,SMC,Natural Gas Transmission
11234,11234,FLD,Finance Services
11235,11235,FLDDW,Finance Services
11236,11236,FLDDU,Finance Services
11237,11237,HPAI,Services-Prepackaged Software
11238,11238,HPAIW,Services-Prepackaged Software
11239,11239,TXNM,Electric Services
11240,11240,UCB,State Commercial Banks
11241,11241,UCB$I,State Commercial Banks
11242,11242,EQV.U,Blank Checks
11243,11243,INTEU,Blank Checks
11244,11244,RSTN,RETAIL-CATALOG &amp; MAIL-ORDER HOUSES
11245,11245,CSCI,"Perfumes, Cosmetics & Other Toilet Preparations"
11246,11246,CUBWW,Blank Checks
11247,11247,VACHU,"Biological Products, (No Diagnostic Substances)"
11248,11248,XFINU,BLANK CHECKS
11249,11249,CBO,Unknown
11250,11250,GRAF.W,Blank Checks
11251,11251,ACTU,Pharmaceutical Preparations
11252,11252,AIFF,Services-Prepackaged Software
11253,11253,BGM,Pharmaceutical Preparations
11254,11254,BSLK,Industrial Organic Chemicals
11255,11255,CEP,Blank Checks
11256,11256,CTOR,Pharmaceutical Preparations
11257,11257,FSHP,BLANK CHECKS
11258,11258,HONDU,Fabricated Plate Work (Boiler Shops)
11259,11259,QNTM,Pharmaceutical Preparations
11260,11260,RZLV,"Services-Computer Programming, Data Processing, Etc."
11261,11261,RZLVW,"Services-Computer Programming, Data Processing, Etc."
11262,11262,SBXD.U,Blank Checks
11263,11263,SLXN,"Biological Products, (No Diagnostic Substances)"
11264,11264,SLXNW,"Biological Products, (No Diagnostic Substances)"
11265,11265,VLYPN,National Commercial Banks
11266,11266,YXT,Services-Prepackaged Software
11267,11267,FSHPR,Blank Checks
11268,11268,BSLKW,Industrial Organic Chemicals
11269,11269,CCEC,Deep Sea Foreign Transportation of  Freight
11270,11270,CIMO,Real Estate Investment Trusts
11271,11271,GAP,Retail-Family Clothing Stores
11272,11272,RITR,Real Estate Operators (No Developers) & Lessors
11273,11273,WOK,Surgical & Medical Instruments & Apparatus
11274,11274,AZI,"Services-Automotive Repair, Services & Parking"
11275,11275,BSIIU,Blank Checks
11276,11276,GIGGU,Electric Services
11277,11277,JBDI,"Metal Shipping Barrels, Drums, Kegs & Pails"
11278,11278,SIMA,Blank Checks
11279,11279,SIMAW,Blank Checks
11280,11280,SPAI,"Orthopedic, Prosthetic & Surgical Appliances & Supplies"
11281,11281,GUT.V,Investment Offices / Funds
11282,11282,BNT,"Insurance Carriers, NEC"
11283,11283,CURR,PHARMACEUTICAL PREPARATIONS
11284,11284,GIFT,Retail-Catalog & Mail-Order Houses
11285,11285,INVX,Oil & Gas Field Machinery & Equipment
11286,11286,LPAA,Blank Checks
11287,11287,LPAAW,Blank Checks
11288,11288,ORKA,Pharmaceutical Preparations
11289,11289,PMAX,Services-Miscellaneous Business Services
11290,11290,POLEU,Blank Checks
11291,11291,PTHL,Electromedical & Electrotherapeutic Apparatus
11292,11292,RIME,Services-Computer Integrated Systems Design
11293,11293,VCICU,"Security Brokers, Dealers & Flotation Companies"
11294,11294,EHI.V,Investment Offices / Funds
11295,11295,GUT.R,Investment Offices / Funds
11296,11296,AAM,Blank Checks
11297,11297,AAM.W,Blank Checks
11298,11298,BCAX,Pharmaceutical Preparations
11299,11299,EHI.R,Investment Offices / Funds
11300,11300,EURK,Services-Computer Integrated Systems Design
11301,11301,EURKR,Services-Computer Integrated Systems Design
11302,11302,FVNNU,Services-Computer Integrated Systems Design
11303,11303,GIGGW,Electric Services
11304,11304,GLXG,"Services-Engineering, Accounting, Research, Management"
11305,11305,GPUS,Oil & Gas Field Machinery & Equipment
11306,11306,GPUS$D,Oil & Gas Field Machinery & Equipment
11307,11307,HCWC,Retail-Grocery Stores
11308,11308,IBO,Pharmaceutical Preparations
11309,11309,KAPA,Pharmaceutical Preparations
11310,11310,MBX,Pharmaceutical Preparations
11311,11311,SAIH,Finance Services
11312,11312,SEI,Oil & Gas Field Machinery & Equipment
11313,11313,TDTH,"Services-Business Services, NEC"
11314,11314,XCH,"Miscellaneous Electrical Machinery, Equipment & Supplies"
11315,11315,SAIHW,Finance Services
11316,11316,BLEUU,BLANK CHECKS
11317,11317,AVK.R,Radio Broadcasting Stations
11318,11318,CAPNU,Blank Checks
11319,11319,DTSQ,Blank Checks
11320,11320,DTSQR,Blank Checks
11321,11321,EONR,Crude Petroleum & Natural Gas
11322,11322,EONR.W,Crude Petroleum & Natural Gas
11323,11323,GLE,SERVICES-COMPUTER PROCESSING &amp; DATA PREPARATION
11324,11324,HPE$C,Computer & office Equipment
11325,11325,KLTO,"Biological Products, (No Diagnostic Substances)"
11326,11326,KLTOW,"Biological Products, (No Diagnostic Substances)"
11327,11327,NEWTH,National Commercial Banks
11328,11328,SBC,Services-Offices & Clinics of  Doctors of  Medicine
11329,11329,SBCWW,Services-Offices & Clinics of  Doctors of  Medicine
11330,11330,SCNX,Pharmaceutical Preparations
11331,11331,VEEA,Services-Computer Integrated Systems Design
11332,11332,VEEAW,Services-Computer Integrated Systems Design
11333,11333,YHNAU,Blank Checks
11334,11334,BIOA,Pharmaceutical Preparations
11335,11335,AMTM,"Services-Business Services, NEC"
11336,11336,BKV,Crude Petroleum & Natural Gas
11337,11337,CURB.V,Real Estate
11338,11338,EQV,Blank Checks
11339,11339,EQV.W,Blank Checks
11340,11340,FOXX,Computer Communications Equipment
11341,11341,FOXXW,Computer Communications Equipment
11342,11342,GECCH,Services-Prepackaged Software
11343,11343,GRDN,Retail-Drug Stores and Proprietary Stores
11344,11344,HTCO,Deep Sea Foreign Transportation of  Freight
11345,11345,IBG,BEVERAGES
11346,11346,MBAV,Blank Checks
11347,11347,MBAVW,Blank Checks
11348,11348,OMCC,Short-Term Business Credit Institutions
11349,11349,PC,Retail-Eating  Places
11350,11350,SEG.R,Services-Miscellaneous Amusement & Recreation
11351,11351,SITC.V,Real Estate Investment Trusts
11352,11352,BDMD,Surgical & Medical Instruments & Apparatus
11353,11353,CBNA,National Commercial Banks
11354,11354,CLYM,Pharmaceutical Preparations
11355,11355,CURB,Real Estate
11356,11356,EXE,Crude Petroleum & Natural Gas
11357,11357,EXEEZ,Crude Petroleum & Natural Gas
11358,11358,FLX,Trucking & Courier Services (No Air)
11359,11359,FVR,Real Estate Investment Trusts
11360,11360,HTLM,Retail-Furniture Stores
11361,11361,INV,Blank Checks
11362,11362,LGTY,Services-Prepackaged Software
11363,11363,LIEN,Pharmaceutical Preparations
11364,11364,NIXX,Services-Computer Programming Services
11365,11365,NIXXW,Services-Computer Programming Services
11366,11366,OCCIM,Financial Services
11367,11367,OKUR,Pharmaceutical Preparations
11368,11368,SARO,Aircraft Engines & Engine Parts
11369,11369,SBXD,Blank Checks
11370,11370,VACH,"Biological Products, (No Diagnostic Substances)"
11371,11371,VACHW,"Biological Products, (No Diagnostic Substances)"
11372,11372,WCT,Services-Prepackaged Software
11373,11373,ZENA,Services-Prepackaged Software
11374,11374,ZJK,"Bolts, Nuts, Screws, Rivets & Washers"
11375,11375,BDMDW,Surgical & Medical Instruments & Apparatus
11376,11376,EXEEW,Crude Petroleum & Natural Gas
11377,11377,SBXD.W,Blank Checks
11378,11378,EXEEL,Crude Petroleum & Natural Gas
11379,11379,BSIIW,Blank Checks
11380,11380,CBLL,Electromedical & Electrotherapeutic Apparatus
11381,11381,CCIRU,Blank Checks
11382,11382,CICB,Investment Offices / Funds
11383,11383,CLIK,Services-Employment Agencies
11384,11384,DWTX,Pharmaceutical Preparations
11385,11385,HOND,Fabricated Plate Work (Boiler Shops)
11386,11386,HONDW,Fabricated Plate Work (Boiler Shops)
11387,11387,JCTC,Retail-Lumber & Other Building Materials Dealers
11388,11388,KLC,SERVICES-CHILD DAY CARE SERVICES
11389,11389,LPBBU,Blank Checks
11390,11390,RDACU,Blank Checks
11391,11391,SKK,"Water, Sewer, Pipeline, Comm & Power Line Construction"
11392,11392,SKYQ,Hazardous Waste Management
11393,11393,SOBO,Pipe Lines (No Natural Gas)
11394,11394,STFS,Services-Advertising
11395,11395,UPB,Pharmaceutical Preparations
11396,11396,BSII,Blank Checks
11397,11397,ARES$B,"Services-Business Services, NEC"
11398,11398,EIIA,Services-Prepackaged Software
11399,11399,HURA,Pharmaceutical Preparations
11400,11400,ILLR,Investment Advice
11401,11401,ILLRW,Investment Advice
11402,11402,NBIS,"Services-Computer Programming, Data Processing, Etc."
11403,11403,ORIS,Agricultural Production-Crops
11404,11404,PENG,Semiconductors & Related Devices
11405,11405,PTLE,Wholesale-Petroleum & Petroleum Products (No Bulk Stations)
11406,11406,SFHG,Commercial Printing
11407,11407,SPHL,General Bldg Contractors - Residential Bldgs
11408,11408,WAI,"Services-Business Services, NEC"
11409,11409,FGL,Construction - Special Trade Contractors
11410,11410,SRV.V,Investment Offices / Funds
11411,11411,SRV.R,Investment Offices / Funds
11412,11412,AIFU,"Insurance Agents, Brokers & Service"
11413,11413,ALDFU,Blank Checks
11414,11414,BEAGU,Blank Checks
11415,11415,CAPN,Blank Checks
11416,11416,CAPNR,Blank Checks
11417,11417,CHARU,Blank Checks
11418,11418,ECG.V,Operative Builders
11419,11419,FBLA,"Savings Institutions, Not Federally Chartered"
11420,11420,FLG,"Savings Institutions, Not Federally Chartered"
11421,11421,FLG$A,"Savings Institutions, Not Federally Chartered"
11422,11422,FLG$U,"Savings Institutions, Not Federally Chartered"
11423,11423,GRCE,Pharmaceutical Preparations
11424,11424,HUHU,Nonferrous Foundries (Castings)
11425,11425,INGM,Wholesale-Computers & Peripheral Equipment & Software
11426,11426,IRD,Pharmaceutical Preparations
11427,11427,LBGJ,REFRIGERATION &amp; SERVICE INDUSTRY MACHINERY
11428,11428,MDU.V,Mining & Quarrying of  Nonmetallic Minerals (No Fuels)
11429,11429,NAYA,Surgical & Medical Instruments & Apparatus
11430,11430,NESRW,"OIL, GAS FIELD SERVICES, NBC"
11431,11431,OACCU,Blank Checks
11432,11432,ROLR,Services-Amusement & Recreation Services
11433,11433,SAG,Wholesale-Motor Vehicles & Motor Vehicle Parts & Supplies
11434,11434,SEPN,Pharmaceutical Preparations
11435,11435,SNYR,Medicinal Chemicals & Botanical Products
11436,11436,BACQU,Services-Computer Integrated Systems Design
11437,11437,ECG,Operative Builders
11438,11438,GELS,PHARMACEUTICAL PREPARATIONS
11439,11439,IMG,Retail-Miscellaneous Retail
11440,11440,NEE$T,Electric Services
11441,11441,NTWOU,Blank Checks
11442,11442,PLRZ,Surgical & Medical Instruments & Apparatus
11443,11443,POLE,Blank Checks
11444,11444,POLEW,Blank Checks
11445,11445,TZUP,SERVICES-COMPUTER PROCESSING &amp; DATA PREPARATION
11446,11446,VCIC,"Security Brokers, Dealers & Flotation Companies"
11447,11447,VCICW,"Security Brokers, Dealers & Flotation Companies"
11448,11448,ADUR,Chemicals & Allied Products
11449,11449,ASPCU,Blank Checks
11450,11450,BA$A,"Security Brokers, Dealers & Flotation Companies"
11451,11451,DEVS,"Investors, NEC"
11452,11452,FVN,Services-Computer Integrated Systems Design
11453,11453,FVNNR,Services-Computer Integrated Systems Design
11454,11454,GSRTU,Blank Checks
11455,11455,LBYAV,Cable & Other Pay Television Services
11456,11456,MAGN,Paper Mills
11457,11457,PRMB,Beverages
11458,11458,SNREV,Cable & Other Pay Television Services
11459,11459,SPMA,Blank Checks
11460,11460,WLACU,Blank Checks
11461,11461,YHNA,Blank Checks
11462,11462,YHNAR,Blank Checks
11463,11463,ABP,"Biological Products, (No Diagnostic Substances)"
11464,11464,ABPWW,"Biological Products, (No Diagnostic Substances)"
11465,11465,ACOG,"Biological Products, (No Diagnostic Substances)"
11466,11466,BHST,Pharmaceutical Preparations
11467,11467,CLSKW,Finance Services
11468,11468,HSPTU,Blank Checks
11469,11469,IZTC,"Biological Products, (No Diagnostic Substances)"
11470,11470,MDCX,Pharmaceutical Preparations
11471,11471,MDCXW,Pharmaceutical Preparations
11472,11472,MKZR,Real Estate Investment Trusts
11473,11473,PAMT,Trucking (No Local)
11474,11474,SNRE,Cable & Other Pay Television Services
11475,11475,TLX,Pharmaceutical Preparations
11476,11476,TSSI,SERVICES-MANAGEMENT CONSULTING SERVICES
11477,11477,BALY.T,Hotels & Motels
11478,11478,CASK,Beverages
11479,11479,CON.V,"Services-Specialty Outpatient Facilities, NEC"
11480,11480,DMN,"Motorcycles, Bicycles & Parts"
11481,11481,DYNXU,Blank Checks
11482,11482,ELPW,"Miscellaneous Electrical Machinery, Equipment & Supplies"
11483,11483,MSW,Construction - Special Trade Contractors
11484,11484,NOEMU,Blank Checks
11485,11485,RMSG,"Services-Computer Programming, Data Processing, Etc."
11486,11486,RMSGW,"Services-Computer Programming, Data Processing, Etc."
11487,11487,SEM.V,Services-Hospitals
11488,11488,SUNE,Construction - Special Trade Contractors
11489,11489,BRIA,Apparel & Other Finishd Prods of  Fabrics & Similar Matl
11490,11490,CGTL,Wholesale-Computers & Peripheral Equipment & Software
11491,11491,CHAR,Blank Checks
11492,11492,CHARR,Blank Checks
11493,11493,ENFY,Agricultural Chemicals
11494,11494,FACTU,"Aircraft Parts & Auxiliary Equipment, NEC"
11495,11495,GEAR,"Sporting & Athletic Goods, NEC"
11496,11496,GRO,Mining & Quarrying of  Nonmetallic Minerals (No Fuels)
11497,11497,LPBBW,Blank Checks
11498,11498,MBINL,State Commercial Banks
11499,11499,MTVA,Pharmaceutical Preparations
11500,11500,PONY,Services-Computer Integrated Systems Design
11501,11501,VENU,Services-Amusement & Recreation Services
11502,11502,WYHG,Sausages & Other Prepared Meat Products
11503,11503,LPBB,Blank Checks
11504,11504,RADX,Pharmaceutical Preparations
11505,11505,AHL$F,"Fire, Marine & Casualty Insurance"
11506,11506,BACQ,Services-Computer Integrated Systems Design
11507,11507,BACQR,Services-Computer Integrated Systems Design
11508,11508,CCIR,Blank Checks
11509,11509,CCIRW,Blank Checks
11510,11510,CRBD,Life Insurance
11511,11511,JUNS,PHARMACEUTICAL PREPARATIONS
11512,11512,LNKS,Electronic Components & Accessories
11513,11513,METCZ,Silver Ores
11514,11514,MSPRW,SERVICES-COMPUTER PROCESSING &amp; DATA PREPARATION
11515,11515,MSPRZ,SERVICES-COMPUTER PROCESSING &amp; DATA PREPARATION
11516,11516,NAMI,Services-Educational Services
11517,11517,OPP$C,Investment Offices / Funds
11518,11518,PCG$X,Asset-Backed Securities
11519,11519,RDAC,Blank Checks
11520,11520,SPHAU,Blank Checks
11521,11521,TAVIU,Blank Checks
11522,11522,TNMG,Services-Advertising
11523,11523,UOKA,Real Estate Agents & Managers (For Others)
11524,11524,ZSPC,Services-Prepackaged Software
11525,11525,JACS.U,Blank Checks
11526,11526,RDACR,Blank Checks
11527,11527,ALDF,Blank Checks
11528,11528,AMOD,Patent Owners & Lessors
11529,11529,AMODW,Patent Owners & Lessors
11530,11530,ATLN,Services-Help Supply Services
11531,11531,AVR,"Orthopedic, Prosthetic & Surgical Appliances & Supplies"
11532,11532,CNCK,Finance Services
11533,11533,CNCKW,Finance Services
11534,11534,DRDBU,Blank Checks
11535,11535,DYNX,Blank Checks
11536,11536,DYNXW,Blank Checks
11537,11537,LUCK,Services-Amusement & Recreation Services
11538,11538,MLACU,MOTOR VEHICLES &amp; PASSENGER CAR BODIES
11539,11539,NEHC,Crude Petroleum & Natural Gas
11540,11540,NEHCW,Crude Petroleum & Natural Gas
11541,11541,NTCL,Services-Prepackaged Software
11542,11542,PVLA,Pharmaceutical Preparations
11543,11543,TTAN,Services-Prepackaged Software
11544,11544,YHC,Beverages
11545,11545,ALDFW,Blank Checks
11546,11546,ANNA,Crude Petroleum & Natural Gas
11547,11547,ECCU,Services-Prepackaged Software
11548,11548,EXOD,FINANCE SERVICES
11549,11549,FACTW,"Aircraft Parts & Auxiliary Equipment, NEC"
11550,11550,FLDD,Finance Services
11551,11551,GAINI,Investment Offices / Funds
11552,11552,GITS,"Services-Computer Programming, Data Processing, Etc."
11553,11553,GSRT,Blank Checks
11554,11554,GSRTR,Blank Checks
11555,11555,JXG,Wholesale-Durable Goods
11556,11556,LSE,Oil & Gas Field Machinery & Equipment
11557,11557,NCEW,Arrangement of  Transportation of  Freight & Cargo
11558,11558,NPKI,Services-Miscellaneous Equipment Rental & Leasing
11559,11559,OACC,BLANK CHECKS
11560,11560,OACCW,Blank Checks
11561,11561,PDPA,Financial Services
11562,11562,PHLT,Services-Miscellaneous Business Services
11563,11563,RANGU,Blank Checks
11564,11564,TAVI,Blank Checks
11565,11565,TAVIR,Blank Checks
11566,11566,YAAS,Services-Prepackaged Software
11567,11567,YSXT,"Services-Automotive Repair, Services & Parking"
11568,11568,ZBAI,Services-Management Consulting Services
11569,11569,ANNAW,Crude Petroleum & Natural Gas
11570,11570,BEAG,Blank Checks
11571,11571,BEAGR,Blank Checks
11572,11572,HIT,"Insurance Agents, Brokers & Service"
11573,11573,NEUP,Pharmaceutical Preparations
11574,11574,NTWO,Blank Checks
11575,11575,NTWOW,Blank Checks
11576,11576,OUSTW,"General Industrial Machinery & Equipment, NEC"
11577,11577,OUSTZ,"General Industrial Machinery & Equipment, NEC"
11578,11578,PSIX,ENGINES &amp; TURBINES
11579,11579,TDACU,Blank Checks
11580,11580,AAMI,Investment Advice
11581,11581,ASPCR,Blank Checks
11582,11582,INLF,"General Industrial Machinery & Equipment, NEC"
11583,11583,IPM,"Services-Computer Programming, Data Processing, Etc."
11584,11584,JBTM,Special Industry Machinery (No Metalworking Machinery)
11585,11585,NHPAP,Real Estate Investment Trusts
11586,11586,NHPBP,Real Estate Investment Trusts
11587,11587,ONC,Pharmaceutical Preparations
11588,11588,ONEG,General Bldg Contractors - Residential Bldgs
11589,11589,PRSU,Services-Miscellaneous Amusement & Recreation
11590,11590,RAINW,Misc Industrial & Commercial Machinery & Equipment
11591,11591,STAI,Instruments For Meas & Testing of  Electricity & Elec Signals
11592,11592,WLAC,Blank Checks
11593,11593,WLACW,Blank Checks
11594,11594,CEPO,Blank Checks
11595,11595,MASK,Services-Computer Programming Services
11596,11596,MIMI,"Services-Business Services, NEC"
11597,11597,RNTX,Pharmaceutical Preparations
11598,11598,TBCH,"Communications Equipment, NEC"
11599,11599,ZYBT,Pharmaceutical Preparations
11600,11600,ANG$D,Life Insurance
11601,11601,BZAI,Semiconductors & Related Devices
11602,11602,BZAIW,Semiconductors & Related Devices
11603,11603,FGSN,Life Insurance
11604,11604,FLOC,Oil & Gas Field Machinery & Equipment
11605,11605,HKPD,"Wholesale-Drugs, Proprietaries & Druggists' Sundries"
11606,11606,HVIIU,Electric Services
11607,11607,JFR.V,Investment Offices / Funds
11608,11608,KBSX,"Sporting & Athletic Goods, NEC"
11609,11609,MTEST,Unknown
11610,11610,NOEMR,Blank Checks
11611,11611,NOEMW,Blank Checks
11612,11612,NYMTG,Real Estate Investment Trusts
11613,11613,PCLA,Electric Lighting & Wiring Equipment
11614,11614,PLMKU,Blank Checks
11615,11615,RANG,Blank Checks
11616,11616,SOJF,Electric Services
11617,11617,UFG,Wholesale-Petroleum & Petroleum Products (No Bulk Stations)
11618,11618,XYZ,Services-Prepackaged Software
11619,11619,DGNX,Services-Computer Processing & Data Preparation
11620,11620,DXST,Sanitary Services
11621,11621,MCTR,Services-Advertising Agencies
11622,11622,NOEM,Blank Checks
11623,11623,RIBBU,Blank Checks
11624,11624,TOPP,Trucking & Courier Services (No Air)
11625,11625,COLAU,Blank Checks
11626,11626,JFR.R,Investment Offices / Funds
11627,11627,RANGR,Blank Checks
11628,11628,SKBL,Construction - Special Trade Contractors
11629,11629,NRO.R,Retail-Eating  Places
11630,11630,AAPG,Pharmaceutical Preparations
11631,11631,ACCS,Services-Management Consulting Services
11632,11632,BLNE,Mortgage Bankers & Loan Correspondents
11633,11633,GMHS,Services-Computer Processing & Data Preparation
11634,11634,GNS.R,Services-Prepackaged Software
11635,11635,LAR,Metal Mining
11636,11636,SPHAR,Blank Checks
11637,11637,AEVAW,Motor Vehicle Parts & Accessories
11638,11638,DMAAU,Blank Checks
11639,11639,FMTO,Services-Prepackaged Software
11640,11640,SFD,Meat Packing Plants
11641,11641,SPHA,Blank Checks
11642,11642,FGMCU,SERVICES-PREPACKAGED SOFTWARE
11643,11643,MSIF,Financial Services
11644,11644,BBNX,Surgical & Medical Instruments & Apparatus
11645,11645,CSAI,"Services-Computer Programming, Data Processing, Etc."
11646,11646,JACS,Blank Checks
11647,11647,JACS.R,Blank Checks
11648,11648,RWTP,Real Estate Investment Trusts
11649,11649,SVCCU,Blank Checks
11650,11650,TWNP,Retail-Eating  Places
11651,11651,MAZE,"Biological Products, (No Diagnostic Substances)"
11652,11652,MTSR,Pharmaceutical Preparations
11653,11653,PLMK,Blank Checks
11654,11654,PLMKW,Blank Checks
11655,11655,XIFR,Electric Services
11656,11656,CJMB,"Services-Business Services, NEC"
11657,11657,DRDB,Blank Checks
11658,11658,DRDBW,Blank Checks
11659,11659,EFSI,STATE COMMERCIAL BANKS
11660,11660,EPWK,"Services-Business Services, NEC"
11661,11661,FBGL,General Bldg Contractors - Residential Bldgs
11662,11662,HCAI,Miscellaneous Manufacturing Industries
11663,11663,HSPT,Blank Checks
11664,11664,HSPTR,Blank Checks
11665,11665,HVII,Electric Services
11666,11666,HVIIR,Electric Services
11667,11667,KFIIU,Blank Checks
11668,11668,MLACR,Blank Checks
11669,11669,MRP,Real Estate
11670,11670,PLUT,"Security & Commodity Brokers, Dealers, Exchanges & Services"
11671,11671,SION,Pharmaceutical Preparations
11672,11672,STRK,Finance Services
11673,11673,TTAM,Mining & Quarrying of  Nonmetallic Minerals (No Fuels)
11674,11674,UMBFP,National Commercial Banks
11675,11675,AACBU,Blank Checks
11676,11676,AARD,Pharmaceutical Preparations
11677,11677,AGH,Services-Membership Sports & Recreation Clubs
11678,11678,ATIIU,Blank Checks
11679,11679,DVLT,"Services-Business Services, NEC"
11680,11680,EXOZ,"Biological Products, (No Diagnostic Substances)"
11681,11681,FGMCR,Blank Checks
11682,11682,GCL,Services-Prepackaged Software
11683,11683,GCLWW,Services-Prepackaged Software
11684,11684,KRMN,"Aircraft Parts & Auxiliary Equipment, NEC"
11685,11685,MAYAU,Blank Checks
11686,11686,NPB,State Commercial Banks
11687,11687,NXXT,Retail-Auto Dealers & Gasoline Stations
11688,11688,ODYS,Services-Computer Integrated Systems Design
11689,11689,PMTV,Real Estate Investment Trusts
11690,11690,SNDKV,Computer Storage Devices
11691,11691,TRTN$F,Opeators of  Nonresidential Buildings
11692,11692,WDCVV,Computer Storage Devices
11693,11693,XHLD,"Services-Business Services, NEC"
11694,11694,TDACW,Blank Checks
11695,11695,ASBP,Pharmaceutical Preparations
11696,11696,ASBPW,Pharmaceutical Preparations
11697,11697,CMPOV,Finance Services
11698,11698,CYCU,Services-Computer Programming Services
11699,11699,CYCUW,Services-Computer Programming Services
11700,11700,HMR,Deep Sea Foreign Transportation of  Freight
11701,11701,HTB,"Savings Institution, Federally Chartered"
11702,11702,NNNN,In Vitro & In Vivo Diagnostic Substances
11703,11703,OSRH,Surgical & Medical Instruments & Apparatus
11704,11704,OSRHW,Surgical & Medical Instruments & Apparatus
11705,11705,QVCGA,Retail-Catalog & Mail-Order Houses
11706,11706,QVCGB,Retail-Catalog & Mail-Order Houses
11707,11707,QVCGP,Retail-Catalog & Mail-Order Houses
11708,11708,RHLDV,Finance Services
11709,11709,SGI,Household Furniture
11710,11710,SNDK,Computer Storage Devices
11711,11711,TIC,"Services-Business Services, NEC"
11712,11712,WGRX,"Wholesale-Drugs, Proprietaries & Druggists' Sundries"
11713,11713,BMGL,Services-Offices & Clinics of  Doctors of  Medicine
11714,11714,CTEV,"Services-Business Services, NEC"
11715,11715,DMAA,Blank Checks
11716,11716,DMAAR,Blank Checks
11717,11717,FERAU,Blank Checks
11718,11718,FNGA,"Commercial Banks, NEC"
11719,11719,LOKVU,Retail-Miscellaneous Retail
11720,11720,LUD,Steel Pipe & Tubes
11721,11721,LZMH,Services-Computer Programming Services
11722,11722,NHICU,BLANK CHECKS
11723,11723,OXLCG,Unknown
11724,11724,RAC.U,Blank Checks
11725,11725,RHLD,Finance Services
11726,11726,STAK,Oil & Gas Field Machinery & Equipment
11727,11727,TE,Semiconductors & Related Devices
11728,11728,TE.W,Semiconductors & Related Devices
11729,11729,WETO,Local & Suburban Transit & Interurban Hwy Passenger Trans
11730,11730,PN,Wholesale-Computers & Peripheral Equipment & Software
11731,11731,ADVB,Services-Medical Laboratories
11732,11732,CAPS,Wholesale-Lumber & Other Construction Materials
11733,11733,ESEAV,Deep Sea Foreign Transportation of  Freight
11734,11734,FFAI,Motor Vehicles & Passenger Car Bodies
11735,11735,FFAIW,Motor Vehicles & Passenger Car Bodies
11736,11736,JFB,General Bldg Contractors - Nonresidential Bldgs
11737,11737,KMTS,Surgical & Medical Instruments & Apparatus
11738,11738,MAYA,Blank Checks
11739,11739,MAYAR,Blank Checks
11740,11740,MCRP,Motor Vehicle Parts & Accessories
11741,11741,RDGT,Retail-Drug Stores and Proprietary Stores
11742,11742,RIBB,Blank Checks
11743,11743,RIBBR,Blank Checks
11744,11744,SAGT,Services-Prepackaged Software
11745,11745,SNWV,SURGICAL &amp; MEDICAL INSTRUMENTS &amp; APPARATUS
11746,11746,TBH,Finance Services
11747,11747,XAGE,"Soap, Detergents, Cleang Preparations, Perfumes, Cosmetics"
11748,11748,XAGEW,"Soap, Detergents, Cleang Preparations, Perfumes, Cosmetics"
11749,11749,EHLDV,Deep Sea Foreign Transportation of  Freight
11750,11750,AIFER,Blank Checks
11751,11751,AIFEU,Blank Checks
11752,11752,HFRO$B,Real Estate Investment Trusts
11753,11753,KFII,Blank Checks
11754,11754,KFIIR,Blank Checks
11755,11755,KKR$D,Investment Advice
11756,11756,MWYN,"Wholesale-Groceries, General Line"
11757,11757,NWTG,"Sporting & Athletic Goods, NEC"
11758,11758,RPT$C,Real Estate Investment Trusts
11759,11759,USAR,Metal Mining
11760,11760,USARW,Metal Mining
11761,11761,AIFE,Blank Checks
11762,11762,AMZE,Retail-Catalog & Mail-Order Houses
11763,11763,BIYA,Services-Employment Agencies
11764,11764,BK$K,State Commercial Banks
11765,11765,COLA,Blank Checks
11766,11766,DGXX,Finance Services
11767,11767,EHLD,Deep Sea Foreign Transportation of  Freight
11768,11768,GSHRU,Blank Checks
11769,11769,KLRS,"Biological Products, (No Diagnostic Substances)"
11770,11770,NAGE,Medicinal Chemicals & Botanical Products
11771,11771,QSEAU,Blank Checks
11772,11772,RCT,"Retail-Retail Stores, NEC"
11773,11773,WHWK,Pharmaceutical Preparations
11774,11774,LGPS,Operative Builders
11775,11775,COLAR,Blank Checks
11776,11776,ALMU,Semiconductors & Related Devices
11777,11777,ANGIV,Services-Advertising
11778,11778,CRWV,Services-Prepackaged Software
11779,11779,EPSM,"Wholesale-Beer, Wine & Distilled Alcoholic Beverages"
11780,11780,JQC.V,Investment Offices / Funds
11781,11781,MCHPP,Semiconductors & Related Devices
11782,11782,NCT,Deep Sea Foreign Transportation of  Freight
11783,11783,NMAX,Television Broadcasting Stations
11784,11784,NTHI,Pharmaceutical Preparations
11785,11785,STRF,Finance Services
11786,11786,SVCC,Blank Checks
11787,11787,WFF,Miscellaneous Manufacturing Industries
11788,11788,ATII,Blank Checks
11789,11789,BLIV,Services-Computer Integrated Systems Design
11790,11790,ENGS,Electrical Work
11791,11791,LHSW,Services-Prepackaged Software
11792,11792,RFL.W,Pharmaceutical Preparations
11793,11793,SDHIU,Blank Checks
11794,11794,SMA,Real Estate Investment Trusts
11795,11795,SOUL.U,Blank Checks
11796,11796,SZZLU,BLANK CHECKS
11797,11797,TOPW,"Wholesale-Jewelry, Watches, Precious Stones & Metals"
11798,11798,UYSCU,Blank Checks
11799,11799,VSA,Services-Educational Services
11800,11800,WTF,"Security & Commodity Brokers, Dealers, Exchanges & Services"
11801,11801,WXM,Construction - Special Trade Contractors
11802,11802,ATIIW,Blank Checks
11803,11803,SVCCW,Blank Checks
11804,11804,AACB,Blank Checks
11805,11805,ATHR,Services-Prepackaged Software
11806,11806,BULL,FINANCE SERVICES
11807,11807,BULLW,"Security Brokers, Dealers & Flotation Companies"
11808,11808,BULLZ,"Security Brokers, Dealers & Flotation Companies"
11809,11809,CIIT,COMPUTER COMMUNICATIONS EQUIPMENT
11810,11810,CUPR,"Orthopedic, Prosthetic & Surgical Appliances & Supplies"
11811,11811,FATN,Services-Prepackaged Software
11812,11812,IOTR,"Communications Services, NEC"
11813,11813,KIDZ,Services-Educational Services
11814,11814,KIDZW,Services-Educational Services
11815,11815,RBNEV,Deep Sea Foreign Transportation of  Freight
11816,11816,RYET,Services-Prepackaged Software
11817,11817,SLSN,"Perfumes, Cosmetics & Other Toilet Preparations"
11818,11818,TACHU,Blank Checks
11819,11819,TOROV,Deep Sea Foreign Transportation of  Freight
11820,11820,FINS.V,Real Estate
11821,11821,DVS,Gold and Silver Ores
11822,11822,EDHL,Services-Advertising
11823,11823,GENVR,Services-Prepackaged Software
11824,11824,HXHX,Trucking & Courier Services (No Air)
11825,11825,NHICW,BLANK CHECKS
11826,11826,RAC,Blank Checks
11827,11827,RAC.W,Blank Checks
11828,11828,RBNE,Deep Sea Foreign Transportation of  Freight
11829,11829,TMDE,Wholesale-Petroleum & Petroleum Products (No Bulk Stations)
11830,11830,TVRD,Pharmaceutical Preparations
11831,11831,AACBR,Blank Checks
11832,11832,FINS.R,Real Estate
11833,11833,IGZ,Unknown
11834,11834,BCTXZ,Pharmaceutical Preparations
11835,11835,CHACU,Blank Checks
11836,11836,CIGL,"Services-Detective, Guard & Armored Car Services"
11837,11837,FERA,Blank Checks
11838,11838,INEO,Wholesale-Motor Vehicles & Motor Vehicle Parts & Supplies
11839,11839,IPCXU,Blank Checks
11840,11840,IVF,Surgical & Medical Instruments & Apparatus
11841,11841,LOKV,Retail-Miscellaneous Retail
11842,11842,LOKVW,Retail-Miscellaneous Retail
11843,11843,MBBC,"SAVINGS INSTITUTIONS, NOT FEDERALLY CHARTERED"
11844,11844,NPACU,Blank Checks
11845,11845,PFAI,Agricultural Services
11846,11846,PHOE,Construction - Special Trade Contractors
11847,11847,SPWRW,Construction - Special Trade Contractors
11848,11848,SSII,Surgical & Medical Instruments & Apparatus
11849,11849,TVACU,Blank Checks
11850,11850,VIVS,"Biological Products, (No Diagnostic Substances)"
11851,11851,FERAR,Blank Checks
11852,11852,ATEST,"Security & Commodity Brokers, Dealers, Exchanges & Services"
11853,11853,CBX,Unknown
11854,11854,CTEST,Bituminous Coal & Lignite Surface Mining
11855,11855,ZAZZT,"Security & Commodity Brokers, Dealers, Exchanges & Services"
11856,11856,CEPT,Blank Checks
11857,11857,CGCTU,"Miscellaneous Electrical Machinery, Equipment & Supplies"
11858,11858,CMDB.V,Water Transportation
11859,11859,CMRE.V,Deep Sea Foreign Transportation of  Freight
11860,11860,COPL.U,Blank Checks
11861,11861,DAAQU,Blank Checks
11862,11862,DFDV,Finance Services
11863,11863,FLYY,"Air Transportation, Scheduled"
11864,11864,GBFH,State Commercial Banks
11865,11865,GTENU,Blank Checks
11866,11866,ISOU,Miscellaneous Metal Ores
11867,11867,JBIO,Pharmaceutical Preparations
11868,11868,LCCCU,Blank Checks
11869,11869,LIMN,"Biological Products, (No Diagnostic Substances)"
11870,11870,LIMNW,"Biological Products, (No Diagnostic Substances)"
11871,11871,MAAS,Investment Advice
11872,11872,MPTI.W,"Electronic Components, NEC"
11873,11873,RAAQU,Blank Checks
11874,11874,RDAGU,Blank Checks
11875,11875,SDM,Services-Miscellaneous Business Services
11876,11876,SRXH,Beverages
11877,11877,TACOU,Blank Checks
11878,11878,WSBK,"Savings Institutions, Not Federally Chartered"
11879,11879,YB,"Insurance Agents, Brokers & Service"
11880,11880,AII,"Fire, Marine & Casualty Insurance"
11881,11881,APUS,Pharmaceutical Preparations
11882,11882,ASPSW,Services-Miscellaneous Business Services
11883,11883,ASPSZ,Services-Miscellaneous Business Services
11884,11884,CMDB,Water Transportation
11885,11885,EGHAU,Blank Checks
11886,11886,FOUR$A,"Services-Business Services, NEC"
11887,11887,GIBO,Services-Prepackaged Software
11888,11888,GIBOW,Services-Prepackaged Software
11889,11889,HTO,Water Supply
11890,11890,IPODU,Blank Checks
11891,11891,STRZ,RETAIL-EATING PLACES
11892,11892,ANTA,Commodity Contracts Brokers & Dealers
11893,11893,ARAI,Services-To Dwellings & Other Buildings
11894,11894,CCCMU,Blank Checks
11895,11895,CCCXU,Services-Computer Processing & Data Preparation
11896,11896,DEFT,FINANCE SERVICES
11897,11897,ETOR,"Security Brokers, Dealers & Flotation Companies"
11898,11898,GLXY,"SECURITY BROKERS, DEALERS &amp; FLOTATION COMPANIES"
11899,11899,GTM,Services-Prepackaged Software
11900,11900,IQST,TELEPHONE COMMUNICATIONS (NO RADIO TELEPHONE)
11901,11901,ISBA,STATE COMMERCIAL BANKS
11902,11902,KWM,Services-Allied To Motion Picture Production
11903,11903,KWMWW,Services-Allied To Motion Picture Production
11904,11904,OMSE,Oil & Gas Field Machinery & Equipment
11905,11905,PMTRU,Blank Checks
11906,11906,QSEA,Blank Checks
11907,11907,QSEAR,Blank Checks
11908,11908,RTACU,Blank Checks
11909,11909,TVA,Blank Checks
11910,11910,TVACW,Blank Checks
11911,11911,TVAIU,Blank Checks
11912,11912,TWOD,Real Estate Investment Trusts
11913,11913,WENNU,Blank Checks
11914,11914,ZDAI,General Bldg Contractors - Nonresidential Bldgs
11915,11915,GSHR,Blank Checks
11916,11916,GSHRW,Blank Checks
11917,11917,BHK.V,Investment Offices / Funds
11918,11918,FTRK,Services-Amusement & Recreation Services
11919,11919,HNGE,Services-Computer Processing & Data Preparation
11920,11920,MBNKO,Finance Services
11921,11921,NAKA,Finance Services
11922,11922,NAKAW,Finance Services
11923,11923,NEE$U,Electric Services
11924,11924,OFAL,Services-Engineering Services
11925,11925,OYSEU,Blank Checks
11926,11926,PCAPU,Blank Checks
11927,11927,PELIU,Blank Checks
11928,11928,SOUL,Blank Checks
11929,11929,SZZLR,Blank Checks
11930,11930,WTFCN,State Commercial Banks
11931,11931,SOUL.R,Blank Checks
11932,11932,CHACR,Blank Checks
11933,11933,AOMD,Real Estate
11934,11934,BHK.R,Investment Offices / Funds
11935,11935,CHPGU,Blank Checks
11936,11936,CRAQU,Blank Checks
11937,11937,EMA,Electric Services
11938,11938,JENA.U,Blank Checks
11939,11939,KCHVU,Blank Checks
11940,11940,KG,"Fire, Marine & Casualty Insurance"
11941,11941,KKRT,Investment Advice
11942,11942,PTNM,"Perfumes, Cosmetics & Other Toilet Preparations"
11943,11943,QXO$B,Wholesale-Lumber & Other Construction Materials
11944,11944,RSF.V,Investment Advice
11945,11945,SORA,"Wholesale-Jewelry, Watches, Precious Stones & Metals"
11946,11946,UYSC,Blank Checks
11947,11947,UYSCR,Blank Checks
11948,11948,WTGUU,"Services-Computer Programming, Data Processing, Etc."
11949,11949,BMNR,FINANCE SERVICES
11950,11950,BUSEP,State Commercial Banks
11951,11951,COPL,Blank Checks
11952,11952,COPL.W,Blank Checks
11953,11953,CRCL,FINANCE SERVICES
11954,11954,DAAQ,Blank Checks
11955,11955,DAAQW,Blank Checks
11956,11956,JEM,Retail-Apparel & Accessory Stores
11957,11957,NAMMW,Gold and Silver Ores
11958,11958,OMDA,Services-Health Services
11959,11959,RAAQ,Blank Checks
11960,11960,RAAQW,Blank Checks
11961,11961,RSF.R,Investment Advice
11962,11962,SDHI,Blank Checks
11963,11963,SUPX,Services-Management Consulting Services
11964,11964,TACH,Blank Checks
11965,11965,TACHW,Blank Checks
11966,11966,TACOW,Blank Checks
11967,11967,TGE.W,Periodicals: Publishing or  Publishing & Printing
11968,11968,VBIX,SERVICES-PREPACKAGED SOFTWARE
11969,11969,SDHIR,Blank Checks
11970,11970,AAUC,Metal Mining
11971,11971,AIRO,Aircraft
11972,11972,ASIC,"Fire, Marine & Casualty Insurance"
11973,11973,BACCU,Blank Checks
11974,11974,BLUWU,Blank Checks
11975,11975,BSAAU,Services-Educational Services
11976,11976,CCCM,Blank Checks
11977,11977,CCCMW,Blank Checks
11978,11978,CHYM,Finance Services
11979,11979,CSW,Adhesives & Sealants
11980,11980,IPODW,Blank Checks
11981,11981,JBS,Meat Packing Plants
11982,11982,NAMM,Gold and Silver Ores
11983,11983,OTF,Investment Advice
11984,11984,PELI,Blank Checks
11985,11985,PELIR,Blank Checks
11986,11986,PMTW,Real Estate Investment Trusts
11987,11987,RTAC,Blank Checks
11988,11988,RTACW,Blank Checks
11989,11989,SAFX,Industrial Organic Chemicals
11990,11990,SCD.V,Basic Materials
11991,11991,STRD,Finance Services
11992,11992,TEAD,"Services-Computer Programming, Data Processing, Etc."
11993,11993,UMBFO,National Commercial Banks
11994,11994,VAPE,Agricultural Services
11995,11995,VAPEW,Agricultural Services
11996,11996,VNTG,Arrangement of  Transportation of  Freight & Cargo
11997,11997,VOYG,Guided Missiles & Space Vehicles & Parts
11998,11998,AXINU,Blank Checks
11999,11999,CHPGR,Blank Checks
12000,12000,DAIC,Services-Computer Integrated Systems Design
12001,12001,DAICW,Services-Computer Integrated Systems Design
12002,12002,EGG,Services-Management Consulting Services
12003,12003,IMDX,In Vitro & In Vivo Diagnostic Substances
12004,12004,IPCX,Blank Checks
12005,12005,IPCXR,Blank Checks
12006,12006,MENS,Pharmaceutical Preparations
12007,12007,NPAC,BLANK CHECKS
12008,12008,NPACW,Blank Checks
12009,12009,PACHU,Blank Checks
12010,12010,PMTRW,Blank Checks
12011,12011,SCD.R,Investment Offices / Funds
12012,12012,SLDE,"Fire, Marine & Casualty Insurance"
12013,12013,FTV.V,"Industrial Instruments For Measurement, Display, and Control"
12014,12014,PMTR,Blank Checks
12015,12015,CHPG,Blank Checks
12016,12016,AMRZ,"Cement, Hydraulic"
12017,12017,BGL,Metal Mining
12018,12018,BGLWW,Metal Mining
12019,12019,CAEP,Blank Checks
12020,12020,CGCT,"Miscellaneous Electrical Machinery, Equipment & Supplies"
12021,12021,CGCTW,"Miscellaneous Electrical Machinery, Equipment & Supplies"
12022,12022,CRAQ,Blank Checks
12023,12023,CRAQR,Blank Checks
12024,12024,FIGXU,Blank Checks
12025,12025,FMFC,Leather & Leather Products
12026,12026,GTEN,BLANK CHECKS
12027,12027,GTENW,Blank Checks
12028,12028,HCHL,Retail-Eating  Places
12029,12029,JLHL,Services-Engineering Services
12030,12030,LCCC,Blank Checks
12031,12031,LWACU,Blank Checks
12032,12032,OBAWU,Blank Checks
12033,12033,RDAG,Blank Checks
12034,12034,YORKU,Finance Services
12035,12035,LCCCR,Blank Checks
12036,12036,RDAGW,Blank Checks
12037,12037,AEBI,Construction Machinery & Equip
12038,12038,BRSL,Services-Miscellaneous Amusement & Recreation
12039,12039,CCIIU,Blank Checks
12040,12040,COSO,State Commercial Banks
12041,12041,CV,Electromedical & Electrotherapeutic Apparatus
12042,12042,DFSC,Services-Prepackaged Software
12043,12043,DFSCW,Services-Prepackaged Software
12044,12044,EGHA,Blank Checks
12045,12045,EGHAR,Blank Checks
12046,12046,EMPG,"Perfumes, Cosmetics & Other Toilet Preparations"
12047,12047,EVAC.U,Blank Checks
12048,12048,GRAN,Finance Services
12049,12049,HBNB,Hotels & Motels
12050,12050,HYPD,Pharmaceutical Preparations
12051,12051,INACU,Blank Checks
12052,12052,MZTI,"Canned, Frozen & Preservd Fruit, Veg & Food Specialties"
12053,12053,NMPAU,Blank Checks
12054,12054,ONCHU,Blank Checks
12055,12055,ORIQU,Blank Checks
12056,12056,PTHS,"Biological Products, (No Diagnostic Substances)"
12057,12057,RAL,"Industrial Instruments For Measurement, Display, and Control"
12058,12058,SCAG,Truck & Bus Bodies
12059,12059,SCAGW,Truck & Bus Bodies
12060,12060,TAOX,Finance Services
12061,12061,TVAI,Blank Checks
12062,12062,TVAIR,Blank Checks
12063,12063,VNMEU,Blank Checks
12064,12064,ANPA,Services-Miscellaneous Business Services
12065,12065,BMHL,Finance Services
12066,12066,CCCX,Services-Computer Processing & Data Preparation
12067,12067,DLXY,Wholesale-Petroleum & Petroleum Products (No Bulk Stations)
12068,12068,GLBAV,Telephone Communications (No Radiotelephone)
12069,12069,GLBKV,Telephone Communications (No Radiotelephone)
12070,12070,GTERU,Blank Checks
12071,12071,HERZ,Financial Services
12072,12072,LBDAV,Cable & Other Pay Television Services
12073,12073,LBDKV,Cable & Other Pay Television Services
12074,12074,MAMK,Miscellaneous Fabricated Textile Products
12075,12075,MSGY,Construction - Special Trade Contractors
12076,12076,NYMTH,Real Estate Investment Trusts
12077,12077,OYSE,Blank Checks
12078,12078,OYSER,Blank Checks
12079,12079,PCAP,Blank Checks
12080,12080,PCAPW,Blank Checks
12081,12081,SEGG,Services-Prepackaged Software
12082,12082,TLIH,"Wholesale-Machinery, Equipment & Supplies"
12083,12083,WENN,Blank Checks
12084,12084,WENNW,Blank Checks
12085,12085,YOUL,Services-Educational Services
12086,12086,CCCXW,Services-Computer Processing & Data Preparation
12087,12087,ALM,Metal Mining
12088,12088,AUGO,Metal Mining
12089,12089,GLIBK,Cable & Other Pay Television Services
12090,12090,KMRK,"Games, Toys & Children's Vehicles (No Dolls & Bicycles)"
12091,12091,LAWR,"Services-Computer Programming, Data Processing, Etc."
12092,12092,MGRT,Services-Computer Programming Services
12093,12093,MJID,Apparel & Other Finishd Prods of  Fabrics & Similar Matl
12094,12094,NEXM,Metal Mining
12095,12095,NXG.V,Healthcare
12096,12096,PAII.U,Blank Checks
12097,12097,PEW,Retail-Miscellaneous Shopping Goods Stores
12098,12098,PEW.W,Retail-Miscellaneous Shopping Goods Stores
12099,12099,PFSA,Surgical & Medical Instruments & Apparatus
12100,12100,SOCAU,Blank Checks
12101,12101,SPEGU,Blank Checks
12102,12102,SPME,Blank Checks
12103,12103,VWAV,Services-Prepackaged Software
12104,12104,VWAVW,Services-Prepackaged Software
12105,12105,ACFN,SERVICES-ENGINEERING SERVICES
12106,12106,ARX,"Insurance Agents, Brokers & Service"
12107,12107,CARL,Surgical & Medical Instruments & Apparatus
12108,12108,CRE,Commercial Printing
12109,12109,ENVXW,"Miscellaneous Electrical Machinery, Equipment & Supplies"
12110,12110,GTERA,Blank Checks
12111,12111,GTERR,Blank Checks
12112,12112,GTERW,Blank Checks
12113,12113,KCHVR,Blank Checks
12114,12114,LHAI,Real Estate Agents & Managers (For Others)
12115,12115,MH,Miscellaneous Publishing
12116,12116,NXDR,"Services-Computer Programming, Data Processing, Etc."
12117,12117,OFSSO,Unknown
12118,12118,SBDS,"Sporting & Athletic Goods, NEC"
12119,12119,TDIC,Services-Management Services
12120,12120,WTGUR,"Services-Computer Programming, Data Processing, Etc."
12121,12121,YORK,Finance Services
12122,12122,YORKW,Finance Services
12123,12123,JENA,Blank Checks
12124,12124,KCHV,Blank Checks
12125,12125,WTG,"Services-Computer Programming, Data Processing, Etc."
12126,12126,JENA.R,Blank Checks
12127,12127,AMBQ,Semiconductors & Related Devices
12128,12128,APADU,Services-Miscellaneous Amusement & Recreation
12129,12129,AVBC,"Savings Institutions, Not Federally Chartered"
12130,12130,AXIN,RETAIL-DRUG STORES AND PROPRIETARY STORES
12131,12131,AXINR,Blank Checks
12132,12132,BCARU,Services-Prepackaged Software
12133,12133,BINI,Motor Vehicles & Passenger Car Bodies
12134,12134,BLUWW,Blank Checks
12135,12135,BRR,Finance Services
12136,12136,BRRWU,Blank Checks
12137,12137,BRRWW,Finance Services
12138,12138,CFG$I,State Commercial Banks
12139,12139,CMRC,Services-Prepackaged Software
12140,12140,EMPD,Motor Vehicles & Passenger Car Bodies
12141,12141,HCMAU,BLANK CHECKS
12142,12142,IAUX.W,Gold and Silver Ores
12143,12143,IMA,"Biological Products, (No Diagnostic Substances)"
12144,12144,INAC,Blank Checks
12145,12145,INACR,Blank Checks
12146,12146,METCI,Silver Ores
12147,12147,TBHC,"Retail-Retail Stores, NEC"
12148,12148,YMAT,"Sporting & Athletic Goods, NEC"
12149,12149,AVBH,STATE COMMERCIAL BANKS
12150,12150,BACC,Blank Checks
12151,12151,BACCR,Blank Checks
12152,12152,BIVIW,Pharmaceutical Preparations
12153,12153,BNC,Agricultural Services
12154,12154,BNCWW,Agricultural Services
12155,12155,BSAA,Services-Educational Services
12156,12156,BSAAR,Services-Educational Services
12157,12157,CFND,National Commercial Banks
12158,12158,CTW,Services-Computer Processing & Data Preparation
12159,12159,DKI,Services-Prepackaged Software
12160,12160,EFTY,Services-Management Consulting Services
12161,12161,HTFL,Surgical & Medical Instruments & Apparatus
12162,12162,LOB$A,State Commercial Banks
12163,12163,PLBL,"Wholesale-Electrical Appliances, Tv & Radio Sets"
12164,12164,PSKY,Television Broadcasting Stations
12165,12165,QUMSU,Blank Checks
12166,12166,SSEAU,Blank Checks
12167,12167,TMUSI,Radiotelephone Communications
12168,12168,TMUSL,Radiotelephone Communications
12169,12169,TMUSZ,Radiotelephone Communications
12170,12170,WYFI,Finance Services
12171,12171,PGACR,Blank Checks
12172,12172,PGAC,Blank Checks
12173,12173,AD,Radiotelephone Communications
12174,12174,BBOT,Pharmaceutical Preparations
12175,12175,BLSH,Finance Services
12176,12176,BUUU,Services-Amusement & Recreation Services
12177,12177,CMA$B,National Commercial Banks
12178,12178,FGNX,Finance Services
12179,12179,FGNXP,Finance Services
12180,12180,HIND,Pharmaceutical Preparations
12181,12181,HVMCU,Blank Checks
12182,12182,KYIV,Radiotelephone Communications
12183,12183,KYIVW,Radiotelephone Communications
12184,12184,LWACW,Blank Checks
12185,12185,MAGH,Electrical Work
12186,12186,MIAX,"Security Brokers, Dealers & Flotation Companies"
12187,12187,MKLYU,Blank Checks
12188,12188,MYSE,Telegraph & Other Message Communications
12189,12189,NLY$J,Real Estate Investment Trusts
12190,12190,NSRX,Pharmaceutical Preparations
12191,12191,NUAI,Crude Petroleum & Natural Gas
12192,12192,NUTR,Transportation Services
12193,12193,OBA,Blank Checks
12194,12194,OBAWW,Blank Checks
12195,12195,OXSQH,Real Estate Investment Trusts
12196,12196,PACH,Blank Checks
12197,12197,PACHW,Blank Checks
12198,12198,PPCB,PHARMACEUTICAL PREPARATIONS
12199,12199,RDNW,Services-Computer Programming Services
12200,12200,RYOJ,Services-Management Consulting Services
12201,12201,USBC,Finance Services
12202,12202,MYSEW,Telegraph & Other Message Communications
12203,12203,NUAIW,Crude Petroleum & Natural Gas
12204,12204,BCAR,Services-Prepackaged Software
12205,12205,BCARW,Services-Prepackaged Software
12206,12206,CCII,Blank Checks
12207,12207,CCIIW,Blank Checks
12208,12208,CEPF,Blank Checks
12209,12209,ETHZ,Finance Services
12210,12210,ETHZW,Finance Services
12211,12211,ETS,Trucking & Courier Services (No Air)
12212,12212,EVAC,Blank Checks
12213,12213,EVAC.W,Blank Checks
12214,12214,FIGX,Blank Checks
12215,12215,FIGXW,Blank Checks
12216,12216,HSONP,Services-Help Supply Services
12217,12217,TFIN$,State Commercial Banks
12218,12218,VNME,Blank Checks
12219,12219,VNMEW,Blank Checks
12220,12220,YMT,Services-Computer Processing & Data Preparation
12221,12221,ZNB,Services-Educational Services
12222,12222,AGM$H,Federal & Federally-Sponsored Credit Agencies
12223,12223,AIIO,Motor Vehicles & Passenger Car Bodies
12224,12224,AIIOW,Motor Vehicles & Passenger Car Bodies
12225,12225,APAD,Services-Miscellaneous Amusement & Recreation
12226,12226,APADR,Services-Miscellaneous Amusement & Recreation
12227,12227,BCIC,Services-Telephone Interconnect Systems
12228,12228,BIT.R,Investment Offices / Funds
12229,12229,CURX,Pharmaceutical Preparations
12230,12230,ELOG,Arrangement of  Transportation of  Freight & Cargo
12231,12231,ETHM,Blank Checks
12232,12232,ETHMU,Blank Checks
12233,12233,ETHMW,Blank Checks
12234,12234,KOYNU,Blank Checks
12235,12235,MBVIU,Blank Checks
12236,12236,NEWTP,National Commercial Banks
12237,12237,PMI,Surgical & Medical Instruments & Apparatus
12238,12238,SBLX,"Communications Services, NEC"
12239,12239,SRTA,Services-Health Services
12240,12240,SRTAW,Services-Health Services
12241,12241,SUIG,Finance Services
12242,12242,TGHL,Services-Computer Processing & Data Preparation
12243,12243,THH,Services-Miscellaneous Amusement & Recreation
12244,12244,YDES,Services-Medical Laboratories
12245,12245,YDESW,Services-Medical Laboratories
12246,12246,ABTC,Finance Services
12247,12247,ADAM,Real Estate Investment Trusts
12248,12248,ADAMG,Real Estate Investment Trusts
12249,12249,ADAMH,Real Estate Investment Trusts
12250,12250,ADAMI,Real Estate Investment Trusts
12251,12251,ADAML,Real Estate Investment Trusts
12252,12252,ADAMM,Real Estate Investment Trusts
12253,12253,ADAMN,Real Estate Investment Trusts
12254,12254,ADAMZ,Real Estate Investment Trusts
12255,12255,ATON,Finance Services
12256,12256,ELVR,Mining & Quarrying of  Nonmetallic Minerals (No Fuels)
12257,12257,FCHL,Services-Miscellaneous Amusement & Recreation
12258,12258,GSRFU,Blank Checks
12259,12259,HYFT,Pharmaceutical Preparations
12260,12260,MCHB,State Commercial Banks
12261,12261,NMP,Blank Checks
12262,12262,NMPAR,Blank Checks
12263,12263,PGACU,Blank Checks
12264,12264,RYM,Agricultural Services
12265,12265,SOCA,Blank Checks
12266,12266,SSM,Semiconductors & Related Devices
12267,12267,SVACU,Electric Services
12268,12268,TONX,Services-Personal Services
12269,12269,VSTD,Retail-Eating  Places
12270,12270,SOCAW,Blank Checks
12271,12271,RIV.V,Investment Offices / Funds
12272,12272,AGNCZ,Real Estate Investment Trusts
12273,12273,ANGX,Services-Motion Picture & Video Tape Production
12274,12274,BGMS,Pharmaceutical Preparations
12275,12275,BGMSP,Pharmaceutical Preparations
12276,12276,BLZRU,Blank Checks
12277,12277,BRCB,Retail-Eating & Drinking Places
12278,12278,EMO.V,Basic Materials
12279,12279,FIGR,Loan Brokers
12280,12280,FOFO,Services-Management Consulting Services
12281,12281,GECCG,Services-Prepackaged Software
12282,12282,GEMI,Finance Services
12283,12283,KLAR,Finance Services
12284,12284,LBRX,Pharmaceutical Preparations
12285,12285,LGN,Construction - Special Trade Contractors
12286,12286,LITS,Pharmaceutical Preparations
12287,12287,MCGA,Finance Services
12288,12288,MCGAU,Finance Services
12289,12289,MCGAW,Finance Services
12290,12290,ONCH,Blank Checks
12291,12291,ONCHW,Blank Checks
12292,12292,ORBS,Short-Term Business Credit Institutions
12293,12293,ORIQ,Blank Checks
12294,12294,ORIQW,Blank Checks
12295,12295,OTGAU,Blank Checks
12296,12296,PAII,Blank Checks
12297,12297,PAII.W,Blank Checks
12298,12298,SPEG,Blank Checks
12299,12299,SPEGR,Blank Checks
12300,12300,STEX,Electromedical & Electrotherapeutic Apparatus
12301,12301,STKE,Finance Services
12302,12302,TLNCU,Blank Checks
12303,12303,ZGM,Services-Management Consulting Services
12304,12304,BRKRP,Laboratory Analytical Instruments
12305,12305,RIV.R,Investment Offices / Funds
12306,12306,AEC,Metal Mining
12307,12307,CHECU,Blank Checks
12308,12308,CHOW,Services-Prepackaged Software
12309,12309,CIMP,Real Estate Investment Trusts
12310,12310,EMO.R,Investment Offices / Funds
12311,12311,KOYN,Blank Checks
12312,12312,KOYNW,Blank Checks
12313,12313,LATAU,Blank Checks
12314,12314,MLCI,Investment Advice
12315,12315,NTSK,Services-Prepackaged Software
12316,12316,PLTS,Services-Prepackaged Software
12317,12317,PTRN,Retail-Catalog & Mail-Order Houses
12318,12318,STUB,Services-Miscellaneous Amusement & Recreation
12319,12319,UTF.V,Services-Computer Processing & Data Preparation
12320,12320,WBI,"Oil & Gas Field Services, NEC"
12321,12321,YDKG,Services-Advertising Agencies
12322,12322,BRBI,Finance Services
12323,12323,AEXA,Blank Checks
12324,12324,BTQ,"Services-Computer Programming, Data Processing, Etc."
12325,12325,DMIIU,Blank Checks
12326,12326,DTK,Electric Services
12327,12327,EMISU,Blank Checks
12328,12328,FCRS.U,Blank Checks
12329,12329,HCMAW,BLANK CHECKS
12330,12330,IPST,Beverages
12331,12331,KDK,Services-Computer Integrated Systems Design
12332,12332,KDKRW,Services-Computer Integrated Systems Design
12333,12333,MGN,Agricultural Prod-Livestock & Animal Specialties
12334,12334,QCLS,In Vitro & In Vivo Diagnostic Substances
12335,12335,UTF.R,Services-Computer Processing & Data Preparation
12336,12336,BKT.V,Investment Offices / Funds
12337,12337,AGRZ,Agricultural Production-Crops
12338,12338,AIIA.U,Blank Checks
12339,12339,BCSS.U,Blank Checks
12340,12340,BDCIU,Blank Checks
12341,12341,BKT.R,Investment Offices / Funds
12342,12342,BTTC,ELECTRIC SERVICES
12343,12343,CCHH,Retail-Eating  Places
12344,12344,FRMI,Real Estate Investment Trusts
12345,12345,HVMC,Blank Checks
12346,12346,HVMCW,Blank Checks
12347,12347,KNRX,Services-Computer Integrated Systems Design
12348,12348,KRSP.U,Blank Checks
12349,12349,LNAI,Pharmaceutical Preparations
12350,12350,MKLY,Blank Checks
12351,12351,MKLYR,Blank Checks
12352,12352,PASW,Apparel & Other Finishd Prods of  Fabrics & Similar Matl
12353,12353,PHXE$,Crude Petroleum & Natural Gas
12354,12354,PRHI,"Fire, Marine & Casualty Insurance"
12355,12355,PRHIZ,"Fire, Marine & Casualty Insurance"
12356,12356,QUMS,Blank Checks
12357,12357,QUMSR,Blank Checks
12358,12358,RITM$E,Real Estate Investment Trusts
12359,12359,RNGTU,Blank Checks
12360,12360,SLMT,Services-Amusement & Recreation Services
12361,12361,SSEA,Blank Checks
12362,12362,SSEAR,Blank Checks
12363,12363,SVACW,Electric Services
12364,12364,YCY.U,Blank Checks
12365,12365,BRW.V,Newspapers: Publishing or  Publishing & Printing
12366,12366,BNBX,Services-Testing Laboratories
12367,12367,BRW.R,Newspapers: Publishing or  Publishing & Printing
12368,12368,GIWWU,Blank Checks
12369,12369,GME.W,"Commercial Banks, NEC"
12370,12370,LKSPU,Blank Checks
12371,12371,POM,Retail-Miscellaneous Retail
12372,12372,TLNC,Blank Checks
12373,12373,TLNCW,Blank Checks
12374,12374,TTRX,Pharmaceutical Preparations
12375,12375,WSBCO,National Commercial Banks
12376,12376,XELLL,Electric & Other Services Combined
12377,12377,ALH,Refrigeration & Service Industry Machinery
12378,12378,LFS,Services-Educational Services
12379,12379,PXED,Services-Educational Services
12380,12380,YDDL,Wholesale-Misc Durable Goods
12381,12381,AXG,"Security Brokers, Dealers & Flotation Companies"
12382,12382,BNKK,"Perfumes, Cosmetics & Other Toilet Preparations"
12383,12383,BNKKW,"Perfumes, Cosmetics & Other Toilet Preparations"
12384,12384,NKLR,Fabricated Plate Work (Boiler Shops)
12385,12385,AURE,Finance Services
12386,12386,BBBY.W,"Security Brokers, Dealers & Flotation Companies"
12387,12387,RPGL,SERVICES-PREPACKAGED SOFTWARE
12388,12388,ACCL,Services-Management Consulting Services
12389,12389,BDCI,Blank Checks
12390,12390,BDCIW,Blank Checks
12391,12391,MBVI,Blank Checks
12392,12392,MBVIW,Blank Checks
12393,12393,OWLS,Services-Prepackaged Software
12394,12394,SLGB,Arrangement of  Transportation of  Freight & Cargo
12395,12395,TCGL,Services-Computer Processing & Data Preparation
12396,12396,TCPA,Natural Gas Transmission
12397,12397,OPP.V,Investment Offices / Funds
12398,12398,AGCC,"Wholesale-Beer, Wine & Distilled Alcoholic Beverages"
12399,12399,AHMA,Services-Amusement & Recreation Services
12400,12400,ALISU,Blank Checks
12401,12401,BGIN,Finance Services
12402,12402,DD.V,"Plastic Materials, Synth Resins & Nonvulcan Elastomers"
12403,12403,EMIS,Blank Checks
12404,12404,EMISR,Blank Checks
12405,12405,FUSEW,Services-Computer Integrated Systems Design
12406,12406,GSRF,Blank Checks
12407,12407,GSRFR,Blank Checks
12408,12408,HAVAU,Blank Checks
12409,12409,JGH.R,Real Estate Investment Trusts
12410,12410,LAFAU,Blank Checks
12411,12411,MCTA,"Services-Misc Health & Allied Services, NEC"
12412,12412,MMTXU,Blank Checks
12413,12413,NPT,Wholesale-Chemicals & Allied Products
12414,12414,SLAI,Finance Services
12415,12415,SOLSV,Chemicals & Allied Products
12416,12416,HONIV,Aircraft Engines & Engine Parts
12417,12417,OPP.R,Investment Offices / Funds
12418,12418,APXTU,Blank Checks
12419,12419,BGSI,"Services-Automotive Repair, Services & Parking"
12420,12420,BLZR,Blank Checks
12421,12421,BLZRW,Blank Checks
12422,12422,BYAH,"Soap, Detergents, Cleang Preparations, Perfumes, Cosmetics"
12423,12423,DNMXU,Blank Checks
12424,12424,DYORU,Blank Checks
12425,12425,GIWWR,Blank Checks
12426,12426,IMSR,Fabricated Plate Work (Boiler Shops)
12427,12427,IMSRW,Fabricated Plate Work (Boiler Shops)
12428,12428,MPLT,Pharmaceutical Preparations
12429,12429,NAVN,Services-Prepackaged Software
12430,12430,NBP,Pharmaceutical Preparations
12431,12431,NCEL,Pharmaceutical Preparations
12432,12432,NOMA,Services-Amusement & Recreation Services
12433,12433,Q,Semiconductors & Related Devices
12434,12434,SOLS,SERVICES-COMPUTER PROCESSING &amp; DATA PREPARATION
12435,12435,VACI.U,Blank Checks
12436,12436,XRPN,Blank Checks
12437,12437,XRPNU,Blank Checks
12438,12438,XRPNW,Blank Checks
12439,12439,YCY,Blank Checks
12440,12440,YCY.W,Blank Checks
12441,12441,AERO,"Air Transportation, Scheduled"
12442,12442,BETA,Aircraft
12443,12443,BLLN,Services-Medical Laboratories
12444,12444,CCID,Real Estate Investment Trusts
12445,12445,CEPV,Blank Checks
12446,12446,CRACU,Blank Checks
12447,12447,DFDVW,Finance Services
12448,12448,ELWT,"Communications Services, NEC"
12449,12449,EMBJ,Aircraft
12450,12450,EVMN,Pharmaceutical Preparations
12451,12451,FTW,Crude Petroleum & Natural Gas
12452,12452,FTW.U,Blank Checks
12453,12453,LKSP,Blank Checks
12454,12454,LKSPR,Blank Checks
12455,12455,MEHA,Medicinal Chemicals & Botanical Products
12456,12456,MTB$K,State Commercial Banks
12457,12457,OTGA,Blank Checks
12458,12458,OTGAW,Blank Checks
12459,12459,SUNC,Petroleum Refining
12460,12460,TDWDU,Blank Checks
12461,12461,WSTNU,Blank Checks
12462,12462,XZO,Services-Prepackaged Software
12463,12463,FTW.W,Blank Checks
12464,12464,POAS,"Industrial Instruments For Measurement, Display, and Control"
12465,12465,ALUB.U,Blank Checks
12466,12466,AXIA,Electric Services
12467,12467,AXIA$,Electric Services
12468,12468,BPACU,Blank Checks
12469,12469,CABR,"Perfumes, Cosmetics & Other Toilet Preparations"
12470,12470,CHEC,Blank Checks
12471,12471,CHECW,Blank Checks
12472,12472,CYPH,Pharmaceutical Preparations
12473,12473,EVOXU,Blank Checks
12474,12474,FSSL,Crude Petroleum & Natural Gas
12475,12475,GFR.V,Crude Petroleum & Natural Gas
12476,12476,HERE,"Retail-Hobby, Toy & Game Shops"
12477,12477,LATAW,Blank Checks
12478,12478,NOVTU,"Miscellaneous Electrical Machinery, Equipment & Supplies"
12479,12479,OTH,Ship & Boat Building & Repairing
12480,12480,SATA,Finance Services
12481,12481,SEVNR,Real Estate Investment Trusts
12482,12482,SOMN,Electric Services
12483,12483,WSHP,Retail-Miscellaneous Retail
12484,12484,XWIN,Household Furniture
12485,12485,LATA,Blank Checks
12486,12486,AIXC,Finance Services
12487,12487,ALIS,Blank Checks
12488,12488,ALISR,Blank Checks
12489,12489,APACR,Blank Checks
12490,12490,BCSS,Blank Checks
12491,12491,BCSS.W,Blank Checks
12492,12492,CBC,State Commercial Banks
12493,12493,DNMX,Blank Checks
12494,12494,DNMXW,Blank Checks
12495,12495,DYOR,Blank Checks
12496,12496,DYORW,Blank Checks
12497,12497,FCRS,Blank Checks
12498,12498,FCRS.W,Blank Checks
12499,12499,GLOO,Services-Computer Processing & Data Preparation
12500,12500,HCACU,Blank Checks
12501,12501,KRSP,Blank Checks
12502,12502,KRSP.W,Blank Checks
12503,12503,OPTU,Cable & Other Pay Television Services
12504,12504,PINE$A,Real Estate Investment Trusts
12505,12505,SVRN,Deep Sea Foreign Transportation of  Freight
12506,12506,TDAY,Newspapers: Publishing or  Publishing & Printing
12507,12507,TII,Gold and Silver Ores
12508,12508,VACI,Blank Checks
12509,12509,VACI.W,Blank Checks
12510,12510,APXTW,Blank Checks
12511,12511,AIIA,Blank Checks
12512,12512,AIIA.R,Blank Checks
12513,12513,ELE,Gold and Silver Ores
12514,12514,GFR.R,Crude Petroleum & Natural Gas
12515,12515,GLIBR,Telephone Communications (No Radiotelephone)
12516,12516,GMRE$B,Real Estate Investment Trusts
12517,12517,IGACU,BLANK CHECKS
12518,12518,IPEX,Blank Checks
12519,12519,LAFA,Blank Checks
12520,12520,LAFAR,Blank Checks
12521,12521,MBAI,X-Ray Apparatus & Tubes & Related Irradiation Apparatus
12522,12522,OPENL,Real Estate Agents & Managers (For Others)
12523,12523,OPENW,Real Estate Agents & Managers (For Others)
12524,12524,OPENZ,Real Estate Agents & Managers (For Others)
12525,12525,RJET,"Air Transportation, Scheduled"
12526,12526,RNGT,Blank Checks
12527,12527,RNGTW,Blank Checks
12528,12528,RWTQ,Real Estate Investment Trusts
12529,12529,SCIIU,Blank Checks
12530,12530,IPEXR,Blank Checks
12531,12531,IPEXU,Blank Checks
12532,12532,AEAQU,Blank Checks
12533,12533,BFH$A,Personal Credit Institutions
12534,12534,BIXIU,Blank Checks
12535,12535,CITR,Chemicals & Allied Products
12536,12536,DMII,Blank Checks
12537,12537,DMIIR,Blank Checks
12538,12538,EVOX,Blank Checks
12539,12539,EVOXW,Blank Checks
12540,12540,GRDX,Pharmaceutical Preparations
12541,12541,HYNE,"Savings Institutions, Not Federally Chartered"
12542,12542,LFACU,BLANK CHECKS
12543,12543,NWAX.U,Blank Checks
12544,12544,PARK,"Services-Misc Health & Allied Services, NEC"
12545,12545,PURR,Finance Services
12546,12546,RGNT,"Orthopedic, Prosthetic & Surgical Appliances & Supplies"
12547,12547,SAC.U,Blank Checks
12548,12548,SBXE.U,Blank Checks
12549,12549,SMJF,Wholesale-Lumber & Other Construction Materials
12550,12550,AGIG,Crude Petroleum & Natural Gas
12551,12551,AGPU,"Orthopedic, Prosthetic & Surgical Appliances & Supplies"
12552,12552,BLRKU,Blank Checks
12553,12553,CDNL,Heavy Construction Other Than Bldg Const - Contractors
12554,12554,CRAC,Blank Checks
12555,12555,CRACW,Blank Checks
12556,12556,DCX,Motor Vehicles & Passenger Car Bodies
12557,12557,DSACU,Blank Checks
12558,12558,FEED,"Orthopedic, Prosthetic & Surgical Appliances & Supplies"
12559,12559,ITHAU,Blank Checks
12560,12560,JMG,Wholesale-Misc Durable Goods
12561,12561,KBONU,Blank Checks
12562,12562,LMRI,Services-Medical Laboratories
12563,12563,MESHU,Blank Checks
12564,12564,MICC,Ice Cream & Frozen Desserts
12565,12565,TDWD,Blank Checks
12566,12566,TDWDR,Blank Checks
12567,12567,TJGC,Services-Advertising Agencies
12568,12568,TWAV,"Services-Computer Programming, Data Processing, Etc."
12569,12569,XXI,Finance Services
12570,12570,CRACR,Blank Checks
12571,12571,ADACU,Blank Checks
12572,12572,ANDG,"Services-Business Services, NEC"
12573,12573,BEBE.U,Blank Checks
12574,12574,BIXI,Blank Checks
12575,12575,BIXIW,Blank Checks
12576,12576,BPRE,Real Estate Investment Trusts
12577,12577,CCXIU,Blank Checks
12578,12578,CMCSV,Telephone Communications (No Radiotelephone)
12579,12579,CRANU,Blank Checks
12580,12580,DTCX,Services-Computer Processing & Data Preparation
12581,12581,FJET,"Air Transportation, Scheduled"
12582,12582,HAVA,Blank Checks
12583,12583,IRHOU,Blank Checks
12584,12584,LPCVU,Blank Checks
12585,12585,MDLN,Surgical & Medical Instruments & Apparatus
12586,12586,MMTX,Blank Checks
12587,12587,MMTXW,Blank Checks
12588,12588,VHCPU,Blank Checks
12589,12589,VSNTV,Television Broadcasting Stations
12590,12590,HAVAR,Blank Checks
12591,12591,BVC,Investment Advice
12592,12592,HTT,Finance Services
12593,12593,IGACR,Blank Checks
12594,12594,OPLN,Retail-Auto Dealers & Gasoline Stations
12595,12595,SVAQU,Blank Checks
12596,12596,SCPQU,Blank Checks
12597,12597,HTY.V,Investment Offices / Funds
12598,12598,ABXL,Investment Advice
12599,12599,AXIA$C,Electric Services
12600,12600,ORIO,Finance Services
12601,12601,PNFP$A,National Commercial Banks
12602,12602,PNFP$B,National Commercial Banks
12603,12603,PNFP$C,National Commercial Banks
12604,12604,WSTN,Blank Checks
12605,12605,WSTNR,Blank Checks
12606,12606,ALUB,Blank Checks
12607,12607,ALUB.W,Blank Checks
12608,12608,ARTCU,Blank Checks
12609,12609,BBCQU,Blank Checks
12610,12610,BIII.U,Blank Checks
12611,12611,BPACR,Blank Checks
12612,12612,BUDA,Beverages
12613,12613,DCOY,Pharmaceutical Preparations
12614,12614,EMAT,"Miscellaneous Electrical Machinery, Equipment & Supplies"
12615,12615,HELP,Pharmaceutical Preparations
12616,12616,HYT.R,Investment Offices / Funds
12617,12617,KUST,Radio & Tv Broadcasting & Communications Equipment
12618,12618,KYNB,Pharmaceutical Preparations
12619,12619,NGEN,Pharmaceutical Preparations
12620,12620,SORNU,Blank Checks
12621,12621,TWLVR,Blank Checks
12622,12622,VSNT,Television Broadcasting Stations
12623,12623,ZKPU,Blank Checks
12624,12624,ADAMO,Real Estate Investment Trusts
12625,12625,BCTXL,Pharmaceutical Preparations
12626,12626,CRAN,Blank Checks
12627,12627,CRANR,Blank Checks
12628,12628,DFTX,Medicinal Chemicals & Botanical Products
12629,12629,FGIIU,Blank Checks
12630,12630,GCDT,Air-Cond & Warm Air Heatg Equip & Comm & Indl Refrig Equip
12631,12631,IEAGU,Blank Checks
12632,12632,ITOC,Electromedical & Electrotherapeutic Apparatus
12633,12633,JF,"Services-Computer Programming, Data Processing, Etc."
12634,12634,LONA,"Biological Products, (No Diagnostic Substances)"
12635,12635,MRSH,"Insurance Agents, Brokers & Service"
12636,12636,OIMAU,Blank Checks
12637,12637,SRJN,Natural Gas Distribution
12638,12638,TRTN$G,Opeators of  Nonresidential Buildings
12639,12639,VISN,Radio & Tv Broadcasting & Communications Equipment
12640,12640,ALOVU,Blank Checks
12641,12641,ARCIU,Blank Checks
12642,12642,BTGO,Finance Services
12643,12643,EQPT,"Services-Equipment Rental & Leasing, NEC"
12644,12644,GPGI,Finance Services
12645,12645,HLXC,Blank Checks
12646,12646,ITHA,Blank Checks
12647,12647,ITHAW,Blank Checks
12648,12648,LEGO.U,Blank Checks
12649,12649,OLOX,Wholesale-Lumber & Other Construction Materials
12650,12650,PDC,Services-Computer Programming Services
12651,12651,PLSM,Surgical & Medical Instruments & Apparatus
12652,12652,PTORU,Blank Checks
12653,12653,SBXE,Blank Checks
12654,12654,SCII,Blank Checks
12655,12655,SCIIR,Blank Checks
12656,12656,SCZM,Gold and Silver Ores
12657,12657,XCBEU,Blank Checks
12658,12658,SBXE.W,Blank Checks
12659,12659,AEAQ,Blank Checks
12660,12660,AEAQW,Blank Checks
12661,12661,BANXR,Unknown
12662,12662,BBCQ,Blank Checks
12663,12663,BBCQW,Blank Checks
12664,12664,BIII,Blank Checks
12665,12665,BIII.W,Blank Checks
12666,12666,BMM,Metal Mining
12667,12667,EZRA,"Insurance Agents, Brokers & Service"
12668,12668,EZRAW,"Insurance Agents, Brokers & Service"
12669,12669,GIXXU,Blank Checks
12670,12670,GOAI,"Services-Computer Programming, Data Processing, Etc."
12671,12671,HCACR,Blank Checks
12672,12672,KBON,Blank Checks
12673,12673,KBONW,Blank Checks
12674,12674,KRAQU,Blank Checks
12675,12675,KTWOU,Blank Checks
12676,12676,LFACW,BLANK CHECKS
12677,12677,MESH,Blank Checks
12678,12678,MESHW,Blank Checks
12679,12679,MEVOU,Blank Checks
12680,12680,MINE,Metal Mining
12681,12681,MLAAU,Blank Checks
12682,12682,MUZEU,Blank Checks
12683,12683,NBRGU,Blank Checks
12684,12684,NWAX,Blank Checks
12685,12685,NWAX.W,Blank Checks
12686,12686,PICS,PERSONAL CREDIT INSTITUTIONS
12687,12687,PPHC,Services-Management Consulting Services
12688,12688,RITM$F,Real Estate Investment Trusts
12689,12689,SAAQU,Blank Checks
12690,12690,SAC,Blank Checks
12691,12691,SAC.W,Blank Checks
12692,12692,UAC.U,Blank Checks
12693,12693,VHUB,Misc Industrial & Commercial Machinery & Equipment
12694,12694,VTIX,"Computer Peripheral Equipment, NEC"
12695,12695,XSLLU,Blank Checks
12696,12696,YSS,Guided Missiles & Space Vehicles & Parts
12697,12697,ZSTK,"Wholesale-Drugs, Proprietaries & Druggists' Sundries"
12698,12698,DSACW,Blank Checks
12699,12699,NEWTO,National Commercial Banks
12700,12700,AGMB,"Biological Products, (No Diagnostic Substances)"
12701,12701,AMPGR,"Communications Equipment, NEC"
12702,12702,AMPGZ,"Communications Equipment, NEC"
12703,12703,BEBE.W,Blank Checks
12704,12704,BLRK,Blank Checks
12705,12705,BLRKW,Blank Checks
12706,12706,BOBS,Retail-Furniture Stores
12707,12707,C$R,National Commercial Banks
12708,12708,CAQUU,Blank Checks
12709,12709,CEPS,Blank Checks
12710,12710,CMTV,NATIONAL COMMERCIAL BANKS
12711,12711,DCH,Motor Vehicle Parts & Accessories
12712,12712,EIKN,"Biological Products, (No Diagnostic Substances)"
12713,12713,ERNAW,Pharmaceutical Preparations
12714,12714,FITBM,State Commercial Banks
12715,12715,FPS,Electrical Industrial Apparatus
12716,12716,HBANZ,National Commercial Banks
12717,12717,HCICU,BLANK CHECKS
12718,12718,IRAB.U,Blank Checks
12719,12719,IRHO,Blank Checks
12720,12720,IRHOR,Blank Checks
12721,12721,JRI.V,Real Estate Investment Trusts
12722,12722,MANE,Pharmaceutical Preparations
12723,12723,MLCIL,Investment Advice
12724,12724,MPT,Real Estate Investment Trusts
12725,12725,MSLE,Pharmaceutical Preparations
12726,12726,OBAI,"Communications Services, NEC"
12727,12727,OFRM,Food and Kindred Products
12728,12728,PLYX,Pharmaceutical Preparations
12729,12729,RWAYI,Miscellaneous Business Credit Institution
12730,12730,SGP,Surgical & Medical Instruments & Apparatus
12731,12731,SSACU,Blank Checks
12732,12732,TULP,Agricultural Production-Crops
12733,12733,VSECU,Services-Engineering Services
12734,12734,WPAC.U,Blank Checks
12735,12735,ZKP,Blank Checks
12736,12736,ZKPW,Blank Checks
12737,12737,ADAC,Blank Checks
12738,12738,ADACW,Blank Checks
12739,12739,AGBK,"Commercial Banks, NEC"
12740,12740,AIOS,Miscellaneous Fabricated Metal Products
12741,12741,BRAI,Services-Computer Processing & Data Preparation
12742,12742,CCXIW,Blank Checks
12743,12743,CICC,Investment Offices / Funds
12744,12744,CMIIU,Blank Checks
12745,12745,DBCAU,Blank Checks
12746,12746,FCNCN,State Commercial Banks
12747,12747,HACQU,Blank Checks
12748,12748,IACOU,Blank Checks
12749,12749,JAGU,Metal Mining
12750,12750,JRI.R,Real Estate Investment Trusts
12751,12751,LPCV,Blank Checks
12752,12752,LPCVW,Blank Checks
12753,12753,MWH,Heavy Construction Other Than Bldg Const - Contractors
12754,12754,ORCL$D,Services-Prepackaged Software
12755,12755,PAACU,Blank Checks
12756,12756,RPC,Investment Advice
12757,12757,SAV,Investment Offices / Funds
12758,12758,SCPQW,Blank Checks
12759,12759,SVAQ,Blank Checks
12760,12760,SVAQW,Blank Checks
12761,12761,SVIVU,Blank Checks
12762,12762,TMTSU,Blank Checks
12763,12763,VHCPW,Blank Checks
12764,12764,WLIIU,Blank Checks
12765,12765,XFLH.U,Blank Checks
12766,12766,XRXDW,"Computer Peripheral Equipment, NEC"
12767,12767,DFNSW,Services-Management Consulting Services
12768,12768,VHCP,Blank Checks
12769,12769,SCPQ,Blank Checks
